Code,Company,Link,"Market Cap","Last trade",Change,%Change,Sector
ASX:CBA,"Commonwealth Bank (ASX:CBA)",https://www.listcorp.com/asx/cba/commonwealth-bank,"	279535000000",167.35,0.32,0.19,Financials
ASX:BHP,"BHP Group Limited (ASX:BHP)",https://www.listcorp.com/asx/bhp/bhp-group-limited,"	190553000000",38.52,0.98,2.61,Materials
ASX:CSL,"CSL Limited (ASX:CSL)",https://www.listcorp.com/asx/csl/csl-limited,"	115877000000",236.05,-3.25,-1.36,"Health Care"
ASX:NAB,"National Australia Bank Limited (ASX:NAB)",https://www.listcorp.com/asx/nab/national-australia-bank-limited,"	111874000000",35.635,-0.89,-2.45,Financials
ASX:WBC,"Westpac Banking Corp (ASX:WBC)",https://www.listcorp.com/asx/wbc/westpac,"	106838000000",31.205,-0.01,-0.02,Financials
ASX:WES,"Wesfarmers Limited (ASX:WES)",https://www.listcorp.com/asx/wes/wesfarmers-limited,"	91016600000",79.6,-0.64,-0.8,"Consumer Discretionary"
ASX:ANZ,"ANZ Group Holdings Limited (ASX:ANZ)",https://www.listcorp.com/asx/anz/anz-group-holdings-limited,"	86110200000",29.11,0.13,0.45,Financials
ASX:MQG,"Macquarie Group Limited (ASX:MQG)",https://www.listcorp.com/asx/mqg/macquarie-group-limited,"	77489300000",208.265,4.96,2.44,Financials
ASX:GMG,"Goodman Group (ASX:GMG)",https://www.listcorp.com/asx/gmg/goodman-group,"	63676600000",32.035,0.69,2.19,"Real Estate"
ASX:TLS,"Telstra Group Limited (ASX:TLS)",https://www.listcorp.com/asx/tls/telstra-group-limited,"	52702900000",4.59,-0.02,-0.43,"Communication Services"
ASX:FMG,"Fortescue Ltd (ASX:FMG)",https://www.listcorp.com/asx/fmg/fortescue-ltd,"	49140300000",16.155,0.19,1.22,Materials
ASX:TCL,"Transurban Group (ASX:TCL)",https://www.listcorp.com/asx/tcl/transurban-group,"	44636300000",14.21,-0.15,-1.04,Industrials
ASX:RIO,"Rio Tinto (ASX:RIO)",https://www.listcorp.com/asx/rio/rio-tinto,"	42682400000",117.9,2.92,2.54,Materials
ASX:ALL,"Aristocrat Leisure Limited (ASX:ALL)",https://www.listcorp.com/asx/all/aristocrat-leisure-limited,"	41726300000",67.07,0.36,0.54,"Consumer Discretionary"
ASX:WOW,"Woolworths Group Limited (ASX:WOW)",https://www.listcorp.com/asx/wow/woolworths-group,"	40630200000",32.86,-0.40,-1.2,"Consumer Staples"
ASX:WDS,"Woodside Energy Group Ltd (ASX:WDS)",https://www.listcorp.com/asx/wds/woodside-energy-group,"	38734500000",20.81,0.41,2.01,Energy
ASX:SIG,"Sigma Healthcare Limited (ASX:SIG)",https://www.listcorp.com/asx/sig/sigma-healthcare-limited,"	34862000000",3.06,0.04,1.32,"Health Care"
ASX:QBE,"QBE Insurance Group Limited (ASX:QBE)",https://www.listcorp.com/asx/qbe/qbe-insurance-group-limited,"	34111200000",22.36,-0.23,-1.02,Financials
ASX:REA,"REA Group Ltd (ASX:REA)",https://www.listcorp.com/asx/rea/rea-group,"	32364800000",242.35,-2.62,-1.07,"Communication Services"
ASX:WTC,"WiseTech Global Limited (ASX:WTC)",https://www.listcorp.com/asx/wtc/wisetech-global-limited,"	32194100000",97.58,1.37,1.42,"Information Technology"
ASX:COL,"Coles Group Limited (ASX:COL)",https://www.listcorp.com/asx/col/coles-group-limited,"	30152500000",22.29,-0.19,-0.85,"Consumer Staples"
ASX:BXB,"Brambles Limited (ASX:BXB)",https://www.listcorp.com/asx/bxb/brambles-limited,"	28908000000",21.42,0.32,1.52,Industrials
ASX:NST,"Northern Star Resources Limited (ASX:NST)",https://www.listcorp.com/asx/nst/northern-star-resources-limited,"	28279900000",19.15,-0.62,-3.14,Materials
ASX:XRO,"Xero Limited (ASX:XRO)",https://www.listcorp.com/asx/xro/xero-limited,"	26485200000",172.21,-0.21,-0.12,"Information Technology"
ASX:PME,"Pro Medicus Limited (ASX:PME)",https://www.listcorp.com/asx/pme/pro-medicus,"	26289100000",253.85,2.19,0.87,"Health Care"
ASX:CPU,"Computershare Limited (ASX:CPU)",https://www.listcorp.com/asx/cpu/computershare-limited,"	23028100000",39.52,0.02,0.05,Industrials
ASX:RMD,"ResMed Inc (ASX:RMD)",https://www.listcorp.com/asx/rmd/resmed-inc,"	22290800000",38.24,0.05,0.13,"Health Care"
ASX:SUN,"Suncorp Group Limited (ASX:SUN)",https://www.listcorp.com/asx/sun/suncorp-group-limited,"	22276600000",20.35,-0.22,-1.07,Financials
ASX:SGH,"SGH Limited (ASX:SGH)",https://www.listcorp.com/asx/sgh/sgh-limited,"	20557500000",51.31,0.80,1.58,Industrials
ASX:IAG,"Insurance Australia Group Limited (ASX:IAG)",https://www.listcorp.com/asx/iag/insurance-australia-group-limited,"	20104900000",8.475,-0.02,-0.29,Financials
ASX:STO,"Santos Limited (ASX:STO)",https://www.listcorp.com/asx/sto/santos-limited,"	19681500000",6.265,0.20,3.38,Energy
ASX:VAS,"Vanguard Australian Shares Index ETF (ASX:VAS)",https://www.listcorp.com/asx/vas/vanguard-australian-shares-index-etf,"	19562500000",102.3,0.26,0.25,Unclassified
ASX:FPH,"Fisher & Paykel Healthcare Corporation Limited (ASX:FPH)",https://www.listcorp.com/asx/fph/fisher-and-paykel-healthcare-corporation-limited,"	19557500000",32.45,-0.91,-2.73,"Health Care"
ASX:SCG,"Scentre Group Limited (ASX:SCG)",https://www.listcorp.com/asx/scg/scentre-group-limited,"	19324100000",3.665,-0.04,-1.21,"Real Estate"
ASX:ORG,"Origin Energy Limited (ASX:ORG)",https://www.listcorp.com/asx/org/origin-energy-limited,"	19001900000",10.945,-0.08,-0.77,Utilities
ASX:COH,"Cochlear Limited (ASX:COH)",https://www.listcorp.com/asx/coh/cochlear-limited,"	17497000000",265.76,-1.79,-0.67,"Health Care"
ASX:EVN,"Evolution Mining Limited (ASX:EVN)",https://www.listcorp.com/asx/evn/evolution-mining-limited,"	17280500000",8.325,-0.30,-3.53,Materials
ASX:JHX,"James Hardie Industries plc (ASX:JHX)",https://www.listcorp.com/asx/jhx/james-hardie-industries-plc,"	16330200000",38.51,0.52,1.37,Materials
ASX:QAN,"Qantas Airways Limited (ASX:QAN)",https://www.listcorp.com/asx/qan/qantas-airways-limited,"	14920100000",9.83,-0.03,-0.3,Industrials
ASX:ASX,"ASX Limited (ASX:ASX)",https://www.listcorp.com/asx/asx/asx-limited,"	14319900000",72.42,-1.28,-1.74,Financials
ASX:SOL,"Washington H. Soul Pattinson and Company Limited (ASX:SOL)",https://www.listcorp.com/asx/sol/washington-h.-soul-pattinson-and-company-limited,"	13731400000",37.49,0.15,0.4,Financials
ASX:SGP,"Stockland (ASX:SGP)",https://www.listcorp.com/asx/sgp/stockland,"	13463000000",5.625,0.02,0.27,"Real Estate"
ASX:CAR,"CAR Group Limited (ASX:CAR)",https://www.listcorp.com/asx/car/car-group-limited,"	13262300000",35.34,0.24,0.68,"Communication Services"
ASX:MPL,"Medibank Private Limited (ASX:MPL)",https://www.listcorp.com/asx/mpl/medibank-private-limited,"	12971400000",4.75,0.04,0.85,Financials
ASX:SHL,"Sonic Healthcare Limited (ASX:SHL)",https://www.listcorp.com/asx/shl/sonic-healthcare,"	12874800000",26.48,-0.32,-1.19,"Health Care"
ASX:S32,"South32 Limited (ASX:S32)",https://www.listcorp.com/asx/s32/south32-limited,"	12578700000",2.875,0.09,3.05,Materials
ASX:AIA,"Auckland International Airport Limited (ASX:AIA)",https://www.listcorp.com/asx/aia/auckland-international-airport-limited,"	12221900000",7.265,0.03,0.35,Industrials
ASX:TLC,"The Lottery Corporation Limited (ASX:TLC)",https://www.listcorp.com/asx/tlc/the-lottery-corporation-limited,"	11774300000",5.275,-0.01,-0.28,"Consumer Discretionary"
ASX:JBH,"JB Hi-Fi Limited (ASX:JBH)",https://www.listcorp.com/asx/jbh/jb-hi-fi-limited,"	11397000000",103.39,-0.85,-0.82,"Consumer Discretionary"
ASX:APA,"APA Group (ASX:APA)",https://www.listcorp.com/asx/apa/apa-group,"	11231600000",8.46,-0.15,-1.74,Utilities
ASX:VCX,"Vicinity Centres (ASX:VCX)",https://www.listcorp.com/asx/vcx/vicinity-centres,"	11179100000",2.415,-0.04,-1.43,"Real Estate"
ASX:VGS,"Vanguard MSCI Index International Shares ETF (ASX:VGS)",https://www.listcorp.com/asx/vgs/vanguard-msci-index-international-shares-etf,"	10713600000",135.29,0.79,0.59,Unclassified
ASX:TNE,"Technology One Limited (ASX:TNE)",https://www.listcorp.com/asx/tne/technology-one-limited,"	10482300000",31.72,-0.30,-0.94,"Information Technology"
ASX:REH,"Reece Limited (ASX:REH)",https://www.listcorp.com/asx/reh/reece-limited,"	10464900000",16.58,0.38,2.35,Industrials
ASX:IVV,"iShares S&P 500 ETF (ASX:IVV)",https://www.listcorp.com/asx/ivv/ishares-s-and-p-500-etf,"	10301100000",59.47,0.51,0.86,Unclassified
ASX:IFT,"Infratil Limited (ASX:IFT)",https://www.listcorp.com/asx/ift/infratil-limited,"	10290800000",10.76,0.13,1.22,Financials
ASX:BSL,"BlueScope Steel Limited (ASX:BSL)",https://www.listcorp.com/asx/bsl/bluescope-steel-limited,"	10101200000",23.22,0.19,0.83,Materials
ASX:TPG,"TPG Telecom Limited (ASX:TPG)",https://www.listcorp.com/asx/tpg/tpg-telecom-limited,"	9668580000",5.21,0.01,0.19,"Communication Services"
ASX:NEM,"Newmont Corporation (ASX:NEM)",https://www.listcorp.com/asx/nem/newmont-corporation,"	9255700000",80.91,-2.61,-3.13,Materials
ASX:MGR,"Mirvac Group (ASX:MGR)",https://www.listcorp.com/asx/mgr/mirvac-group,"	9233310000",2.36,0.02,0.85,"Real Estate"
ASX:GPT,"The GPT Group (ASX:GPT)",https://www.listcorp.com/asx/gpt/gpt-group,"	9194770000",4.71,-0.09,-1.88,"Real Estate"
ASX:AMC,"Amcor Limited (ASX:AMC)",https://www.listcorp.com/asx/amc/amcor-limited,"	9166070000",14.23,-0.07,-0.49,Materials
ASX:TLX,"Telix Pharmaceuticals Limited (ASX:TLX)",https://www.listcorp.com/asx/tlx/telix-pharmaceuticals-limited,"	9057590000",24.29,-2.51,-9.37,"Health Care"
ASX:ORI,"Orica Limited (ASX:ORI)",https://www.listcorp.com/asx/ori/orica-limited,"	8913820000",18.055,-0.23,-1.28,Materials
ASX:AFI,"Australian Foundation Investment Company Limited (ASX:AFI)",https://www.listcorp.com/asx/afi/australian-foundation-investment-company-limited,"	8903820000",7.11,0.01,0.14,Financials
ASX:NXT,"NEXTDC Limited (ASX:NXT)",https://www.listcorp.com/asx/nxt/nextdc-limited,"	8690450000",13.69,0.12,0.88,"Information Technology"
ASX:ALQ,"ALS Limited (ASX:ALQ)",https://www.listcorp.com/asx/alq/als-limited,"	8664700000",17.705,-0.16,-0.92,Industrials
ASX:CHC,"Charter Hall Group (ASX:CHC)",https://www.listcorp.com/asx/chc/charter-hall-group,"	8599090000",18.08,-0.10,-0.55,"Real Estate"
ASX:RHC,"Ramsay Health Care Limited (ASX:RHC)",https://www.listcorp.com/asx/rhc/ramsay-health-care-limited,"	8466840000",36.33,-0.35,-0.95,"Health Care"
ASX:DXS,"Dexus (ASX:DXS)",https://www.listcorp.com/asx/dxs/dexus,"	8174300000",7.52,-0.08,-1.05,"Real Estate"
ASX:MCY,"Mercury NZ Limited (ASX:MCY)",https://www.listcorp.com/asx/mcy/mercury-nz-limited,"	7949350000",5.52,-0.13,-2.3,Utilities
ASX:SEK,"SEEK Limited (ASX:SEK)",https://www.listcorp.com/asx/sek/seek-limited,"	7685910000",21.63,0.09,0.42,"Communication Services"
ASX:ALX,"Atlas Arteria (ASX:ALX)",https://www.listcorp.com/asx/alx/atlas-arteria,"	7558840000",5.235,0.03,0.48,Industrials
ASX:EDV,"Endeavour Group Limited (ASX:EDV)",https://www.listcorp.com/asx/edv/endeavour-group-limited,"	7504210000",4.18,-0.01,-0.24,"Consumer Staples"
ASX:AGL,"AGL Energy Limited (ASX:AGL)",https://www.listcorp.com/asx/agl/agl-energy-limited,"	7433860000",10.995,-0.06,-0.5,Utilities
ASX:QUB,"Qube Holdings Limited (ASX:QUB)",https://www.listcorp.com/asx/qub/qube-holdings-limited,"	7411740000",4.25,0.06,1.43,Industrials
ASX:MGOC,"Magellan Global Fund (Open Class) (Managed Fund) (ASX:MGOC)",https://www.listcorp.com/asx/mgoc/magellan-global-fund-open-class-managed-fund,"	7357770000",3.1,-0.01,-0.32,Unclassified
ASX:TWE,"Treasury Wine Estates Limited (ASX:TWE)",https://www.listcorp.com/asx/twe/treasury-wine-estates-limited,"	7319070000",8.97,-0.05,-0.55,"Consumer Staples"
ASX:EBO,"EBOS Group Limited (ASX:EBO)",https://www.listcorp.com/asx/ebo/ebos-group-limited,"	7246880000",35.89,-0.05,-0.14,"Health Care"
ASX:LYC,"Lynas Rare Earths Limited (ASX:LYC)",https://www.listcorp.com/asx/lyc/lynas-rare-earths-limited,"	7202940000",7.62,-0.08,-1.04,Materials
ASX:A200,"BetaShares Australia 200 ETF (ASX:A200)",https://www.listcorp.com/asx/a200/betashares-australia-200-etf,"	7191890000",137.94,0.34,0.25,Unclassified
ASX:NWL,"Netwealth Group Limited (ASX:NWL)",https://www.listcorp.com/asx/nwl/netwealth-group-limited,"	7110360000",28.85,-0.18,-0.62,Financials
ASX:IOZ,"iShares Core S&P/ASX 200 ETF (ASX:IOZ)",https://www.listcorp.com/asx/ioz/ishares-core-s-and-p-asx-200-etf,"	6931680000",33.27,0.07,0.21,Unclassified
ASX:QUAL,"VanEck MSCI International Quality ETF (ASX:QUAL)",https://www.listcorp.com/asx/qual/vaneck-msci-international-quality-etf,"	6902320000",55.89,0.17,0.31,Unclassified
ASX:MEZ,"Meridian Energy Limited (ASX:MEZ)",https://www.listcorp.com/asx/mez/meridian-energy-limited,"	6757050000",5.43,0.13,2.45,Utilities
ASX:HVN,"Harvey Norman Holdings Limited (ASX:HVN)",https://www.listcorp.com/asx/hvn/harvey-norman-holdings-limited,"	6740900000",5.37,-0.04,-0.74,"Consumer Discretionary"
ASX:GQG,"GQG Partners Inc. (ASX:GQG)",https://www.listcorp.com/asx/gqg/gqg-partners,"	6678960000",2.415,0.16,6.86,Financials
ASX:ARG,"Argo Investments Limited (ASX:ARG)",https://www.listcorp.com/asx/arg/argo-investments-limited,"	6678500000",8.8,0.05,0.57,Financials
ASX:BEN,"Bendigo and Adelaide Bank Limited (ASX:BEN)",https://www.listcorp.com/asx/ben/bendigo-and-adelaide-bank-limited,"	6656690000",11.74,0.02,0.17,Financials
ASX:WOR,"Worley Limited (ASX:WOR)",https://www.listcorp.com/asx/wor/worley-limited,"	6650860000",12.72,0.15,1.19,Industrials
ASX:YAL,"Yancoal Australia Ltd (ASX:YAL)",https://www.listcorp.com/asx/yal/yancoal-australia-ltd,"	6615400000",4.97,-0.04,-0.8,Energy
ASX:SDF,"Steadfast Group Limited (ASX:SDF)",https://www.listcorp.com/asx/sdf/steadfast-group,"	6593490000",5.925,-0.04,-0.59,Financials
ASX:HUB,"HUB24 Limited (ASX:HUB)",https://www.listcorp.com/asx/hub/hub24-limited,"	6419150000",79.28,0.20,0.25,Financials
ASX:ALD,"Ampol Limited (ASX:ALD)",https://www.listcorp.com/asx/ald/ampol-limited,"	6112450000",25.96,0.31,1.21,Energy
ASX:A2M,"The A2 Milk Company Limited (ASX:A2M)",https://www.listcorp.com/asx/a2m/the-a2-milk-company,"	6074520000",8.315,-0.07,-0.89,"Consumer Staples"
ASX:CWY,"Cleanaway Waste Management Limited (ASX:CWY)",https://www.listcorp.com/asx/cwy/cleanaway-waste-management-limited,"	6004060000",2.705,0.02,0.56,Industrials
ASX:NDQ,"BetaShares NASDAQ 100 ETF (ASX:NDQ)",https://www.listcorp.com/asx/ndq/betashares-nasdaq-100-etf,"	5936630000",47.28,0.59,1.26,Unclassified
ASX:STW,"SPDR S&P/ASX 200 Fund (ASX:STW)",https://www.listcorp.com/asx/stw/spdr-s-and-p-asx-200-fund,"	5779390000",74.46,0.16,0.22,Unclassified
ASX:DACE,"Dimensional Australian Core Equity Trust (Managed Fund) (ASX:DACE)",https://www.listcorp.com/asx/dace/dimensional-australian-core-equity-trust-managed-fund,"	5656540000",16.79,0.06,0.36,Unclassified
ASX:AZJ,"Aurizon Holdings Limited (ASX:AZJ)",https://www.listcorp.com/asx/azj/aurizon-holdings-limited,"	5284240000",3.015,0.03,1.17,Industrials
ASX:VTS,"Vanguard US Total Market Shares Index ETF (ASX:VTS)",https://www.listcorp.com/asx/vts/vanguard-us-total-market-shares-index-etf,"	5205270000",438.82,3.70,0.85,Unclassified
ASX:APE,"Eagers Automotive Limited (ASX:APE)",https://www.listcorp.com/asx/ape/eagers-automotive-limited,"	5011800000",19.03,-0.39,-2.01,"Consumer Discretionary"
ASX:BOQ,"Bank of Queensland Limited (ASX:BOQ)",https://www.listcorp.com/asx/boq/bank-of-queensland-limited,"	5000710000",7.55,-0.01,-0.13,Financials
ASX:CGF,"Challenger Limited (ASX:CGF)",https://www.listcorp.com/asx/cgf/challenger-limited,"	4964220000",7.17,-0.01,-0.14,Financials
ASX:PRU,"Perseus Mining Limited (ASX:PRU)",https://www.listcorp.com/asx/pru/perseus-mining-limited,"	4929150000",3.56,-0.05,-1.39,Materials
ASX:GMD,"Genesis Minerals Limited (ASX:GMD)",https://www.listcorp.com/asx/gmd/genesis-minerals-limited,"	4925460000",4.11,-0.25,-5.73,Materials
ASX:DNL,"Dyno Nobel Limited (ASX:DNL)",https://www.listcorp.com/asx/dnl/dyno-nobel-limited,"	4790200000",2.625,0.05,2.14,Materials
ASX:VGAD,"Vanguard MSCI Index International Shares (Hedged) ETF (ASX:VGAD)",https://www.listcorp.com/asx/vgad/vanguard-msci-index-international-shares-hedged-etf,"	4745590000",104.92,1.11,1.07,Unclassified
ASX:PLS,"Pilbara Minerals Limited (ASX:PLS)",https://www.listcorp.com/asx/pls/pilbara-minerals-limited,"	4730360000",1.53,0.06,4.08,Materials
ASX:SFR,"Sandfire Resources Limited (ASX:SFR)",https://www.listcorp.com/asx/sfr/sandfire-resources-limited,"	4705490000",10.49,0.24,2.34,Materials
ASX:VHY,"Vanguard Australian Shares High Yield ETF (ASX:VHY)",https://www.listcorp.com/asx/vhy/vanguard-australian-shares-high-yield-etf,"	4677390000",73,0.40,0.55,Unclassified
ASX:ANN,"Ansell Limited (ASX:ANN)",https://www.listcorp.com/asx/ann/ansell-limited,"	4657100000",31.655,-0.26,-0.8,"Health Care"
ASX:PNI,"Pinnacle Investment Management Group Limited (ASX:PNI)",https://www.listcorp.com/asx/pni/pinnacle-investment-management-group-limited,"	4422600000",19.49,-0.01,-0.05,Financials
ASX:AAA,"BetaShares Australian High Interest Cash ETF (ASX:AAA)",https://www.listcorp.com/asx/aaa/betashares-australian-high-interest-cash-etf,"	4338330000",50.16,0.00,0,Unclassified
ASX:DGCE,"Dimensional Global Core Equity Trust (Managed Fund)  Unhedged Class (ASX:DGCE)",https://www.listcorp.com/asx/dgce/dimensional-global-core-equity-trust-managed-fund-unhedged-class,"	4333310000",27.33,0.32,1.18,Unclassified
ASX:WHC,"Whitehaven Coal Limited (ASX:WHC)",https://www.listcorp.com/asx/whc/whitehaven-coal,"	4316860000",5.24,0.08,1.55,Energy
ASX:BRG,"Breville Group Limited (ASX:BRG)",https://www.listcorp.com/asx/brg/breville-group-limited,"	4257820000",30.85,1.27,4.29,"Consumer Discretionary"
ASX:IOO,"iShares Global 100 ETF (ASX:IOO)",https://www.listcorp.com/asx/ioo/ishares-global-100-etf,"	4195140000",152.42,1.39,0.92,Unclassified
ASX:CMM,"Capricorn Metals Ltd (ASX:CMM)",https://www.listcorp.com/asx/cmm/capricorn-metals-ltd,"	4188430000",9.375,-0.35,-3.55,Materials
ASX:BKW,"Brickworks Limited (ASX:BKW)",https://www.listcorp.com/asx/bkw/brickworks-limited,"	4172340000",27.72,0.44,1.61,Materials
ASX:XYZ,"Block Inc. (ASX:XYZ)",https://www.listcorp.com/asx/xyz/block-inc,"	4168490000",80.03,2.07,2.66,Financials
ASX:MIN,"Mineral Resources Limited (ASX:MIN)",https://www.listcorp.com/asx/min/mineral-resources-limited,"	4138680000",22.88,1.82,8.64,Materials
ASX:DOW,"Downer EDI Limited (ASX:DOW)",https://www.listcorp.com/asx/dow/downer-edi-limited,"	4110030000",6.145,0.03,0.41,Industrials
ASX:360,"Life360, Inc. (ASX:360)",https://www.listcorp.com/asx/360/life360-inc.,"	4103180000",23.835,0.25,1.08,"Information Technology"
ASX:LNW,"Light & Wonder Inc (ASX:LNW)",https://www.listcorp.com/asx/lnw/light-and-wonder-inc,"	4022800000",132.03,5.69,4.5,"Consumer Discretionary"
ASX:VNT,"Ventia Services Group Limited (ASX:VNT)",https://www.listcorp.com/asx/vnt/ventia-services-group-limited,"	3918440000",4.64,0.00,0,Industrials
ASX:AUB,"AUB Group Limited (ASX:AUB)",https://www.listcorp.com/asx/aub/aub-group-limited,"	3909180000",33.9,0.37,1.1,Financials
ASX:VEU,"Vanguard All-World Ex-US Shares Index ETF (ASX:VEU)",https://www.listcorp.com/asx/veu/vanguard-all-world-ex-us-shares-index-etf,"	3898940000",99.22,0.30,0.3,Unclassified
ASX:SPK,"Spark New Zealand Limited (ASX:SPK)",https://www.listcorp.com/asx/spk/spark-new-zealand-limited,"	3816430000",2.03,0.01,0.5,"Communication Services"
ASX:LLC,"Lendlease Group (ASX:LLC)",https://www.listcorp.com/asx/llc/lendlease-group,"	3733940000",5.465,0.06,1.02,"Real Estate"
ASX:RRL,"Regis Resources Limited (ASX:RRL)",https://www.listcorp.com/asx/rrl/regis-resources-limited,"	3664070000",4.685,-0.16,-3.4,Materials
ASX:MTS,"Metcash Limited (ASX:MTS)",https://www.listcorp.com/asx/mts/metcash-limited,"	3647290000",3.34,0.02,0.6,"Consumer Staples"
ASX:ETHI,"BetaShares Global Sustainability Leaders ETF (ASX:ETHI)",https://www.listcorp.com/asx/ethi/betashares-global-sustainability-leaders-etf,"	3597680000",15.43,0.09,0.59,Unclassified
ASX:BFL,"BSP Financial Group Limited (ASX:BFL)",https://www.listcorp.com/asx/bfl/bsp-financial-group-limited,"	3569560000",7.7,0.06,0.79,Financials
ASX:GOR,"Gold Road Resources Limited (ASX:GOR)",https://www.listcorp.com/asx/gor/gold-road-resources,"	3563390000",3.275,-0.00,-0.15,Materials
ASX:PMV,"Premier Investments Limited (ASX:PMV)",https://www.listcorp.com/asx/pmv/premier-investments-limited,"	3453410000",21.2,-0.40,-1.85,"Consumer Discretionary"
ASX:RWC,"Reliance Worldwide Corporation Limited (ASX:RWC)",https://www.listcorp.com/asx/rwc/reliance-worldwide-corporation-limited,"	3426780000",4.555,0.12,2.82,Industrials
ASX:NHF,"NIB Holdings Limited (ASX:NHF)",https://www.listcorp.com/asx/nhf/nib-holdings-limited,"	3360420000",6.91,0.01,0.14,Financials
ASX:RMS,"Ramelius Resources Limited (ASX:RMS)",https://www.listcorp.com/asx/rms/ramelius-resources,"	3326170000",2.715,-0.15,-5.4,Materials
ASX:GYG,"Guzman y Gomez Limited (ASX:GYG)",https://www.listcorp.com/asx/gyg/guzman-y-gomez-limited,"	3318230000",32.485,0.16,0.51,"Consumer Discretionary"
ASX:FBU,"Fletcher Building Limited (ASX:FBU)",https://www.listcorp.com/asx/fbu/fletcher-building-limited,"	3310680000",3.13,0.05,1.62,Industrials
ASX:CNU,"Chorus Limited (ASX:CNU)",https://www.listcorp.com/asx/cnu/chorus-limited,"	3297540000",7.64,0.04,0.53,"Communication Services"
ASX:HYGG,"Hyperion Global Growth Companies Fund (Managed Fund) (ASX:HYGG)",https://www.listcorp.com/asx/hygg/hyperion-global-growth-companies-fund-managed-fund,"	3281420000",6.6,0.15,2.33,Unclassified
ASX:AMP,"AMP Limited (ASX:AMP)",https://www.listcorp.com/asx/amp/amp-limited,"	3278600000",1.3,0.01,0.39,Financials
ASX:NSR,"National Storage REIT (ASX:NSR)",https://www.listcorp.com/asx/nsr/national-storage-reit,"	3269880000",2.35,0.00,0,"Real Estate"
ASX:NHC,"New Hope Corporation Limited (ASX:NHC)",https://www.listcorp.com/asx/nhc/new-hope-corporation-limited,"	3220730000",3.875,0.07,1.71,Energy
ASX:VAU,"Vault Minerals Limited (ASX:VAU)",https://www.listcorp.com/asx/vau/vault-minerals-limited,"	3197160000",0.4475,-0.02,-4.79,Materials
ASX:SUL,"Super Retail Group Limited (ASX:SUL)",https://www.listcorp.com/asx/sul/super-retail-group-limited,"	3193190000",14.17,0.03,0.21,"Consumer Discretionary"
ASX:IGO,"IGO Limited (ASX:IGO)",https://www.listcorp.com/asx/igo/igo-limited,"	3142660000",4.36,0.21,5.06,Materials
ASX:VAP,"Vanguard Australian Property Securities Index ETF (ASX:VAP)",https://www.listcorp.com/asx/vap/vanguard-australian-property-securities-index-etf,"	3083660000",97.23,0.41,0.42,Unclassified
ASX:DFGH,"Dimensional Global Core Equity Trust (Managed Fund)  AUD Hedged Class (ASX:DFGH)",https://www.listcorp.com/asx/dfgh/dimensional-global-core-equity-trust-managed-fund-aud-hedged-class,"	3067990000",34.56,0.28,0.82,Unclassified
ASX:CDA,"Codan Limited (ASX:CDA)",https://www.listcorp.com/asx/cda/codan-limited,"	3061280000",16.665,-0.20,-1.16,"Information Technology"
ASX:EMR,"Emerald Resources NL (ASX:EMR)",https://www.listcorp.com/asx/emr/emerald-resources-nl,"	3010970000",4.45,-0.13,-2.84,Materials
ASX:IAF,"iShares Core Composite Bond ETF (ASX:IAF)",https://www.listcorp.com/asx/iaf/ishares-core-composite-bond-etf,"	2994690000",102.73,-0.19,-0.18,Unclassified
ASX:SGM,"Sims Limited (ASX:SGM)",https://www.listcorp.com/asx/sgm/sims-limited,"	2979390000",15.31,-0.11,-0.71,Materials
ASX:VEA,"Viva Energy Group Limited (ASX:VEA)",https://www.listcorp.com/asx/vea/viva-energy-group-limited,"	2971150000",1.8525,0.01,0.68,Energy
ASX:LOV,"Lovisa Holdings Limited (ASX:LOV)",https://www.listcorp.com/asx/lov/lovisa-holdings-limited,"	2930640000",27.36,0.89,3.36,"Consumer Discretionary"
ASX:WAF,"West African Resources Limited (ASX:WAF)",https://www.listcorp.com/asx/waf/west-african-resources,"	2860910000",2.425,-0.09,-3.39,Materials
ASX:CLW,"Charter Hall Long WALE REIT (ASX:CLW)",https://www.listcorp.com/asx/clw/charter-hall-long-wale-reit,"	2854890000",4.01,-0.01,-0.25,"Real Estate"
ASX:SPR,"Spartan Resources Limited (ASX:SPR)",https://www.listcorp.com/asx/spr/spartan-resources-limited,"	2845080000",2.105,-0.11,-5.18,Materials
ASX:VDHG,"Vanguard Diversified High Growth Index ETF (ASX:VDHG)",https://www.listcorp.com/asx/vdhg/vanguard-diversified-high-growth-index-etf,"	2834830000",67.51,0.35,0.52,Unclassified
ASX:FLT,"Flight Centre Travel Group Limited (ASX:FLT)",https://www.listcorp.com/asx/flt/flight-centre-travel-group-limited,"	2834520000",13.045,0.28,2.23,"Consumer Discretionary"
ASX:MVW,"Vaneck Vectors Australian Equal Weight ETF (ASX:MVW)",https://www.listcorp.com/asx/mvw/vaneck-vectors-australian-equal-weight-etf,"	2788840000",38.54,0.05,0.13,Unclassified
ASX:RGN,"Region Group (ASX:RGN)",https://www.listcorp.com/asx/rgn/region-group,"	2779210000",2.365,-0.03,-1.05,"Real Estate"
ASX:BPT,"Beach Energy Limited (ASX:BPT)",https://www.listcorp.com/asx/bpt/beach-energy-limited,"	2771820000",1.265,0.05,4.12,Energy
ASX:DHG,"Domain Holdings Australia Limited (ASX:DHG)",https://www.listcorp.com/asx/dhg/domain-holdings-australia-limited,"	2766660000",4.375,-0.00,-0.11,"Communication Services"
ASX:TUA,"Tuas Limited (ASX:TUA)",https://www.listcorp.com/asx/tua/tuas-limited,"	2765120000",5.91,0.00,0,"Communication Services"
ASX:WGX,"Westgold Resources Limited (ASX:WGX)",https://www.listcorp.com/asx/wgx/westgold-resources-limited,"	2744450000",2.835,-0.08,-2.58,Materials
ASX:HDN,"HomeCo Daily Needs REIT (ASX:HDN)",https://www.listcorp.com/asx/hdn/homeco-daily-needs-reit,"	2710630000",1.285,-0.01,-1.15,"Real Estate"
ASX:NIC,"Nickel Industries Limited (ASX:NIC)",https://www.listcorp.com/asx/nic/nickel-industries-limited,"	2690760000",0.6275,0.01,1.21,Materials
ASX:IEL,"IDP Education Limited (ASX:IEL)",https://www.listcorp.com/asx/iel/idp-education-limited,"	2680380000",9.885,0.26,2.65,"Consumer Discretionary"
ASX:IFL,"Insignia Financial Ltd (ASX:IFL)",https://www.listcorp.com/asx/ifl/insignia-financial-ltd,"	2662780000",3.945,-0.03,-0.63,Financials
ASX:VBND,"Vanguard Global Aggregate Bond Index (Hedged) ETF (ASX:VBND)",https://www.listcorp.com/asx/vbnd/vanguard-global-aggregate-bond-index-hedged-etf,"	2644700000",41.91,-0.07,-0.17,Unclassified
ASX:BWP,"BWP Trust (ASX:BWP)",https://www.listcorp.com/asx/bwp/bwp-trust,"	2639990000",3.68,-0.02,-0.54,"Real Estate"
ASX:VAF,"Vanguard Australian Fixed Interest Index ETF (ASX:VAF)",https://www.listcorp.com/asx/vaf/vanguard-australian-fixed-interest-index-etf,"	2590250000",46.25,-0.11,-0.24,Unclassified
ASX:ARB,"ARB Corporation Limited (ASX:ARB)",https://www.listcorp.com/asx/arb/arb-corporation-limited,"	2575560000",31.69,0.72,2.32,"Consumer Discretionary"
ASX:PDN,"Paladin Energy Limited (ASX:PDN)",https://www.listcorp.com/asx/pdn/paladin-energy,"	2541380000",6.515,0.15,2.28,Energy
ASX:SNZ,"Summerset Group Holdings Limited (ASX:SNZ)",https://www.listcorp.com/asx/snz/summerset-group-holdings-limited,"	2534590000",10.52,0.00,0,"Health Care"
ASX:NEC,"Nine Entertainment Co. Holdings Limited (ASX:NEC)",https://www.listcorp.com/asx/nec/nine-entertainment-co-holdings-limited,"	2505500000",1.5475,-0.03,-2.06,"Communication Services"
ASX:ORA,"Orora Group Limited (ASX:ORA)",https://www.listcorp.com/asx/ora/orora-group-limited,"	2465480000",1.905,0.00,0,Materials
ASX:EVT,"EVT Limited (ASX:EVT)",https://www.listcorp.com/asx/evt/evt-limited,"	2441090000",14.81,-0.21,-1.4,"Communication Services"
ASX:ZIP,"Zip Co Limited (ASX:ZIP)",https://www.listcorp.com/asx/zip/zip-co-limited,"	2434930000",1.83,-0.04,-1.88,Financials
ASX:IHVV,"iShares S&P 500 (AUD Hedged) ETF (ASX:IHVV)",https://www.listcorp.com/asx/ihvv/ishares-s-and-p-500-aud-hedged-etf,"	2405090000",52.73,0.63,1.21,Unclassified
ASX:CIA,"Champion Iron Limited (ASX:CIA)",https://www.listcorp.com/asx/cia/champion-iron-limited,"	2399500000",4.695,0.06,1.4,Materials
ASX:MFF,"MFF Capital Investments Limited (ASX:MFF)",https://www.listcorp.com/asx/mff/mff-capital-investments,"	2388290000",4.15,0.05,1.22,Financials
ASX:SUBD,"VanEck Australian Subordinated Debt ETF (ASX:SUBD)",https://www.listcorp.com/asx/subd/vaneck-australian-subordinated-debt-etf,"	2385480000",25.01,0.04,0.16,Unclassified
ASX:AAI,"Alcoa Corporation (ASX:AAI)",https://www.listcorp.com/asx/aai/alcoa-corporation,"	2384230000",40.89,1.12,2.82,Unclassified
ASX:DMP,"Domino's Pizza Enterprises Limited (ASX:DMP)",https://www.listcorp.com/asx/dmp/dominos-pizza-enterprises-limited,"	2381990000",25.68,0.46,1.82,"Consumer Discretionary"
ASX:HBRD,"BetaShares Active Australian Hybrids Fund (managed fund) (ASX:HBRD)",https://www.listcorp.com/asx/hbrd/betashares-active-australian-hybrids-fund,"	2361680000",10.1,0.03,0.3,Unclassified
ASX:INA,"Ingenia Communities Group (ASX:INA)",https://www.listcorp.com/asx/ina/ingenia-communities-group,"	2339530000",5.77,0.03,0.52,"Real Estate"
ASX:GNE,"Genesis Energy Limited (ASX:GNE)",https://www.listcorp.com/asx/gne/genesis-energy-limited,"	2311290000",2.1,0.00,0,Utilities
ASX:CEN,"Contact Energy Limited (ASX:CEN)",https://www.listcorp.com/asx/cen/contact-energy-limited,"	2291240000",8.8,0.31,3.65,Utilities
ASX:CQR,"Charter Hall Retail REIT (ASX:CQR)",https://www.listcorp.com/asx/cqr/charter-hall-retail-reit,"	2272610000",3.9,-0.01,-0.26,"Real Estate"
ASX:TPW,"Temple & Webster Group Limited (ASX:TPW)",https://www.listcorp.com/asx/tpw/temple-and-webster-group-limited,"	2252710000",19.1,0.18,0.95,"Consumer Discretionary"
ASX:REG,"Regis Healthcare Limited (ASX:REG)",https://www.listcorp.com/asx/reg/regis-healthcare-limited,"	2238280000",7.49,0.06,0.81,"Health Care"
ASX:ASB,"Austal Limited (ASX:ASB)",https://www.listcorp.com/asx/asb/austal-limited,"	2202770000",5.2,-0.03,-0.57,Industrials
ASX:MSB,"Mesoblast Limited (ASX:MSB)",https://www.listcorp.com/asx/msb/mesoblast-limited,"	2178620000",1.72,0.02,0.88,"Health Care"
ASX:MXT,"Metrics Master Income Trust (ASX:MXT)",https://www.listcorp.com/asx/mxt/metrics-master-income-trust,"	2159830000",2.035,0.01,0.25,Financials
ASX:HMC,"HMC Capital Limited (ASX:HMC)",https://www.listcorp.com/asx/hmc/hmc-capital-limited,"	2149730000",5.38,0.17,3.26,Financials
ASX:PXA,"PEXA Group Limited (ASX:PXA)",https://www.listcorp.com/asx/pxa/pexa-group-limited,"	2097440000",11.645,-0.17,-1.4,"Real Estate"
ASX:OBM,"Ora Banda Mining Ltd (ASX:OBM)",https://www.listcorp.com/asx/obm/ora-banda-mining,"	2081140000",1.055,-0.05,-4.52,Materials
ASX:DBI,"Dalrymple Bay Infrastructure Limited (ASX:DBI)",https://www.listcorp.com/asx/dbi/dalrymple-bay-infrastructure-limited,"	2077240000",4.19,0.00,0,Industrials
ASX:ASK,"Abacus Storage King (ASX:ASK)",https://www.listcorp.com/asx/ask/abacus-storage-king,"	1984300000",1.5,-0.01,-0.66,"Real Estate"
ASX:CIP,"Centuria Industrial REIT (ASX:CIP)",https://www.listcorp.com/asx/cip/centuria-industrial-reit,"	1968280000",3.07,-0.03,-0.97,"Real Estate"
ASX:PPT,"Perpetual Limited (ASX:PPT)",https://www.listcorp.com/asx/ppt/perpetual-limited,"	1964450000",17.24,0.10,0.58,Financials
ASX:DRR,"Deterra Royalties Limited (ASX:DRR)",https://www.listcorp.com/asx/drr/deterra-royalties-limited,"	1957000000",3.725,0.03,0.68,Materials
ASX:BGBL,"Betashares Global Shares ETF (ASX:BGBL)",https://www.listcorp.com/asx/bgbl/betashares-global-shares-etf,"	1924560000",71.51,0.44,0.62,Unclassified
ASX:MP1,"Megaport Limited (ASX:MP1)",https://www.listcorp.com/asx/mp1/megaport-limited,"	1877550000",11.905,0.23,1.93,"Information Technology"
ASX:GDG,"Generation Development Group Limited (ASX:GDG)",https://www.listcorp.com/asx/gdg/generation-development-group,"	1852680000",4.69,-0.10,-2.09,Financials
ASX:GOZ,"Growthpoint Properties Australia (ASX:GOZ)",https://www.listcorp.com/asx/goz/growthpoint-properties,"	1847550000",2.47,0.02,0.82,"Real Estate"
ASX:QHAL,"VanEck MSCI International Quality (Hedged) ETF (ASX:QHAL)",https://www.listcorp.com/asx/qhal/vaneck-msci-international-quality-hedged-etf,"	1842100000",46.48,0.34,0.74,Unclassified
ASX:AIZ,"Air New Zealand Limited (ASX:AIZ)",https://www.listcorp.com/asx/aiz/air-new-zealand-limited,"	1816680000",0.555,0.01,1.83,Industrials
ASX:NWS,"News Corporation (ASX:NWS)",https://www.listcorp.com/asx/nws/news-corp,"	1814710000",51.5,-1.63,-3.07,"Communication Services"
ASX:BGA,"Bega Cheese Limited (ASX:BGA)",https://www.listcorp.com/asx/bga/bega-cheese-limited,"	1794480000",5.815,-0.07,-1.11,"Consumer Staples"
ASX:WPR,"Waypoint REIT (ASX:WPR)",https://www.listcorp.com/asx/wpr/waypoint-reit,"	1794230000",2.625,-0.05,-1.69,"Real Estate"
ASX:BAP,"Bapcor Limited (ASX:BAP)",https://www.listcorp.com/asx/bap/bapcor-limited,"	1771730000",5.25,0.03,0.57,"Consumer Discretionary"
ASX:WAM,"WAM Capital Limited (ASX:WAM)",https://www.listcorp.com/asx/wam/wam-capital-limited,"	1762580000",1.575,0.01,0.64,Financials
ASX:SMR,"Stanmore Resources Limited (ASX:SMR)",https://www.listcorp.com/asx/smr/stanmore-resources-limited,"	1762220000",1.905,-0.05,-2.56,Materials
ASX:ILU,"Iluka Resources Limited (ASX:ILU)",https://www.listcorp.com/asx/ilu/iluka-resources-limited,"	1753020000",4.185,0.10,2.57,Materials
ASX:SNL,"Supply Network Limited (ASX:SNL)",https://www.listcorp.com/asx/snl/supply-network,"	1736150000",39.81,-0.14,-0.35,"Consumer Discretionary"
ASX:FRW,"Freightways Group Limited (ASX:FRW)",https://www.listcorp.com/asx/frw/freightways-group-limited,"	1714590000",9.59,0.00,0,Industrials
ASX:CTD,"Corporate Travel Management Limited (ASX:CTD)",https://www.listcorp.com/asx/ctd/corporate-travel-management,"	1709080000",12.185,0.50,4.32,"Consumer Discretionary"
ASX:WLE,"WAM Leaders Limited (ASX:WLE)",https://www.listcorp.com/asx/wle/wam-leaders-limited,"	1696240000",1.245,0.01,0.81,Financials
ASX:LSF,"L1 Long Short Fund Limited (ASX:LSF)",https://www.listcorp.com/asx/lsf/l1-long-short-fund-limited,"	1691850000",2.73,0.04,1.49,Financials
ASX:NEU,"Neuren Pharmaceuticals Limited (ASX:NEU)",https://www.listcorp.com/asx/neu/neuren-pharmaceuticals-limited,"	1663970000",12.19,-1.10,-8.28,"Health Care"
ASX:BOE,"Boss Energy Limited (ASX:BOE)",https://www.listcorp.com/asx/boe/boss-energy-limited,"	1638940000",3.955,0.01,0.13,Energy
ASX:MND,"Monadelphous Group Limited (ASX:MND)",https://www.listcorp.com/asx/mnd/monadelphous-group-limited,"	1623840000",16.65,0.22,1.34,Industrials
ASX:OCL,"Objective Corporation Limited (ASX:OCL)",https://www.listcorp.com/asx/ocl/objective-corporation-limited,"	1620250000",16.81,-0.14,-0.83,"Information Technology"
ASX:MAQ,"Macquarie Technology Group Limited (ASX:MAQ)",https://www.listcorp.com/asx/maq/macquarie-technology-group-limited,"	1605190000",62.69,0.41,0.66,"Information Technology"
ASX:QPON,"BetaShares Australian Bank Senior Floating Rate Bond ETF (ASX:QPON)",https://www.listcorp.com/asx/qpon/betashares-australian-bank-senior-floating-rate-bond-etf,"	1605130000",25.98,0.04,0.15,Unclassified
ASX:TAH,"Tabcorp Holdings Limited (ASX:TAH)",https://www.listcorp.com/asx/tah/tabcorp-holdings-limited,"	1600370000",0.68,-0.02,-2.86,"Consumer Discretionary"
ASX:MGH,"MAAS Group Holdings Limited (ASX:MGH)",https://www.listcorp.com/asx/mgh/maas-group-holdings-limited,"	1596190000",4.38,-0.02,-0.45,Industrials
ASX:NCK,"Nick Scali Limited (ASX:NCK)",https://www.listcorp.com/asx/nck/nick-scali-limited,"	1590870000",18.7,0.10,0.54,"Consumer Discretionary"
ASX:IRE,"Iress Limited (ASX:IRE)",https://www.listcorp.com/asx/ire/iress-limited,"	1574640000",8.64,0.21,2.49,"Information Technology"
ASX:DDR,"Dicker Data Limited (ASX:DDR)",https://www.listcorp.com/asx/ddr/dicker-data-limited,"	1560610000",8.62,-0.02,-0.23,"Information Technology"
ASX:JDO,"Judo Capital Holdings Limited (ASX:JDO)",https://www.listcorp.com/asx/jdo/judo-capital-holdings-limited,"	1559170000",1.3725,-0.02,-1.61,Financials
ASX:ARF,"Arena REIT (ASX:ARF)",https://www.listcorp.com/asx/arf/arena-reit,"	1552070000",3.86,-0.02,-0.52,"Real Estate"
ASX:GNC,"GrainCorp Limited (ASX:GNC)",https://www.listcorp.com/asx/gnc/graincorp-limited,"	1548220000",6.99,0.01,0.14,"Consumer Staples"
ASX:LTR,"Liontown Resources Limited (ASX:LTR)",https://www.listcorp.com/asx/ltr/liontown-resources-limited,"	1541440000",0.71,0.07,11.81,Materials
ASX:WEB,"WEB Travel Group Limited (ASX:WEB)",https://www.listcorp.com/asx/web/web-travel-group-limited,"	1535700000",4.34,0.09,2.12,"Consumer Discretionary"
ASX:NUF,"Nufarm Limited (ASX:NUF)",https://www.listcorp.com/asx/nuf/nufarm-limited,"	1501290000",3.93,0.01,0.26,Materials
ASX:MFG,"Magellan Financial Group Limited (ASX:MFG)",https://www.listcorp.com/asx/mfg/magellan-financial-group-limited,"	1479760000",8.53,0.02,0.24,Financials
ASX:NAN,"Nanosonics Limited (ASX:NAN)",https://www.listcorp.com/asx/nan/nanosonics,"	1475490000",4.73,-0.13,-2.67,"Health Care"
ASX:RDX,"Redox Limited (ASX:RDX)",https://www.listcorp.com/asx/rdx/redox-limited,"	1470230000",2.825,0.02,0.89,Industrials
ASX:CNI,"Centuria Capital Group (ASX:CNI)",https://www.listcorp.com/asx/cni/centuria-capital-group,"	1452660000",1.78,0.03,1.71,"Real Estate"
ASX:CSC,"Capstone Copper Corp (ASX:CSC)",https://www.listcorp.com/asx/csc/capstone-copper-corp,"	1448630000",7.99,0.30,3.9,Materials
ASX:BGL,"Bellevue Gold Limited (ASX:BGL)",https://www.listcorp.com/asx/bgl/bellevue-gold-limited,"	1439420000",0.95,-0.02,-2.56,Materials
ASX:IMD,"IMDEX Limited (ASX:IMD)",https://www.listcorp.com/asx/imd/imdex-limited,"	1422920000",2.86,0.08,2.88,Materials
ASX:HLI,"Helia Group Limited (ASX:HLI)",https://www.listcorp.com/asx/hli/helia-group-limited,"	1419490000",5.275,0.07,1.25,Financials
ASX:ING,"Inghams Group Limited (ASX:ING)",https://www.listcorp.com/asx/ing/inghams-group,"	1416100000",3.77,-0.04,-1.05,"Consumer Staples"
ASX:QSML,"Vaneck Vectors MSCI Inter Small Companies Qual ETF (ASX:QSML)",https://www.listcorp.com/asx/qsml/vaneck-vectors-msci-inter-small-companies-qual-etf,"	1383640000",29.46,0.31,1.06,Unclassified
ASX:IFRA,"VanEck FTSE Global Infrastructure (Hedged) ETF (ASX:IFRA)",https://www.listcorp.com/asx/ifra/vaneck-ftse-global-infrastructure-hedged-etf,"	1380630000",22.5,0.06,0.27,Unclassified
ASX:CYL,"Catalyst Metals Limited (ASX:CYL)",https://www.listcorp.com/asx/cyl/catalyst-metals-limited,"	1377300000",6.29,0.21,3.45,Materials
ASX:BKI,"BKI Investment Company Limited (ASX:BKI)",https://www.listcorp.com/asx/bki/bki-investment-company-limited,"	1355990000",1.675,-0.01,-0.3,Financials
ASX:PRN,"Perenti Limited (ASX:PRN)",https://www.listcorp.com/asx/prn/perenti-limited,"	1319220000",1.42,0.00,0,Materials
ASX:DYL,"Deep Yellow Limited (ASX:DYL)",https://www.listcorp.com/asx/dyl/deep-yellow-limited,"	1313370000",1.3625,0.01,0.93,Energy
ASX:SLC,"Superloop Limited (ASX:SLC)",https://www.listcorp.com/asx/slc/superloop-limited,"	1310430000",2.52,-0.04,-1.56,"Communication Services"
ASX:HGBL,"BetaShares Global Shares ETF - Currency Hedged (ASX:HGBL)",https://www.listcorp.com/asx/hgbl/betashares-global-shares-etf-currency-hedged,"	1302220000",66.22,0.69,1.05,Unclassified
ASX:IXJ,"iShares Global Healthcare ETF (ASX:IXJ)",https://www.listcorp.com/asx/ixj/ishares-global-healthcare-etf,"	1299010000",130.4,-2.48,-1.87,Unclassified
ASX:VGE,"Vanguard FTSE Emerging Markets Shares ETF (ASX:VGE)",https://www.listcorp.com/asx/vge/vanguard-ftse-emerging-markets-shares-etf,"	1298510000",80.63,0.64,0.8,Unclassified
ASX:AUI,"Australian United Investment Company Limited (ASX:AUI)",https://www.listcorp.com/asx/aui/australian-united-investment-company-limited,"	1296300000",10.68,0.24,2.3,Financials
ASX:MYR,"Myer Holdings Limited (ASX:MYR)",https://www.listcorp.com/asx/myr/myer-holdings-limited,"	1296040000",0.745,-0.01,-0.67,"Consumer Discretionary"
ASX:MAD,"Mader Group Limited (ASX:MAD)",https://www.listcorp.com/asx/mad/mader-group-limited,"	1296040000",6.47,0.05,0.78,Industrials
ASX:NWH,"NRW Holdings Limited (ASX:NWH)",https://www.listcorp.com/asx/nwh/nrw-holdings-limited,"	1294340000",2.83,0.00,0,Industrials
ASX:RSG,"Resolute Mining Limited (ASX:RSG)",https://www.listcorp.com/asx/rsg/resolute-mining-limited,"	1277430000",0.595,-0.00,-0.83,Materials
ASX:PNR,"Pantoro Gold Limited (ASX:PNR)",https://www.listcorp.com/asx/pnr/pantoro-gold-limited,"	1268980000",3.31,0.05,1.53,Materials
ASX:IPH,"IPH Limited (ASX:IPH)",https://www.listcorp.com/asx/iph/iph-limited,"	1256270000",4.69,0.03,0.64,Industrials
ASX:ABB,"Aussie Broadband Limited (ASX:ABB)",https://www.listcorp.com/asx/abb/aussie-broadband-limited,"	1236120000",4.19,0.01,0.24,"Communication Services"
ASX:HACK,"BetaShares Global Cybersecurity ETF (ASX:HACK)",https://www.listcorp.com/asx/hack/betashares-global-cybersecurity-etf,"	1229370000",14.68,0.10,0.69,Unclassified
ASX:ELD,"Elders Limited (ASX:ELD)",https://www.listcorp.com/asx/eld/elders-limited,"	1224870000",6.5,0.06,0.93,"Consumer Staples"
ASX:GTK,"Gentrack Group Limited (ASX:GTK)",https://www.listcorp.com/asx/gtk/gentrack-group-limited,"	1215100000",11.32,0.04,0.35,"Information Technology"
ASX:ZIM,"Zimplats Holdings Limited (ASX:ZIM)",https://www.listcorp.com/asx/zim/zimplats-holdings-limited,"	1214150000",10.92,-0.36,-3.19,Materials
ASX:DTL,"Data#3 Limited (ASX:DTL)",https://www.listcorp.com/asx/dtl/data-3-limited,"	1206740000",7.87,0.08,1.03,"Information Technology"
ASX:LFS,"Latitude Financial Services Group Limited (ASX:LFS)",https://www.listcorp.com/asx/lfs/latitude-financial-services-group-limited,"	1190450000",1.1325,-0.01,-1.09,Financials
ASX:MAF,"MA Financial Group Limited (ASX:MAF)",https://www.listcorp.com/asx/maf/ma-financial-group-limited,"	1186770000",6.565,0.10,1.47,Financials
ASX:ADT,"Adriatic Metals Plc (ASX:ADT)",https://www.listcorp.com/asx/adt/adriatic-metals-plc,"	1185250000",3.955,0.05,1.41,Materials
ASX:DRO,"Droneshield Limited (ASX:DRO)",https://www.listcorp.com/asx/dro/droneshield-limited,"	1184390000",1.4125,0.06,4.24,Industrials
ASX:FAIR,"BetaShares Australian Sustainability Leaders ETF (ASX:FAIR)",https://www.listcorp.com/asx/fair/betashares-australian-sustainability-leaders-etf,"	1175640000",21.4,-0.04,-0.19,Unclassified
ASX:SSM,"Service Stream Limited (ASX:SSM)",https://www.listcorp.com/asx/ssm/service-stream-limited,"	1173390000",1.905,0.00,0,Industrials
ASX:PGF,"PM Capital Global Opportunities Fund (ASX:PGF)",https://www.listcorp.com/asx/pgf/pm-capital-global-opportunities-fund,"	1160240000",2.47,0.05,2.07,Financials
ASX:IWLD,"iShares Core MSCI World ex Australia ESG ETF (ASX:IWLD)",https://www.listcorp.com/asx/iwld/ishares-core-msci-world-ex-australia-esg-etf,"	1148310000",59.59,0.37,0.62,Unclassified
ASX:CAT,"Catapult Group International Limited (ASX:CAT)",https://www.listcorp.com/asx/cat/catapult-group-international-limited,"	1148120000",4.335,0.10,2.48,"Information Technology"
ASX:IPX,"IperionX Limited (ASX:IPX)",https://www.listcorp.com/asx/ipx/iperionx-limited,"	1133020000",3.415,-0.13,-3.8,Materials
ASX:MMS,"McMillan Shakespeare Limited (ASX:MMS)",https://www.listcorp.com/asx/mms/mcmillan-shakespeare-limited,"	1132400000",16.19,-0.07,-0.43,Industrials
ASX:A4N,"Alpha HPA Limited (ASX:A4N)",https://www.listcorp.com/asx/a4n/alpha-hpa-limited,"	1131320000",0.9975,0.00,0.25,Materials
ASX:DUI,"Diversified United Investment Limited (ASX:DUI)",https://www.listcorp.com/asx/dui/diversified-united-investment-limited,"	1131090000",5.25,0.00,0,Financials
ASX:VESG,"Vanguard Ethically Conscious International Shares Index ETF (ASX:VESG)",https://www.listcorp.com/asx/vesg/vanguard-ethically-conscious-international-shares-index-etf,"	1125070000",98.02,0.53,0.54,Unclassified
ASX:CQE,"Charter Hall Social Infrastructure REIT (ASX:CQE)",https://www.listcorp.com/asx/cqe/charter-hall-social-infrastructure-reit,"	1120750000",2.97,-0.05,-1.66,"Real Estate"
ASX:KAR,"Karoon Energy Ltd (ASX:KAR)",https://www.listcorp.com/asx/kar/karoon-energy-ltd,"	1114700000",1.555,0.07,4.71,Energy
ASX:CRED,"BetaShares Australian Investment Grade Corporate Bond ETF (ASX:CRED)",https://www.listcorp.com/asx/cred/betashares-australian-investment-grade-corporate-bond-etf,"	1114360000",23.23,-0.02,-0.09,Unclassified
ASX:SDR,"SiteMinder Limited (ASX:SDR)",https://www.listcorp.com/asx/sdr/siteminder-limited,"	1109540000",3.98,0.03,0.76,"Information Technology"
ASX:AOV,"Amotiv Limited (ASX:AOV)",https://www.listcorp.com/asx/aov/amotiv-limited,"	1106200000",8.1,0.00,0,"Consumer Discretionary"
ASX:VGB,"Vanguard Australian Government Bond Index ETF (ASX:VGB)",https://www.listcorp.com/asx/vgb/vanguard-australian-government-bond-index-etf,"	1105630000",46.94,-0.13,-0.28,Unclassified
ASX:AX1,"Accent Group Limited (ASX:AX1)",https://www.listcorp.com/asx/ax1/accent-group-limited,"	1098040000",1.9325,-0.01,-0.39,"Consumer Discretionary"
ASX:IEM,"iShares MSCI Emerging Markets ETF (ASX:IEM)",https://www.listcorp.com/asx/iem/ishares-msci-emerging-markets-etf,"	1093120000",71.15,0.78,1.11,Unclassified
ASX:GLIN,"iShares Core FTSE Global Infrastructure (AUD Hedged) ETF (ASX:GLIN)",https://www.listcorp.com/asx/glin/ishares-core-ftse-global-infrastructure-aud-hedged-etf,"	1086490000",27.63,0.06,0.22,Unclassified
ASX:ABG,"Abacus Group (ASX:ABG)",https://www.listcorp.com/asx/abg/abacus-group,"	1081330000",1.2075,-0.00,-0.21,"Real Estate"
ASX:GCI,"Gryphon Capital Income Trust (ASX:GCI)",https://www.listcorp.com/asx/gci/gryphon-capital-income-trust,"	1074850000",2.045,-0.00,-0.24,Financials
ASX:FANG,"Global X FANG+ ETF (ASX:FANG)",https://www.listcorp.com/asx/fang/global-x-fang-etf,"	1062630000",31.22,0.32,1.04,Unclassified
ASX:GEM,"G8 Education Limited (ASX:GEM)",https://www.listcorp.com/asx/gem/g8-education-limited,"	1052360000",1.3025,0.00,0.19,"Consumer Discretionary"
ASX:SIQ,"Smartgroup Corporation Ltd (ASX:SIQ)",https://www.listcorp.com/asx/siq/smartgroup-corporation-ltd,"	1043820000",7.81,0.07,0.9,Industrials
ASX:QAU,"BetaShares Gold Bullion ETF - Currency Hedged (ASX:QAU)",https://www.listcorp.com/asx/qau/betashares-gold-bullion-etf-currency-hedged,"	1039020000",26.855,-0.43,-1.59,Unclassified
ASX:VDGR,"Vanguard Diversified Growth Index ETF (ASX:VDGR)",https://www.listcorp.com/asx/vdgr/vanguard-diversified-growth-index-etf,"	1025060000",62.21,0.15,0.24,Unclassified
ASX:HSN,"Hansen Technologies Limited (ASX:HSN)",https://www.listcorp.com/asx/hsn/hansen-technologies-limited,"	1021200000",4.97,-0.04,-0.8,"Information Technology"
ASX:PNV,"Polynovo Limited (ASX:PNV)",https://www.listcorp.com/asx/pnv/polynovo-limited,"	1012080000",1.455,-0.01,-0.68,"Health Care"
ASX:VUL,"Vulcan Energy Resources Limited (ASX:VUL)",https://www.listcorp.com/asx/vul/vulcan-energy-resources-limited,"	1009550000",4.65,0.01,0.22,Materials
ASX:CMW,"Cromwell Property Group (ASX:CMW)",https://www.listcorp.com/asx/cmw/cromwell-property-group,"	995169000",0.385,0.01,1.32,"Real Estate"
ASX:QRI,"Qualitas Real Estate Income Fund (ASX:QRI)",https://www.listcorp.com/asx/qri/qualitas-real-estate-income-fund,"	994778000",1.63,-0.01,-0.31,Financials
ASX:VSO,"Vanguard MSCI Australian Small Companies Index ETF (ASX:VSO)",https://www.listcorp.com/asx/vso/vanguard-msci-australian-small-companies-index-etf,"	991830000",69.84,-0.04,-0.06,Unclassified
ASX:BVS,"Bravura Solutions Limited (ASX:BVS)",https://www.listcorp.com/asx/bvs/bravura-solutions-limited,"	977412000",2.21,0.03,1.38,"Information Technology"
ASX:LIC,"Lifestyle Communities Limited (ASX:LIC)",https://www.listcorp.com/asx/lic/lifestyle-communities-limited,"	972703000",8.04,0.05,0.63,"Real Estate"
ASX:MOAT,"VanEck Morningstar Wide Moat ETF (ASX:MOAT)",https://www.listcorp.com/asx/moat/vaneck-morningstar-wide-moat-etf,"	969443000",121.61,0.56,0.46,Unclassified
ASX:CKF,"Collins Foods Limited (ASX:CKF)",https://www.listcorp.com/asx/ckf/collins-foods-limited,"	965459000",8.19,0.00,0,"Consumer Discretionary"
ASX:PL8,"Plato Income Maximiser Limited (ASX:PL8)",https://www.listcorp.com/asx/pl8/plato-income-maximiser-limited,"	961998000",1.31,0.03,1.95,Financials
ASX:PDI,"Predictive Discovery Limited (ASX:PDI)",https://www.listcorp.com/asx/pdi/predictive-discovery-limited,"	956424000",0.36,-0.01,-1.37,Materials
ASX:LFG,"Liberty Financial Group Limited (ASX:LFG)",https://www.listcorp.com/asx/lfg/liberty-financial-group-limited,"	956340000",3.16,0.01,0.32,Financials
ASX:IDX,"Integral Diagnostics Limited (ASX:IDX)",https://www.listcorp.com/asx/idx/integral-diagnostics-limited,"	953420000",2.495,-0.07,-2.54,"Health Care"
ASX:DVP,"Develop Global Limited (ASX:DVP)",https://www.listcorp.com/asx/dvp/develop-global-limited,"	949276000",3.475,0.01,0.43,Materials
ASX:AAC,"Australian Agricultural Company Limited (ASX:AAC)",https://www.listcorp.com/asx/aac/australian-agricultural-company-limited,"	946344000",1.51,-0.06,-3.82,"Consumer Staples"
ASX:VSL,"Vulcan Steel Limited (ASX:VSL)",https://www.listcorp.com/asx/vsl/vulcan-steel-limited,"	935676000",6.94,-0.16,-2.25,Materials
ASX:CCP,"Credit Corp Group Limited (ASX:CCP)",https://www.listcorp.com/asx/ccp/credit-corp-group-limited,"	935239000",13.53,-0.21,-1.53,Financials
ASX:NXG,"NexGen Energy (Canada) Ltd (ASX:NXG)",https://www.listcorp.com/asx/nxg/nexgen-energy-canada-ltd,"	933673000",9.07,0.27,3.07,Energy
ASX:IEU,"iShares Europe ETF (ASX:IEU)",https://www.listcorp.com/asx/ieu/ishares-europe-etf,"	928734000",95.06,0.29,0.31,Unclassified
ASX:CIVH,"ClearBridge Global Infrastructure Value Fund (Hedged) Active ETF (ASX:CIVH)",https://www.listcorp.com/asx/civh/clearbridge-global-infrastructure-value-fund-hedged-active-etf,"	925678000",1.14,0.00,0.44,Unclassified
ASX:ILB,"iShares Government Inflation ETF (ASX:ILB)",https://www.listcorp.com/asx/ilb/ishares-government-inflation-etf,"	916507000",124.48,0.17,0.14,Unclassified
ASX:BGP,"Briscoe Group Limited (ASX:BGP)",https://www.listcorp.com/asx/bgp/briscoe-group-limited,"	913439000",4.25,0.15,3.66,"Consumer Discretionary"
ASX:AASF,"Airlie Australian Share Fund (Managed Fund) (ASX:AASF)",https://www.listcorp.com/asx/aasf/airlie-australian-share-fund-managed-fund,"	911445000",3.88,0.02,0.52,Unclassified
ASX:AGVT,"BetaShares Australian Government Bond ETF (ASX:AGVT)",https://www.listcorp.com/asx/agvt/betashares-australian-government-bond-etf,"	909679000",41.97,-0.11,-0.26,Unclassified
ASX:BOT,"Botanix Pharmaceuticals Limited (ASX:BOT)",https://www.listcorp.com/asx/bot/botanix-pharmaceuticals-limited,"	908582000",0.4025,-0.06,-13.44,"Health Care"
ASX:OML,"oOh!media Limited (ASX:OML)",https://www.listcorp.com/asx/oml/ooh-media-limited,"	894377000",1.6425,-0.02,-1.05,"Communication Services"
ASX:WGB,"WAM Global Limited (ASX:WGB)",https://www.listcorp.com/asx/wgb/wam-global-limited,"	890522000",2.51,0.01,0.4,Financials
ASX:IAA,"iShares Asia 50 ETF (ASX:IAA)",https://www.listcorp.com/asx/iaa/ishares-asia-50-etf,"	887577000",116.42,0.46,0.4,Unclassified
ASX:CUIV,"ClearBridge Global Infrastructure Value Fund Active ETF (ASX:CUIV)",https://www.listcorp.com/asx/cuiv/clearbridge-global-infrastructure-value-fund-active-etf,"	886176000",1.45,0.00,0,Unclassified
ASX:DGVA,"Dimensional Global Value Trust  Active ETF (ASX:DGVA)",https://www.listcorp.com/asx/dgva/dimensional-global-value-trust-active-etf,"	884468000",24.64,0.08,0.33,Unclassified
ASX:IJP,"iShares MSCI Japan ETF (ASX:IJP)",https://www.listcorp.com/asx/ijp/ishares-msci-japan-etf,"	877388000",111.68,-0.90,-0.8,Unclassified
ASX:VIF,"Vanguard International Fixed Interest Index (Hedged) ETF (ASX:VIF)",https://www.listcorp.com/asx/vif/vanguard-international-fixed-interest-index-hedged-etf,"	876985000",38.76,-0.06,-0.15,Unclassified
ASX:CIN,"Carlton Investments Limited (ASX:CIN)",https://www.listcorp.com/asx/cin/carlton-investments-limited,"	866168000",32.7,-0.10,-0.3,Financials
ASX:DXI,"Dexus Industria REIT (ASX:DXI)",https://www.listcorp.com/asx/dxi/dexus-industria-reit,"	866147000",2.7,-0.03,-1.1,"Real Estate"
ASX:FCL,"Fineos Corporation Holdings Plc (ASX:FCL)",https://www.listcorp.com/asx/fcl/fineos-corporation-holdings-plc,"	863174000",2.5,-0.05,-1.96,"Information Technology"
ASX:QUS,"BetaShares S&P 500 Equal Weight ETF (ASX:QUS)",https://www.listcorp.com/asx/qus/betashares-s-and-p-500-equal-weight-etf,"	846827000",50.91,0.33,0.65,Unclassified
ASX:SRG,"SRG Global Limited (ASX:SRG)",https://www.listcorp.com/asx/srg/srg-global-limited,"	845542000",1.4075,0.01,0.54,Industrials
ASX:EQT,"EQT Holdings Limited (ASX:EQT)",https://www.listcorp.com/asx/eqt/eqt-holdings-limited,"	840532000",31.77,0.36,1.15,Financials
ASX:KLS,"Kelsian Group Limited (ASX:KLS)",https://www.listcorp.com/asx/kls/kelsian-group-limited,"	839067000",3.04,-0.05,-1.62,Industrials
ASX:HLS,"Healius Limited (ASX:HLS)",https://www.listcorp.com/asx/hls/healius-limited,"	838683000",1.0925,-0.06,-5.41,"Health Care"
ASX:BNDS,"BetaShares Western Asset Australian Bond Fund (managed fund) (ASX:BNDS)",https://www.listcorp.com/asx/bnds/betashares-western-asset-australian-bond-fund-managed-fund,"	826504000",23.78,-0.02,-0.08,Unclassified
ASX:RPL,"Regal Partners Limited (ASX:RPL)",https://www.listcorp.com/asx/rpl/regal-partners-limited,"	823450000",2.36,-0.07,-2.88,Financials
ASX:ERA,"Energy Resources of Australia Ltd (ASX:ERA)",https://www.listcorp.com/asx/era/energy-resources-of-australia,"	810793000",0.002,0.00,0,Energy
ASX:BCI,"BCI Minerals Limited (ASX:BCI)",https://www.listcorp.com/asx/bci/bci-minerals-limited,"	808504000",0.285,0.01,1.79,Materials
ASX:GDX,"Vaneck Vectors Gold Miners ETF (ASX:GDX)",https://www.listcorp.com/asx/gdx/vaneck-vectors-gold-miners-etf,"	805122000",77.11,-0.47,-0.61,Unclassified
ASX:DJW,"Djerriwarrh Investments Limited (ASX:DJW)",https://www.listcorp.com/asx/djw/djerriwarrh-investments-limited,"	804938000",3.05,-0.01,-0.33,Financials
ASX:WA1,"WA1 Resources Ltd (ASX:WA1)",https://www.listcorp.com/asx/wa1/wa1-resources-ltd,"	788889000",12.12,0.47,4.03,Materials
ASX:SX2,"Southern Cross Gold Consolidated Ltd (ASX:SX2)",https://www.listcorp.com/asx/sx2/southern-cross-gold-consolidated-ltd,"	788316000",5.6,-0.10,-1.75,Materials
ASX:NNUK,"Nanuk New World Fund (ASX:NNUK)",https://www.listcorp.com/asx/nnuk/nanuk-new-world-fund,"	786926000",2.05,0.00,0,Unclassified
ASX:CBO,"Cobram Estate Olives Limited (ASX:CBO)",https://www.listcorp.com/asx/cbo/cobram-estate-olives-limited,"	783425000",1.88,0.01,0.53,"Consumer Staples"
ASX:VGL,"Vista Group International Limited (ASX:VGL)",https://www.listcorp.com/asx/vgl/vista-group-international-limited,"	783377000",3.26,-0.02,-0.61,"Information Technology"
ASX:CU6,"Clarity Pharmaceuticals Ltd (ASX:CU6)",https://www.listcorp.com/asx/cu6/clarity-pharmaceuticals,"	780884000",2.205,-0.23,-9.26,"Health Care"
ASX:QAL,"Qualitas Limited (ASX:QAL)",https://www.listcorp.com/asx/qal/qualitas-limited,"	777451000",2.57,-0.02,-0.77,Financials
ASX:BLX,"Beacon Lighting Group Limited (ASX:BLX)",https://www.listcorp.com/asx/blx/beacon-lighting-group-limited,"	777431000",3.38,-0.02,-0.59,"Consumer Discretionary"
ASX:COF,"Centuria Office Reit (ASX:COF)",https://www.listcorp.com/asx/cof/centuria-office-reit,"	767578000",1.285,0.00,0,"Real Estate"
ASX:FLOT,"VanEck Australian Floating Rate ETF (ASX:FLOT)",https://www.listcorp.com/asx/flot/vaneck-australian-floating-rate-etf,"	762157000",24.91,0.03,0.12,Unclassified
ASX:BILL,"iShares Core Cash ETF (ASX:BILL)",https://www.listcorp.com/asx/bill/ishares-core-cash-etf,"	760504000",100.58,0.04,0.04,Unclassified
ASX:SFY,"SPDR S&P/ASX 50 Fund (ASX:SFY)",https://www.listcorp.com/asx/sfy/spdr-s-and-p-asx-50-fund,"	751421000",72.86,0.26,0.36,Unclassified
ASX:NXL,"Nuix Limited (ASX:NXL)",https://www.listcorp.com/asx/nxl/nuix-limited,"	750765000",2.25,-0.02,-0.88,"Information Technology"
ASX:PPC,"Peet Limited (ASX:PPC)",https://www.listcorp.com/asx/ppc/peet-limited,"	749054000",1.645,0.04,2.81,"Real Estate"
ASX:USTB,"Global X US Treasury Bond ETF (Currency Hedged) (ASX:USTB)",https://www.listcorp.com/asx/ustb/global-x-us-treasury-bond-etf-currency-hedged,"	745234000",9.18,-0.03,-0.33,Unclassified
ASX:SHV,"Select Harvests Limited (ASX:SHV)",https://www.listcorp.com/asx/shv/select-harvests-limited,"	744644000",5.15,-0.09,-1.72,"Consumer Staples"
ASX:QLTY,"Betashares Global Quality Leaders ETF (ASX:QLTY)",https://www.listcorp.com/asx/qlty/betashares-global-quality-leaders-etf,"	743370000",31.4,0.11,0.35,Unclassified
ASX:NGI,"Navigator Global Investments Limited (ASX:NGI)",https://www.listcorp.com/asx/ngi/navigator-global-investments-limited,"	742470000",1.55,0.03,2.31,Financials
ASX:OPT,"Opthea Limited (ASX:OPT)",https://www.listcorp.com/asx/opt/opthea-limited,"	738772000",0.6,0.00,0,"Health Care"
ASX:VVLU,"Vanguard Global Value Equity Active ETF (Managed Fund) (ASX:VVLU)",https://www.listcorp.com/asx/vvlu/vanguard-global-value-equity-active-etf-managed-fund,"	737999000",71.23,0.82,1.16,Unclassified
ASX:RIC,"Ridley Corporation Limited (ASX:RIC)",https://www.listcorp.com/asx/ric/ridley-corporation-limited,"	735890000",2.33,0.00,0,"Consumer Staples"
ASX:SKC,"SkyCity Entertainment Group Limited (ASX:SKC)",https://www.listcorp.com/asx/skc/skycity-entertainment-group,"	733598000",0.955,-0.01,-1.04,"Consumer Discretionary"
ASX:PYC,"PYC Therapeutics Limited (ASX:PYC)",https://www.listcorp.com/asx/pyc/pyc-therapeutics-limited,"	729076000",1.225,-0.03,-2,"Health Care"
ASX:PGC,"Paragon Care Limited (ASX:PGC)",https://www.listcorp.com/asx/pgc/paragon-care,"	728334000",0.43,-0.01,-2.27,"Health Care"
ASX:KLL,"Kalium Lakes Limited (ASX:KLL)",https://www.listcorp.com/asx/kll/kalium-lakes-limited,"	727337000",7.275,0.00,0,Materials
ASX:PPM,"Pepper Money Limited (ASX:PPM)",https://www.listcorp.com/asx/ppm/pepper-money-limited,"	725973000",1.655,0.02,1.22,Financials
ASX:KKC,"KKR Credit Income Fund (ASX:KKC)",https://www.listcorp.com/asx/kkc/kkr-credit-income-fund,"	725701000",2.28,0.03,1.33,Financials
ASX:RFF,"Rural Funds Group (ASX:RFF)",https://www.listcorp.com/asx/rff/rural-funds-group,"	715142000",1.81,-0.02,-1.36,"Real Estate"
ASX:SGLLV,"Ricegrowers Limited (ASX:SGLLV)",https://www.listcorp.com/asx/sgllv/ricegrowers-limited,"	714316000",10.92,-0.08,-0.73,"Consumer Staples"
ASX:PFP,"Propel Funeral Partners Limited (ASX:PFP)",https://www.listcorp.com/asx/pfp/propel-funeral-partners,"	703665000",5.025,-0.07,-1.47,"Consumer Discretionary"
ASX:SLX,"Silex Systems Limited (ASX:SLX)",https://www.listcorp.com/asx/slx/silex-systems-limited,"	702403000",3.075,0.13,4.24,Industrials
ASX:VDBA,"Vanguard Diversified Balanced Index ETF (ASX:VDBA)",https://www.listcorp.com/asx/vdba/vanguard-diversified-balanced-index-etf,"	701411000",56.95,0.11,0.19,Unclassified
ASX:PWH,"PWR Holdings Limited (ASX:PWH)",https://www.listcorp.com/asx/pwh/pwr-holdings-limited,"	694897000",6.94,0.03,0.43,"Consumer Discretionary"
ASX:QOZ,"BetaShares FTSE RAFI Australia 200 ETF (ASX:QOZ)",https://www.listcorp.com/asx/qoz/betashares-ftse-rafi-australia-200-etf,"	685387000",16.48,0.06,0.37,Unclassified
ASX:VACF,"Vanguard Australian Corp Fixed Interest Index ETF (ASX:VACF)",https://www.listcorp.com/asx/vacf/vanguard-australian-corp-fixed-interest-index-etf,"	682266000",51.69,-0.06,-0.12,Unclassified
ASX:DHHF,"BetaShares Diversified All Growth ETF (ASX:DHHF)",https://www.listcorp.com/asx/dhhf/betashares-diversified-all-growth-etf,"	680034000",36.05,0.16,0.45,Unclassified
ASX:IHWL,"iShares Core MSCI World Ex Australia ESG Leaders (AUD Hedged) ETF (ASX:IHWL)",https://www.listcorp.com/asx/ihwl/ishares-core-msci-world-ex-australia-esg-leaders-aud-hedged-etf,"	679125000",51.9,0.47,0.91,Unclassified
ASX:ILC,"iShares S&P/ASX 20 ETF (ASX:ILC)",https://www.listcorp.com/asx/ilc/ishares-s-and-p-asx-20-etf,"	677568000",31.3,0.09,0.29,Unclassified
ASX:IJR,"iShares S&P Small-Cap ETF (ASX:IJR)",https://www.listcorp.com/asx/ijr/ishares-s-and-p-small-cap-etf,"	676452000",164.65,2.55,1.57,Unclassified
ASX:MYS,"MyState Limited (ASX:MYS)",https://www.listcorp.com/asx/mys/mystate-limited,"	672976000",3.95,-0.03,-0.75,Financials
ASX:HM1,"Hearts and Minds Investments Limited (ASX:HM1)",https://www.listcorp.com/asx/hm1/hearts-and-minds-investments-limited,"	670918000",2.98,0.05,1.71,Financials
ASX:WHF,"Whitefield Industrials Limited (ASX:WHF)",https://www.listcorp.com/asx/whf/whitefield-industrials-limited,"	670201000",5.6,0.02,0.36,Financials
ASX:FPR,"FleetPartners Group Limited (ASX:FPR)",https://www.listcorp.com/asx/fpr/fleetpartners-group-limited,"	669482000",3.05,0.07,2.35,Financials
ASX:HGH,"Heartland Group Holdings Limited (ASX:HGH)",https://www.listcorp.com/asx/hgh/heartland-group-holdings-limited,"	667471000",0.73,0.02,2.82,Financials
ASX:BC8,"Black Cat Syndicate Limited (ASX:BC8)",https://www.listcorp.com/asx/bc8/black-cat-syndicate-limited,"	662163000",0.88,-0.08,-8.33,Materials
ASX:OPH,"Ophir High Conviction Fund (ASX:OPH)",https://www.listcorp.com/asx/oph/ophir-high-conviction-fund,"	661118000",3,0.03,1.01,Financials
ASX:MOT,"Metrics Income Opportunities Trust (ASX:MOT)",https://www.listcorp.com/asx/mot/metrics-income-opportunities-trust,"	655315000",1.99,0.02,1.02,Financials
ASX:JLG,"Johns Lyng Group Limited (ASX:JLG)",https://www.listcorp.com/asx/jlg/johns-lyng-group-limited,"	648331000",2.31,0.02,0.87,Industrials
ASX:XALG,"Alphinity  Global  Equity  Fund  (Managed Fund) (ASX:XALG)",https://www.listcorp.com/asx/xalg/alphinity-global-equity-fund-managed-fund,"	647303000",11.19,0.12,1.08,Unclassified
ASX:AEF,"Australian Ethical Investment Ltd (ASX:AEF)",https://www.listcorp.com/asx/aef/australian-ethical-investment,"	644224000",5.835,0.16,2.73,Financials
ASX:RUL,"RPMGlobal Holdings Limited (ASX:RUL)",https://www.listcorp.com/asx/rul/rpmglobal-holdings-limited,"	641407000",2.82,-0.07,-2.42,"Information Technology"
ASX:JIN,"Jumbo Interactive Limited (ASX:JIN)",https://www.listcorp.com/asx/jin/jumbo-interactive-limited,"	641267000",10.28,0.01,0.1,"Consumer Discretionary"
ASX:GWA,"GWA Group Limited (ASX:GWA)",https://www.listcorp.com/asx/gwa/gwa-group,"	636492000",2.38,-0.02,-0.83,Industrials
ASX:RF1,"Regal Investment Fund (ASX:RF1)",https://www.listcorp.com/asx/rf1/regal-investment-fund,"	632732000",3.09,0.15,5.1,Financials
ASX:MIR,"Mirrabooka Investments Limited (ASX:MIR)",https://www.listcorp.com/asx/mir/mirrabooka-investments-limited,"	628910000",3.24,0.01,0.31,Financials
ASX:ACL,"Australian Clinical Labs Limited (ASX:ACL)",https://www.listcorp.com/asx/acl/australian-clinical-labs-limited,"	624762000",3.015,-0.15,-4.59,"Health Care"
ASX:ASIA,"BetaShares Asia Technology Tigers ETF (ASX:ASIA)",https://www.listcorp.com/asx/asia/betashares-asia-technology-tigers-etf,"	619709000",10.815,0.08,0.79,Unclassified
ASX:APZ,"Aspen Group Limited (ASX:APZ)",https://www.listcorp.com/asx/apz/aspen-group-limited,"	616472000",3.05,-0.02,-0.65,"Real Estate"
ASX:MAH,"Macmahon Holdings Limited (ASX:MAH)",https://www.listcorp.com/asx/mah/macmahon-holdings-limited,"	614171000",0.275,-0.01,-3.51,Materials
ASX:TEA,"Tasmea Limited (ASX:TEA)",https://www.listcorp.com/asx/tea/tasmea-limited,"	609769000",2.6,-0.05,-1.89,Industrials
ASX:UNI,"Universal Store Holdings Limited (ASX:UNI)",https://www.listcorp.com/asx/uni/universal-store-holdings-limited,"	609163000",8.18,0.24,3.02,"Consumer Discretionary"
ASX:MAC,"MAC Copper Limited (ASX:MAC)",https://www.listcorp.com/asx/mac/mac-copper-limited,"	606941000",15.22,0.51,3.47,Materials
ASX:MVA,"Vaneck Australian Property ETF (ASX:MVA)",https://www.listcorp.com/asx/mva/vaneck-australian-property-etf,"	598982000",24.57,0.17,0.7,Unclassified
ASX:LPGD,"Loftus Peak Global Disruption Fund (Managed Fund) (ASX:LPGD)",https://www.listcorp.com/asx/lpgd/loftus-peak-global-disruption-fund-managed-fund,"	594111000",5.16,0.04,0.78,Unclassified
ASX:FGG,"Future Generation Global Limited (ASX:FGG)",https://www.listcorp.com/asx/fgg/future-generation-global-limited,"	582515000",1.425,-0.04,-2.4,Financials
ASX:MYX,"Mayne Pharma Group Limited (ASX:MYX)",https://www.listcorp.com/asx/myx/mayne-pharma-group-limited,"	578470000",6.97,-0.15,-2.11,"Health Care"
ASX:URW,"Unibail-Rodamco-Westfield (ASX:URW)",https://www.listcorp.com/asx/urw/unibail-rodamco-westfield,"	578441000",6.395,-0.01,-0.23,"Real Estate"
ASX:HETH,"BetaShares Global Sustainability Leaders ETF - Currency Hedged (ASX:HETH)",https://www.listcorp.com/asx/heth/betashares-global-sustainability-leaders-etf-currency-hedged,"	575789000",14.32,0.10,0.7,Unclassified
ASX:VAE,"Vanguard FTSE Asia Ex Japan Shares Index ETF (ASX:VAE)",https://www.listcorp.com/asx/vae/vanguard-ftse-asia-ex-japan-shares-index-etf,"	575579000",82.13,0.95,1.17,Unclassified
ASX:BHYB,"BetaShares Australian Major Bank Hybrids Index ETF (ASX:BHYB)",https://www.listcorp.com/asx/bhyb/betashares-australian-major-bank-hybrids-index-etf,"	573178000",9.88,0.02,0.2,Unclassified
ASX:PCI,"Perpetual Credit Income Trust (ASX:PCI)",https://www.listcorp.com/asx/pci/perpetual-credit-income-trust,"	569279000",1.18,0.01,0.85,Unclassified
ASX:CUV,"Clinuvel Pharmaceuticals Limited (ASX:CUV)",https://www.listcorp.com/asx/cuv/clinuvel-pharmaceuticals-limited,"	567399000",11,-0.32,-2.83,"Health Care"
ASX:MICH,"Magellan Infrastructure Fund (Currency Hedged)(Managed Fund) (ASX:MICH)",https://www.listcorp.com/asx/mich/magellan-infrastructure-fund-currency-hedged-managed-fund,"	565897000",3.03,0.00,0,Unclassified
ASX:IVE,"iShares MSCI EAFE ETF (ASX:IVE)",https://www.listcorp.com/asx/ive/ishares-msci-eafe-etf,"	564561000",133.28,-0.03,-0.02,Unclassified
ASX:C79,"Chrysos Corporation Limited (ASX:C79)",https://www.listcorp.com/asx/c79/chrysos-corporation-limited,"	563997000",4.9,0.03,0.62,Industrials
ASX:SLF,"SPDR S&P/ASX 200 Listed Property Fund (ASX:SLF)",https://www.listcorp.com/asx/slf/spdr-s-and-p-asx-200-listed-property-fund,"	555525000",13.56,0.06,0.44,Unclassified
ASX:OZBD,"BetaShares Australian Composite Bond ETF (ASX:OZBD)",https://www.listcorp.com/asx/ozbd/betashares-australian-composite-bond-etf,"	553011000",44.76,-0.06,-0.13,Unclassified
ASX:G6M,"Group 6 Metals Limited (ASX:G6M)",https://www.listcorp.com/asx/g6m/group-6-metals-limited,"	548007000",0.025,0.00,0,Materials
ASX:YMAX,"BetaShares Australian Top 20 Equity Yield Maximiser Fund (managed fund) (ASX:YMAX)",https://www.listcorp.com/asx/ymax/betashares-australian-top-20-equity-yield-maximiser-fund-managed-fund,"	545378000",7.58,0.02,0.26,Unclassified
ASX:STX,"Strike Energy Limited (ASX:STX)",https://www.listcorp.com/asx/stx/strike-energy,"	544711000",0.1875,-0.00,-1.32,Energy
ASX:IMR,"Imricor Medical Systems, Inc. (ASX:IMR)",https://www.listcorp.com/asx/imr/imricor-medical-systems-inc,"	544553000",1.68,-0.02,-1.18,"Health Care"
ASX:HNDQ,"BetaShares NASDAQ 100 ETF  Currency Hedged (ASX:HNDQ)",https://www.listcorp.com/asx/hndq/betashares-nasdaq-100-etf-currency-hedged,"	543343000",41.26,0.68,1.68,Unclassified
ASX:QOR,"Qoria Limited (ASX:QOR)",https://www.listcorp.com/asx/qor/qoria-limited,"	542233000",0.4025,-0.01,-3.01,"Information Technology"
ASX:VETH,"Vanguard Ethically Conscious Australian Shares ETF (ASX:VETH)",https://www.listcorp.com/asx/veth/vanguard-ethically-conscious-australian-shares-etf,"	542164000",67.29,-0.19,-0.28,Unclassified
ASX:VISM,"Vanguard MSCI International Small Companies Index ETF (ASX:VISM)",https://www.listcorp.com/asx/vism/vanguard-msci-international-small-companies-index-etf,"	541982000",66.37,0.64,0.97,Unclassified
ASX:AMI,"Aurelia Metals Limited (ASX:AMI)",https://www.listcorp.com/asx/ami/aurelia-metals-limited,"	541623000",0.3125,-0.01,-2.34,Materials
ASX:GNP,"GenusPlus Group Limited (ASX:GNP)",https://www.listcorp.com/asx/gnp/genusplus-group-limited,"	540558000",2.99,-0.01,-0.33,Industrials
ASX:GEAR,"BetaShares Geared Australian Equity Fund (hedge fund) (ASX:GEAR)",https://www.listcorp.com/asx/gear/betashares-geared-australian-equity-fund-hedge-fund,"	539382000",31.53,0.18,0.57,Unclassified
ASX:KCN,"Kingsgate Consolidated Limited (ASX:KCN)",https://www.listcorp.com/asx/kcn/kingsgate-consolidated-limited,"	536124000",2.1,0.02,0.96,Materials
ASX:KPG,"Kelly Partners Group Holdings Limited (ASX:KPG)",https://www.listcorp.com/asx/kpg/kelly-partners-group-holdings-limited,"	535208000",11.84,-0.08,-0.67,Industrials
ASX:BMN,"Bannerman Energy Limited (ASX:BMN)",https://www.listcorp.com/asx/bmn/bannerman-energy-limited,"	527580000",3.08,0.13,4.41,Energy
ASX:CWP,"Cedar Woods Properties Limited (ASX:CWP)",https://www.listcorp.com/asx/cwp/cedar-woods-properties-limited,"	523117000",6.51,0.17,2.68,"Real Estate"
ASX:REIT,"VanEck FTSE International Property (Hedged) ETF (ASX:REIT)",https://www.listcorp.com/asx/reit/vaneck-ftse-international-property-hedged-etf,"	521317000",15.57,0.19,1.24,Unclassified
ASX:FFM,"FireFly Metals Ltd (ASX:FFM)",https://www.listcorp.com/asx/ffm/firefly-metals-ltd,"	519873000",0.9075,0.00,0.28,Materials
ASX:AD8,"Audinate Group Limited (ASX:AD8)",https://www.listcorp.com/asx/ad8/audinate-group-limited,"	515984000",6.17,-0.02,-0.32,"Information Technology"
ASX:CCL,"Cuscal Limited (ASX:CCL)",https://www.listcorp.com/asx/ccl/cuscal-limited,"	513387000",2.69,0.01,0.37,Financials
ASX:SRV,"Servcorp Limited (ASX:SRV)",https://www.listcorp.com/asx/srv/servcorp-limited,"	508268000",5.11,-0.04,-0.78,"Real Estate"
ASX:AFG,"Australian Finance Group Ltd (ASX:AFG)",https://www.listcorp.com/asx/afg/australian-finance-group-ltd,"	506338000",1.87,0.00,0,Financials
ASX:SXE,"Southern Cross Electrical Engineering Limited (ASX:SXE)",https://www.listcorp.com/asx/sxe/southern-cross-electrical-engineering-limited,"	501055000",1.855,-0.04,-2.11,Industrials
ASX:CVL,"Civmec Limited (ASX:CVL)",https://www.listcorp.com/asx/cvl/civmec-limited,"	500900000",1.025,0.04,4.06,Industrials
ASX:FGX,"Future Generation Australia Limited (ASX:FGX)",https://www.listcorp.com/asx/fgx/future-generation-australia-limited,"	495031000",1.205,-0.00,-0.41,Financials
ASX:OBL,"Omni Bridgeway Limited (ASX:OBL)",https://www.listcorp.com/asx/obl/omni-bridgeway-limited,"	490336000",1.765,0.06,3.82,Financials
ASX:BRN,"Brainchip Holdings Ltd (ASX:BRN)",https://www.listcorp.com/asx/brn/brainchip-holdings,"	486178000",0.2275,-0.01,-5.21,"Information Technology"
ASX:TYR,"Tyro Payments Limited (ASX:TYR)",https://www.listcorp.com/asx/tyr/tyro-payments-limited,"	486080000",0.92,0.00,0,Financials
ASX:IFM,"Infomedia Ltd (ASX:IFM)",https://www.listcorp.com/asx/ifm/infomedia,"	480593000",1.2825,0.01,0.98,"Information Technology"
ASX:WTN,"Winton Land Limited (ASX:WTN)",https://www.listcorp.com/asx/wtn/winton-land-limited,"	480514000",1.62,0.00,0,"Real Estate"
ASX:ALK,"Alkane Resources Limited (ASX:ALK)",https://www.listcorp.com/asx/alk/alkane-resources-limited,"	478378000",0.785,-0.00,-0.63,Materials
ASX:AEL,"Amplitude Energy Limited (ASX:AEL)",https://www.listcorp.com/asx/ael/amplitude-energy-limited,"	477253000",0.18,0.00,0,Energy
ASX:FRGG,"Franklin Global Growth Fund (Managed Fund) (ASX:FRGG)",https://www.listcorp.com/asx/frgg/franklin-global-growth-fund-managed-fund,"	475860000",2.31,0.00,0,Unclassified
ASX:IHOO,"iShares Global 100 (AUD Hedged) ETF (ASX:IHOO)",https://www.listcorp.com/asx/ihoo/ishares-global-100-aud-hedged-etf,"	475685000",178.91,1.95,1.1,Unclassified
ASX:KGN,"Kogan.com Limited (ASX:KGN)",https://www.listcorp.com/asx/kgn/kogan.com-limited,"	470127000",4.85,0.12,2.54,"Consumer Discretionary"
ASX:KSC,"K&S Corporation Limited (ASX:KSC)",https://www.listcorp.com/asx/ksc/k-and-s-corporation-limited,"	469392000",3.51,0.08,2.33,Industrials
ASX:TRA,"Turners Automotive Group Limited (ASX:TRA)",https://www.listcorp.com/asx/tra/turners-automotive-group-limited,"	465749000",5.17,0.00,0,"Consumer Discretionary"
ASX:MLX,"Metals X Limited (ASX:MLX)",https://www.listcorp.com/asx/mlx/metals-x,"	465356000",0.5375,0.01,2.38,Materials
ASX:ACDC,"Global X Battery Tech & Lithium ETF (ASX:ACDC)",https://www.listcorp.com/asx/acdc/global-x-battery-tech-and-lithium-etf,"	461672000",87.82,1.76,2.05,Unclassified
ASX:ASG,"Autosports Group Limited (ASX:ASG)",https://www.listcorp.com/asx/asg/autosports-group-limited,"	461556000",2.22,-0.06,-2.63,"Consumer Discretionary"
ASX:AQLT,"BetaShares Australian Quality ETF (ASX:AQLT)",https://www.listcorp.com/asx/aqlt/betashares-australian-quality-etf,"	461028000",31.44,0.16,0.51,Unclassified
ASX:HCW,"HealthCo Healthcare and Wellness REIT (ASX:HCW)",https://www.listcorp.com/asx/hcw/healthco-healthcare-and-wellness-reit,"	456646000",0.8175,-0.01,-1.51,"Real Estate"
ASX:ADH,"Adairs Limited (ASX:ADH)",https://www.listcorp.com/asx/adh/adairs-limited,"	455995000",2.55,-0.03,-1.16,"Consumer Discretionary"
ASX:ARU,"Arafura Rare Earths Limited (ASX:ARU)",https://www.listcorp.com/asx/aru/arafura-rare-earths-limited,"	455901000",0.1775,-0.01,-4.05,Materials
ASX:VBLD,"Vanguard Global Infrastructure Index ETF (ASX:VBLD)",https://www.listcorp.com/asx/vbld/vanguard-global-infrastructure-index-etf,"	455499000",72.4,0.00,0,Unclassified
ASX:SYI,"SPDR MSCI Australia Select High Dividend Yield Fund (ASX:SYI)",https://www.listcorp.com/asx/syi/spdr-msci-australia-select-high-dividend-yield-fund,"	452012000",29.8,0.07,0.24,Unclassified
ASX:GNG,"GR Engineering Services Limited (ASX:GNG)",https://www.listcorp.com/asx/gng/gr-engineering-services-limited,"	450181000",2.74,0.05,1.86,Materials
ASX:PIC,"Perpetual Equity Investment Company Limited (ASX:PIC)",https://www.listcorp.com/asx/pic/perpetual-equity-investment-company-limited,"	446298000",1.16,-0.01,-0.43,Financials
ASX:WXOZ,"SPDR S&P World ex Australia Carbon Control Fund (ASX:WXOZ)",https://www.listcorp.com/asx/wxoz/spdr-s-and-p-world-ex-australia-carbon-control-fund,"	444875000",48.65,0.21,0.43,Unclassified
ASX:RARI,"Russell Investments Australian Responsible Investment ETF (ASX:RARI)",https://www.listcorp.com/asx/rari/russell-investments-australian-responsible-investment-etf,"	444707000",30.42,0.05,0.16,Unclassified
ASX:DJRE,"SPDR Dow Jones Global Real Estate ESG Fund (ASX:DJRE)",https://www.listcorp.com/asx/djre/spdr-dow-jones-global-real-estate-esg-fund,"	443317000",21.75,0.18,0.83,Unclassified
ASX:CHN,"Chalice Mining Limited (ASX:CHN)",https://www.listcorp.com/asx/chn/chalice-mining-limited,"	439600000",1.1525,0.02,1.99,Materials
ASX:TWR,"Tower Limited (ASX:TWR)",https://www.listcorp.com/asx/twr/tower-limited,"	438467000",1.3,0.02,1.56,Financials
ASX:LOT,"Lotus Resources Limited (ASX:LOT)",https://www.listcorp.com/asx/lot/lotus-resources-limited,"	438328000",0.1875,0.00,1.35,Energy
ASX:IJH,"iShares S&P Mid-Cap ETF (ASX:IJH)",https://www.listcorp.com/asx/ijh/ishares-s-and-p-mid-cap-etf,"	436175000",46.59,0.62,1.35,Unclassified
ASX:IMM,"Immutep Limited (ASX:IMM)",https://www.listcorp.com/asx/imm/immutep-limited,"	430815000",0.285,-0.01,-3.39,"Health Care"
ASX:MHHT,"Magellan High Conviction Trust (Managed Fund) (ASX:MHHT)",https://www.listcorp.com/asx/mhht/magellan-high-conviction-trust-managed-fund,"	430644000",1.905,0.00,0.26,Unclassified
ASX:SKO,"Serko Limited (ASX:SKO)",https://www.listcorp.com/asx/sko/serko-limited,"	429711000",3.49,0.00,0,"Information Technology"
ASX:LYL,"Lycopodium Limited (ASX:LYL)",https://www.listcorp.com/asx/lyl/lycopodium-limited,"	426413000",10.7,-0.03,-0.28,Industrials
ASX:IGB,"iShares Treasury ETF (ASX:IGB)",https://www.listcorp.com/asx/igb/ishares-treasury-etf,"	425571000",99,-0.21,-0.21,Unclassified
ASX:EX20,"BetaShares Australian Ex-20 Portfolio Diversifier ETF (ASX:EX20)",https://www.listcorp.com/asx/ex20/betashares-australian-ex-20-portfolio-diversifier-etf,"	425253000",22.4,-0.04,-0.18,Unclassified
ASX:EBR,"EBR Systems Inc. (ASX:EBR)",https://www.listcorp.com/asx/ebr/ebr-systems-inc,"	423237000",1.0625,-0.07,-6.39,"Health Care"
ASX:IGL,"IVE Group Limited (ASX:IGL)",https://www.listcorp.com/asx/igl/ive-group-limited,"	419749000",2.685,-0.02,-0.92,"Communication Services"
ASX:ALI,"Argo Global Listed Infrastructure Limited (ASX:ALI)",https://www.listcorp.com/asx/ali/argo-global-listed-infrastructure-limited,"	419554000",2.33,-0.03,-1.27,Financials
ASX:SST,"Steamships Trading Company Limited (ASX:SST)",https://www.listcorp.com/asx/sst/steamships-trading-company,"	418611000",13.5,0.00,0,Industrials
ASX:DSE,"Dropsuite Limited (ASX:DSE)",https://www.listcorp.com/asx/dse/dropsuite-limited,"	418227000",5.885,0.01,0.09,"Information Technology"
ASX:OCA,"Oceania Healthcare Limited (ASX:OCA)",https://www.listcorp.com/asx/oca/oceania-healthcare-limited,"	416433000",0.575,0.00,0,"Health Care"
ASX:SMI,"Santana Minerals Limited (ASX:SMI)",https://www.listcorp.com/asx/smi/santana-minerals-limited,"	415563000",0.545,-0.03,-5.22,Materials
ASX:AQZ,"Alliance Aviation Services Limited (ASX:AQZ)",https://www.listcorp.com/asx/aqz/alliance-aviation-services-limited,"	415254000",2.51,-0.07,-2.71,Industrials
ASX:EOL,"Energy One Limited (ASX:EOL)",https://www.listcorp.com/asx/eol/energy-one-limited,"	413561000",13.4,0.20,1.52,"Information Technology"
ASX:DXC,"Dexus Convenience Retail Reit (ASX:DXC)",https://www.listcorp.com/asx/dxc/dexus-convenience-retail-reit,"	411892000",2.98,-0.01,-0.33,"Real Estate"
ASX:WMI,"WAM Microcap Limited (ASX:WMI)",https://www.listcorp.com/asx/wmi/wam-microcap-limited,"	411817000",1.465,-0.01,-0.68,Financials
ASX:SM1,"Synlait Milk Limited (ASX:SM1)",https://www.listcorp.com/asx/sm1/synlait-milk,"	410175000",0.69,0.01,1.47,"Consumer Staples"
ASX:BFG,"Bell Financial Group Limited (ASX:BFG)",https://www.listcorp.com/asx/bfg/bell-financial-group-limited,"	407345000",1.29,0.02,1.57,Financials
ASX:TCG,"Turaco Gold Limited (ASX:TCG)",https://www.listcorp.com/asx/tcg/turaco-gold-limited,"	406072000",0.435,-0.01,-3.33,Materials
ASX:SVM,"Sovereign Metals Limited (ASX:SVM)",https://www.listcorp.com/asx/svm/sovereign-metals-limited,"	404337000",0.635,0.01,1.6,Materials
ASX:PMC,"Platinum Capital Limited (ASX:PMC)",https://www.listcorp.com/asx/pmc/platinum-capital-limited,"	403483000",1.365,0.01,0.37,Financials
ASX:IPG,"IPD Group Ltd (ASX:IPG)",https://www.listcorp.com/asx/ipg/ipd-group-ltd,"	403368000",3.87,-0.02,-0.51,Industrials
ASX:LLL,"Leo Lithium Limited (ASX:LLL)",https://www.listcorp.com/asx/lll/leo-lithium-limited,"	401204000",0.332997,0.00,0,Materials
ASX:DUR,"Duratec Limited (ASX:DUR)",https://www.listcorp.com/asx/dur/duratec-limited,"	400039000",1.5725,-0.01,-0.79,Industrials
ASX:EHL,"Emeco Holdings Limited (ASX:EHL)",https://www.listcorp.com/asx/ehl/emeco-holdings-limited,"	391373000",0.745,-0.01,-1.32,Industrials
ASX:MAU,"Magnetic Resources NL (ASX:MAU)",https://www.listcorp.com/asx/mau/magnetic-resources,"	389581000",1.54,0.08,5.48,Materials
ASX:WCMQ,"WCM Quality Global Growth Fund (Quoted Managed Fund) (ASX:WCMQ)",https://www.listcorp.com/asx/wcmq/wcm-quality-global-growth-fund-quoted-managed-fund,"	388676000",10.84,0.10,0.93,Unclassified
ASX:CDP,"Carindale Property Trust (ASX:CDP)",https://www.listcorp.com/asx/cdp/carindale-property-trust,"	388038000",4.725,0.04,0.75,"Real Estate"
ASX:TTT,"Titomic Limited (ASX:TTT)",https://www.listcorp.com/asx/ttt/titomic-limited,"	384470000",0.285,-0.00,-1.72,Materials
ASX:VG1,"VGI Partners Global Investments Limited (ASX:VG1)",https://www.listcorp.com/asx/vg1/vgi-partners-global-investments-limited,"	384287000",1.595,0.05,3.57,Financials
ASX:WBT,"Weebit Nano Limited (ASX:WBT)",https://www.listcorp.com/asx/wbt/weebit-nano-limited,"	383568000",1.785,-0.06,-3.25,"Information Technology"
ASX:PAI,"Platinum Asia Investments Limited (ASX:PAI)",https://www.listcorp.com/asx/pai/platinum-asia-investments-limited,"	380400000",1.03,0.00,0.24,Financials
ASX:IZZ,"iShares China Large-Cap ETF (ASX:IZZ)",https://www.listcorp.com/asx/izz/ishares-china-large-cap-etf,"	380305000",54.44,0.51,0.95,Unclassified
ASX:GLPR,"iShares Core FTSE Global Property Ex Australia (AUD Hedged) ETF (ASX:GLPR)",https://www.listcorp.com/asx/glpr/ishares-core-ftse-global-property-ex-australia-aud-hedged-etf,"	379394000",26.18,0.38,1.47,Unclassified
ASX:AMA,"AMA Group Limited (ASX:AMA)",https://www.listcorp.com/asx/ama/ama-group-limited,"	377825000",0.08,0.00,1.27,Industrials
ASX:F100,"BetaShares FTSE 100 ETF (ASX:F100)",https://www.listcorp.com/asx/f100/betashares-ftse-100-etf,"	377108000",13.56,-0.02,-0.15,Unclassified
ASX:SPZ,"Smart Parking Ltd (ASX:SPZ)",https://www.listcorp.com/asx/spz/smart-parking,"	373239000",0.94,0.03,3.3,Industrials
ASX:VEQ,"Vanguard FTSE Europe Shares ETF (ASX:VEQ)",https://www.listcorp.com/asx/veq/vanguard-ftse-europe-shares-etf,"	372654000",82,0.27,0.33,Unclassified
ASX:EML,"EML Payments Limited (ASX:EML)",https://www.listcorp.com/asx/eml/eml-payments-limited,"	372343000",0.9625,-0.01,-1.28,Financials
ASX:LHGG,"Lakehouse Global Growth Fund Active ETF (ASX:LHGG)",https://www.listcorp.com/asx/lhgg/lakehouse-global-growth-fund-active-etf,"	372301000",2.72,0.06,2.26,Unclassified
ASX:DXB,"Dimerix Limited (ASX:DXB)",https://www.listcorp.com/asx/dxb/dimerix-limited,"	371921000",0.605,-0.05,-8.33,"Health Care"
ASX:WQG,"WCM Global Growth Limited (ASX:WQG)",https://www.listcorp.com/asx/wqg/wcm-global-growth-limited,"	371193000",1.705,0.06,3.96,Financials
ASX:AESG,"iShares Global Aggregate Bond ESG (AUD Hedged) ETF (ASX:AESG)",https://www.listcorp.com/asx/aesg/ishares-global-aggregate-bond-esg-aud-hedged-etf,"	371054000",96.78,-0.10,-0.1,Unclassified
ASX:GDI,"GDI Property Group (ASX:GDI)",https://www.listcorp.com/asx/gdi/gdi-property-group,"	370838000",0.695,0.00,0.72,"Real Estate"
ASX:PTM,"Platinum Asset Management Limited (ASX:PTM)",https://www.listcorp.com/asx/ptm/platinum-asset-management-limited,"	369676000",0.6175,-0.02,-2.76,Financials
ASX:PLUS,"VanEck Australian Corporate Bond Plus ETF (ASX:PLUS)",https://www.listcorp.com/asx/plus/vaneck-australian-corporate-bond-plus-etf,"	368670000",17.07,0.02,0.12,Unclassified
ASX:MEK,"Meeka Metals Limited (ASX:MEK)",https://www.listcorp.com/asx/mek/meeka-metals-limited,"	364641000",0.14,-0.01,-3.45,Materials
ASX:RBD,"Restaurant Brands New Zealand Limited (ASX:RBD)",https://www.listcorp.com/asx/rbd/restaurant-brands-new-zealand-limited,"	363047000",2.91,0.00,0,"Consumer Discretionary"
ASX:AVJ,"AVJennings Limited (ASX:AVJ)",https://www.listcorp.com/asx/avj/avjennings-limited,"	362876000",0.65,0.00,0,"Consumer Discretionary"
ASX:PBH,"Pointsbet Holdings Limited (ASX:PBH)",https://www.listcorp.com/asx/pbh/pointsbet-holdings-limited,"	361581000",1.09,0.00,0,"Consumer Discretionary"
ASX:MVE,"Vaneck Vectors S&P/ASX Midcap ETF (ASX:MVE)",https://www.listcorp.com/asx/mve/vaneck-vectors-s-and-p-asx-midcap-etf,"	361028000",41.01,0.06,0.15,Unclassified
ASX:PPS,"Praemium Limited (ASX:PPS)",https://www.listcorp.com/asx/pps/praemium-limited,"	358286000",0.745,-0.01,-0.67,"Information Technology"
ASX:WGN,"Wagners Holding Company Limited (ASX:WGN)",https://www.listcorp.com/asx/wgn/wagners-holding-company-limited,"	357550000",1.89,-0.01,-0.53,Materials
ASX:L1IF,"L1 Capital International Fund (Managed Fund) (ASX:L1IF)",https://www.listcorp.com/asx/l1if/l1-capital-international-fund-managed-fund,"	355847000",6.62,0.02,0.3,Unclassified
ASX:MGX,"Mount Gibson Iron Limited (ASX:MGX)",https://www.listcorp.com/asx/mgx/mount-gibson-iron-limited,"	353866000",0.3025,0.00,0.83,Materials
ASX:SYL,"Symal Group Limited (ASX:SYL)",https://www.listcorp.com/asx/syl/symal-group-limited,"	351879000",1.445,-0.04,-3.02,Industrials
ASX:WJL,"Webjet Group Limited (ASX:WJL)",https://www.listcorp.com/asx/wjl/webjet-group-limited,"	351315000",0.86,-0.03,-3.91,Unclassified
ASX:MMKT,"Betashares Australian Cash Plus Fund (managed fund) (ASX:MMKT)",https://www.listcorp.com/asx/mmkt/betashares-australian-cash-plus-fund-managed-fund,"	348365000",50.1,0.01,0.02,Unclassified
ASX:SBM,"St Barbara Limited (ASX:SBM)",https://www.listcorp.com/asx/sbm/st-barbara-limited,"	346511000",0.3125,-0.01,-2.34,Materials
ASX:SVR,"Solvar Limited (ASX:SVR)",https://www.listcorp.com/asx/svr/solvar-limited,"	342314000",1.68,-0.01,-0.59,Financials
ASX:TECH,"Global X Morningstar Global Technology ETF (ASX:TECH)",https://www.listcorp.com/asx/tech/global-x-morningstar-global-technology-etf,"	342288000",108.76,2.82,2.66,Unclassified
ASX:AMH,"AMCIL Limited (ASX:AMH)",https://www.listcorp.com/asx/amh/amcil,"	340660000",1.07,-0.01,-0.93,Financials
ASX:RMC,"Resimac Group Limited (ASX:RMC)",https://www.listcorp.com/asx/rmc/resimac-group-limited,"	340198000",0.86,0.00,0,Financials
ASX:HTA,"Hutchison Telecommunications (Australia) Limited (ASX:HTA)",https://www.listcorp.com/asx/hta/hutchison-telecommunications-australia-limited,"	339313000",0.026,0.00,4,"Communication Services"
ASX:PAC,"Pacific Current Group Limited (ASX:PAC)",https://www.listcorp.com/asx/pac/pacific-current-group,"	339231000",11.14,-0.11,-0.98,Financials
ASX:IESG,"iShares Core MSCI Australia ESG Leaders ETF (ASX:IESG)",https://www.listcorp.com/asx/iesg/ishares-core-msci-australia-esg-leaders-etf,"	338862000",31.19,0.03,0.1,Unclassified
ASX:PGH,"Pact Group Holdings Ltd (ASX:PGH)",https://www.listcorp.com/asx/pgh/pact-group-holdings-ltd,"	333961000",0.855,-0.12,-11.86,Materials
ASX:OCC,"Orthocell Limited (ASX:OCC)",https://www.listcorp.com/asx/occ/orthocell-limited,"	333927000",1.33,-0.05,-3.62,"Health Care"
ASX:MA1,"MA Credit Income Trust (ASX:MA1)",https://www.listcorp.com/asx/ma1/ma-credit-income-trust,"	332973000",2.01,0.00,0,Unclassified
ASX:ATEC,"BetaShares S&P/ASX Australian Technology ETF (ASX:ATEC)",https://www.listcorp.com/asx/atec/betashares-s-and-p-asx-australian-technology-etf,"	332164000",28.75,0.11,0.38,Unclassified
ASX:AGX1,"Antipodes Global Shares (Quoted Managed Fund) (ASX:AGX1)",https://www.listcorp.com/asx/agx1/antipodes-global-shares,"	332163000",6.74,0.04,0.6,Unclassified
ASX:ATA,"Atturra Limited (ASX:ATA)",https://www.listcorp.com/asx/ata/atturra-limited,"	332041000",0.88,0.01,1.15,"Information Technology"
ASX:INR,"Ioneer Ltd (ASX:INR)",https://www.listcorp.com/asx/inr/ioneer-ltd,"	329794000",0.1375,-0.00,-1.79,Materials
ASX:VLUE,"VanEck MSCI International Value ETF (ASX:VLUE)",https://www.listcorp.com/asx/vlue/vaneck-msci-international-value-etf,"	329585000",28.44,0.14,0.49,Unclassified
ASX:GLOB,"Barrow Hanley Global Share Fund (Managed Fund) (ASX:GLOB)",https://www.listcorp.com/asx/glob/barrow-hanley-global-share-fund-managed-fund,"	328759000",4.93,0.01,0.2,Unclassified
ASX:SYR,"Syrah Resources Limited (ASX:SYR)",https://www.listcorp.com/asx/syr/syrah-resources-limited,"	328307000",0.355,0.04,12.7,Materials
ASX:CAY,"Canyon Resources Limited (ASX:CAY)",https://www.listcorp.com/asx/cay/canyon-resources,"	327104000",0.225,-0.00,-2.17,Materials
ASX:KSL,"Kina Securities Limited (ASX:KSL)",https://www.listcorp.com/asx/ksl/kina-securities-limited,"	326341000",1.12,-0.01,-0.88,Financials
ASX:PE1,"Pengana Private Equity Trust (ASX:PE1)",https://www.listcorp.com/asx/pe1/pengana-private-equity-trust,"	325756000",1.14,-0.04,-3.39,Financials
ASX:MVF,"Monash IVF Group Limited (ASX:MVF)",https://www.listcorp.com/asx/mvf/monash-ivf-group-limited,"	325345000",0.85,0.02,1.8,"Health Care"
ASX:AGI,"Ainsworth Game Technology Limited (ASX:AGI)",https://www.listcorp.com/asx/agi/ainsworth-game-technology-limited,"	325006000",0.955,-0.01,-1.04,"Consumer Discretionary"
ASX:GG8,"Gorilla Gold Mines Ltd (ASX:GG8)",https://www.listcorp.com/asx/gg8/gorilla-gold-mines-ltd,"	322917000",0.4925,-0.02,-4.37,Materials
ASX:MMI,"Metro Mining Limited (ASX:MMI)",https://www.listcorp.com/asx/mmi/metro-mining-limited,"	322870000",0.052,-0.00,-1.89,Materials
ASX:ICOR,"iShares Core Corporate Bond ETF (ASX:ICOR)",https://www.listcorp.com/asx/icor/ishares-core-corporate-bond-etf,"	321178000",95.89,0.00,0,Unclassified
ASX:SPY,"SPDR S&P 500 ETF Trust (ASX:SPY)",https://www.listcorp.com/asx/spy/spdr-s-and-p-500-etf-trust,"	319718000",890.5,8.03,0.91,Unclassified
ASX:NVX,"Novonix Limited (ASX:NVX)",https://www.listcorp.com/asx/nvx/novonix-limited,"	318028000",0.525,0.03,5,"Information Technology"
ASX:ACF,"Acrow Limited (ASX:ACF)",https://www.listcorp.com/asx/acf/acrow-limited,"	317962000",1.025,-0.01,-0.97,Industrials
ASX:SGR,"The Star Entertainment Group Limited (ASX:SGR)",https://www.listcorp.com/asx/sgr/star-entertainment-group,"	315555000",0.11,0.00,0,"Consumer Discretionary"
ASX:FID,"Fiducian Group Limited (ASX:FID)",https://www.listcorp.com/asx/fid/fiducian-group-limited,"	313466000",9.54,-0.39,-3.93,Financials
ASX:BBT,"betr Entertainment Limited (ASX:BBT)",https://www.listcorp.com/asx/bbt/betr-entertainment-limited,"	312577000",0.3275,0.01,2.34,"Consumer Discretionary"
ASX:SKT,"Sky Network Television Limited (ASX:SKT)",https://www.listcorp.com/asx/skt/sky-network-television-limited,"	312522000",2.25,-0.02,-0.88,"Communication Services"
ASX:LRV,"Larvotto Resources Limited (ASX:LRV)",https://www.listcorp.com/asx/lrv/larvotto-resources-limited,"	310478000",0.775,0.02,2.65,Materials
ASX:DN1,"Dominion Income Trust 1 (ASX:DN1)",https://www.listcorp.com/asx/dn1/dominion-income-trust-1,"	308970000",102.5,-0.49,-0.48,Unclassified
ASX:IHD,"iShares S&P/ASX Dividend Opportunities ETF (ASX:IHD)",https://www.listcorp.com/asx/ihd/ishares-s-and-p-asx-dividend-opportunities-etf,"	308057000",14.65,0.06,0.41,Unclassified
ASX:CVW,"Clearview Wealth Limited (ASX:CVW)",https://www.listcorp.com/asx/cvw/clearview-wealth-limited,"	302548000",0.465,0.01,1.09,Financials
ASX:PIA,"Pengana International Equities Limited (ASX:PIA)",https://www.listcorp.com/asx/pia/pengana-international-equities-limited,"	302178000",1.165,-0.01,-0.85,Financials
ASX:WXHG,"SPDR S&P World ex Australia Carbon Control (Hedged) Fund (ASX:WXHG)",https://www.listcorp.com/asx/wxhg/spdr-s-and-p-world-ex-australia-carbon-control-hedged-fund,"	301535000",25.78,0.13,0.51,Unclassified
ASX:WIA,"WIA Gold Limited (ASX:WIA)",https://www.listcorp.com/asx/wia/wia-gold-limited,"	299901000",0.22,0.00,0,Materials
ASX:XGOV,"VanEck 10+ Year Australian Government Bond ETF (ASX:XGOV)",https://www.listcorp.com/asx/xgov/vaneck-10-year-australian-government-bond-etf,"	298845000",51.37,-0.15,-0.29,Unclassified
ASX:WDIV,"SPDR S&P Global Dividend Fund (ASX:WDIV)",https://www.listcorp.com/asx/wdiv/spdr-s-and-p-global-dividend-fund,"	296578000",21.16,0.03,0.14,Unclassified
ASX:JMS,"Jupiter Mines Limited (ASX:JMS)",https://www.listcorp.com/asx/jms/jupiter-mines-limited,"	294156000",0.1475,-0.00,-1.67,Materials
ASX:HZN,"Horizon Oil Limited (ASX:HZN)",https://www.listcorp.com/asx/hzn/horizon-oil-limited,"	292554000",0.1825,0.00,1.39,Energy
ASX:RCB,"Russell Investments Australian Select Corporate Bond ETF (ASX:RCB)",https://www.listcorp.com/asx/rcb/russell-investments-australian-select-corporate-bond-etf,"	290821000",20.3,-0.03,-0.15,Unclassified
ASX:MSTR,"Morningstar International Shares Active ETF (Managed Fund) (ASX:MSTR)",https://www.listcorp.com/asx/mstr/morningstar-international-shares-active-etf-managed-fund,"	290770000",9.75,0.11,1.14,Unclassified
ASX:REP,"RAM Essential Services Property Fund (ASX:REP)",https://www.listcorp.com/asx/rep/ram-essential-services-property-fund,"	290676000",0.57,-0.01,-1.72,"Real Estate"
ASX:SEMI,"Global X Semiconductor ETF (ASX:SEMI)",https://www.listcorp.com/asx/semi/global-x-semiconductor-etf,"	289832000",16,0.31,1.98,Unclassified
ASX:ISEC,"iShares Enhanced Cash ETF (ASX:ISEC)",https://www.listcorp.com/asx/isec/ishares-enhanced-cash-etf,"	289190000",100.68,0.03,0.03,Unclassified
ASX:SFC,"Schaffer Corporation Limited (ASX:SFC)",https://www.listcorp.com/asx/sfc/schaffer-corporation-limited,"	288125000",21.2,0.00,0,"Consumer Discretionary"
ASX:MVR,"Vaneck Vectors Australian Resources ETF (ASX:MVR)",https://www.listcorp.com/asx/mvr/vaneck-vectors-australian-resources-etf,"	287658000",32.45,0.58,1.82,Unclassified
ASX:COG,"COG Financial Services Limited (ASX:COG)",https://www.listcorp.com/asx/cog/cog-financial-services-limited,"	286610000",1.41,-0.01,-0.7,Financials
ASX:QMIX,"SPDR MSCI World Quality Mix Fund (ASX:QMIX)",https://www.listcorp.com/asx/qmix/spdr-msci-world-quality-mix-fund,"	286503000",32.87,0.61,1.89,Unclassified
ASX:MAET,"Munro Global Growth Fund (ASX:MAET)",https://www.listcorp.com/asx/maet/munro-global-growth-fund,"	286395000",6.65,0.03,0.45,Unclassified
ASX:QRE,"BetaShares Australian Resources Sector ETF (ASX:QRE)",https://www.listcorp.com/asx/qre/betashares-australian-resources-sector-etf,"	286381000",6.77,0.07,1.04,Unclassified
ASX:PSQ,"Pacific Smiles Group Limited (ASX:PSQ)",https://www.listcorp.com/asx/psq/pacific-smiles-group,"	284458000",1.78,0.02,1.14,"Health Care"
ASX:BTR,"Brightstar Resources Limited (ASX:BTR)",https://www.listcorp.com/asx/btr/brightstar-resources-limited,"	283546000",0.58,-0.02,-3.33,Materials
ASX:MRE,"Metrics Real Estate Multi-Strategy Fund (ASX:MRE)",https://www.listcorp.com/asx/mre/metrics-real-estate-multi-strategy-fund,"	282391000",1.88,0.01,0.8,Unclassified
ASX:VLC,"Vanguard MSCI Australian Large Companies Index ETF (ASX:VLC)",https://www.listcorp.com/asx/vlc/vanguard-msci-australian-large-companies-index-etf,"	281575000",81.36,0.36,0.44,Unclassified
ASX:MI6,"Minerals 260 Limited (ASX:MI6)",https://www.listcorp.com/asx/mi6/minerals-260-limited,"	279090000",0.135,0.00,0,Materials
ASX:AZY,"Antipa Minerals Limited (ASX:AZY)",https://www.listcorp.com/asx/azy/antipa-minerals,"	278594000",0.475,-0.01,-2.06,Materials
ASX:OFX,"OFX Group Limited (ASX:OFX)",https://www.listcorp.com/asx/ofx/ofx-group-limited,"	278581000",1.1975,0.00,0.21,Financials
ASX:PWR,"Peter Warren Automotive Holdings Limited (ASX:PWR)",https://www.listcorp.com/asx/pwr/peter-warren-automotive-holdings-limited,"	277332000",1.6025,-0.01,-0.47,"Consumer Discretionary"
ASX:CRN,"Coronado Global Resources Inc. (ASX:CRN)",https://www.listcorp.com/asx/crn/coronado-global-resources-inc.,"	276615000",0.17,0.00,3.03,Materials
ASX:NTU,"Northern Minerals Limited (ASX:NTU)",https://www.listcorp.com/asx/ntu/northern-minerals-limited,"	275786000",0.027,-0.01,-18.18,Materials
ASX:MQAE,"Macquarie Core Australian Equity Active ETF (ASX:MQAE)",https://www.listcorp.com/asx/mqae/macquarie-core-australian-equity-active-etf,"	275183000",11.16,0.02,0.18,Unclassified
ASX:SHA,"SHAPE Australia Corporation Limited (ASX:SHA)",https://www.listcorp.com/asx/sha/shape-australia-corporation-limited,"	269670000",3.22,-0.01,-0.31,Industrials
ASX:URF,"US Masters Residential Property Fund (ASX:URF)",https://www.listcorp.com/asx/urf/us-masters-residential-property,"	269444000",0.385,-0.00,-1.28,"Real Estate"
ASX:TBR,"Tribune Resources Ltd (ASX:TBR)",https://www.listcorp.com/asx/tbr/tribune-resources,"	268637000",5.05,-0.07,-1.37,Materials
ASX:THL,"Tourism Holdings Rentals Limited (ASX:THL)",https://www.listcorp.com/asx/thl/tourism-holdings-rentals-limited,"	268634000",1.215,0.00,0,Industrials
ASX:LGI,"LGI Limited (ASX:LGI)",https://www.listcorp.com/asx/lgi/lgi-limited,"	268202000",3.02,0.00,0,Utilities
ASX:RDV,"Russell Investments High Dividend Australian Shares ETF (ASX:RDV)",https://www.listcorp.com/asx/rdv/russell-investments-high-dividend-australian-shares-etf,"	267658000",32.26,0.01,0.03,Unclassified
ASX:RBTZ,"Betashares Global Robotics and Artificial Intelligence ETF (ASX:RBTZ)",https://www.listcorp.com/asx/rbtz/betashares-global-robotics-and-artificial-intelligence-etf,"	265679000",13.39,0.15,1.13,Unclassified
ASX:FWD,"Fleetwood Limited (ASX:FWD)",https://www.listcorp.com/asx/fwd/fleetwood-limited,"	265653000",2.77,-0.08,-2.81,"Consumer Discretionary"
ASX:QHSM,"VanEck MSCI International Small Companies Quality (AUD Hedged) ETF (ASX:QHSM)",https://www.listcorp.com/asx/qhsm/vaneck-msci-international-small-companies-quality-aud-hedged-etf,"	260742000",29.08,0.43,1.5,Unclassified
ASX:UMAX,"BetaShares S&P 500 Yield Maximiser Fund (managed fund) (ASX:UMAX)",https://www.listcorp.com/asx/umax/betashares-s-and-p-500-yield-maximiser-fund-managed-fund,"	260399000",24.8,-0.01,-0.04,Unclassified
ASX:RDY,"ReadyTech Holdings Limited (ASX:RDY)",https://www.listcorp.com/asx/rdy/readytech-holdings-limited,"	260158000",2.145,0.01,0.7,"Information Technology"
ASX:IHCB,"iShares Core Global Corporate Bond (AUD Hedged) ETF (ASX:IHCB)",https://www.listcorp.com/asx/ihcb/ishares-core-global-corporate-bond-aud-hedged-etf,"	258762000",90.82,0.18,0.2,Unclassified
ASX:AFP,"AFT Pharmaceuticals Limited (ASX:AFP)",https://www.listcorp.com/asx/afp/aft-pharmaceuticals-limited,"	256922000",2.45,0.00,0,"Health Care"
ASX:WC8,"Wildcat Resources Limited (ASX:WC8)",https://www.listcorp.com/asx/wc8/wildcat-resources-limited,"	255468000",0.185,-0.00,-2.63,Materials
ASX:HUM,"Humm Group Limited (ASX:HUM)",https://www.listcorp.com/asx/hum/humm-group-limited,"	253635000",0.505,-0.01,-1.94,Financials
ASX:RG8,"Regal Asian Investments Limited (ASX:RG8)",https://www.listcorp.com/asx/rg8/regal-asian-investments-limited,"	253131000",1.76,0.07,4.45,Financials
ASX:ECF,"Elanor Commercial Property Fund (ASX:ECF)",https://www.listcorp.com/asx/ecf/elanor-commercial-property-fund,"	250306000",0.6125,-0.00,-0.41,"Real Estate"
ASX:CGS,"Cogstate Limited (ASX:CGS)",https://www.listcorp.com/asx/cgs/cogstate-limited,"	249204000",1.3,-0.16,-10.96,"Health Care"
ASX:FND,"Findi Limited (ASX:FND)",https://www.listcorp.com/asx/fnd/findi-limited,"	249059000",4.35,0.32,7.94,Financials
ASX:HLO,"Helloworld Travel Limited (ASX:HLO)",https://www.listcorp.com/asx/hlo/helloworld-travel-limited,"	248256000",1.575,0.06,3.62,"Consumer Discretionary"
ASX:MVB,"Vaneck Vectors Australian Banks ETF (ASX:MVB)",https://www.listcorp.com/asx/mvb/vaneck-vectors-australian-banks-etf,"	247254000",38.45,0.07,0.18,Unclassified
ASX:ESTX,"Global X EURO STOXX 50 ETF (ASX:ESTX)",https://www.listcorp.com/asx/estx/global-x-euro-stoxx-50-etf,"	245671000",104.16,0.55,0.53,Unclassified
ASX:GDF,"Garda Property Group (ASX:GDF)",https://www.listcorp.com/asx/gdf/garda-property-group,"	244986000",1.145,0.02,1.33,"Real Estate"
ASX:CVC,"CVC Limited (ASX:CVC)",https://www.listcorp.com/asx/cvc/cvc-limited,"	244936000",2.11,0.01,0.48,Financials
ASX:BBN,"Baby Bunting Group Limited (ASX:BBN)",https://www.listcorp.com/asx/bbn/baby-bunting-group-limited,"	244880000",1.81,-0.01,-0.28,"Consumer Discretionary"
ASX:TRS,"The Reject Shop Limited (ASX:TRS)",https://www.listcorp.com/asx/trs/the-reject-shop-limited,"	244747000",6.58,0.03,0.46,"Consumer Discretionary"
ASX:WAX,"WAM Research Limited (ASX:WAX)",https://www.listcorp.com/asx/wax/wam-research,"	244345000",1.165,-0.01,-1.27,Financials
ASX:TBN,"Tamboran Resources Limited (ASX:TBN)",https://www.listcorp.com/asx/tbn/tamboran-resources-limited,"	244322000",0.17,-0.01,-2.86,Energy
ASX:BKY,"Berkeley Energia Limited (ASX:BKY)",https://www.listcorp.com/asx/bky/berkeley-energia-limited,"	242959000",0.53,-0.01,-2.75,Energy
ASX:RGB,"Russell Investments Australian Government Bond ETF (ASX:RGB)",https://www.listcorp.com/asx/rgb/russell-investments-australian-government-bond-etf,"	242558000",19.25,-0.02,-0.1,Unclassified
ASX:SMLL,"Betashares Australian Small Companies Select Fund (managed fund) (ASX:SMLL)",https://www.listcorp.com/asx/smll/betashares-australian-small-companies-select-fund-managed-fund,"	242536000",3.77,-0.02,-0.53,Unclassified
ASX:APX,"Appen Limited (ASX:APX)",https://www.listcorp.com/asx/apx/appen-limited,"	241790000",0.92,0.01,0.55,"Information Technology"
ASX:D2O,"Duxton Water Limited (ASX:D2O)",https://www.listcorp.com/asx/d2o/duxton-water-limited,"	240786000",1.55,0.02,0.98,Utilities
ASX:HVST,"BetaShares Australian Dividend Harvester Fund (managed fund) (ASX:HVST)",https://www.listcorp.com/asx/hvst/betashares-australian-dividend-harvester-fund,"	240006000",13.28,0.03,0.23,Unclassified
ASX:WIRE,"Global X Copper Miners ETF (ASX:WIRE)",https://www.listcorp.com/asx/wire/global-x-copper-miners-etf,"	239598000",12.45,0.34,2.81,Unclassified
ASX:GBND,"BetaShares Sustainability Leaders Diversified Bond ETF - Currency Hedged (ASX:GBND)",https://www.listcorp.com/asx/gbnd/betashares-sustainability-leaders-diversified-bond-etf-currency-hedged,"	238652000",20.65,-0.01,-0.05,Unclassified
ASX:VDCO,"Vanguard Diversified Conservative Index ETF (ASX:VDCO)",https://www.listcorp.com/asx/vdco/vanguard-diversified-conservative-index-etf,"	238500000",53.71,-0.02,-0.04,Unclassified
ASX:STK,"Strickland Metals Limited (ASX:STK)",https://www.listcorp.com/asx/stk/strickland-metals-limited,"	237548000",0.115,0.01,9.52,Materials
ASX:OMH,"OM Holdings Limited (ASX:OMH)",https://www.listcorp.com/asx/omh/om-holdings-limited,"	237540000",0.31,0.00,0,Materials
ASX:LAU,"Lindsay Australia Limited (ASX:LAU)",https://www.listcorp.com/asx/lau/lindsay-australia-limited,"	236292000",0.715,-0.03,-4.03,Industrials
ASX:ANG,"Austin Engineering Ltd (ASX:ANG)",https://www.listcorp.com/asx/ang/austin-engineering,"	235802000",0.3875,0.01,1.97,Industrials
ASX:GLDN,"iShares Physical Gold ETF (ASX:GLDN)",https://www.listcorp.com/asx/gldn/ishares-physical-gold-etf,"	234527000",40.58,-0.71,-1.72,Unclassified
ASX:MEI,"Meteoric Resources NL (ASX:MEI)",https://www.listcorp.com/asx/mei/meteoric-resources,"	231349000",0.097,-0.00,-2.02,Materials
ASX:BRE,"Brazilian Rare Earths Limited (ASX:BRE)",https://www.listcorp.com/asx/bre/brazilian-rare-earths-limited,"	231070000",2.02,-0.03,-1.46,Materials
ASX:AUC,"Ausgold Limited (ASX:AUC)",https://www.listcorp.com/asx/auc/ausgold-limited,"	230232000",0.6525,0.01,1.16,Materials
ASX:GVF,"Staude Capital Global Value Fund Limited (ASX:GVF)",https://www.listcorp.com/asx/gvf/staude-capital-global-value-fund-limited,"	229096000",1.335,0.03,1.91,Financials
ASX:AAR,"Astral Resources NL (ASX:AAR)",https://www.listcorp.com/asx/aar/astral-resources-nl,"	226788000",0.16,0.00,0,Materials
ASX:WAT,"Waterco Limited (ASX:WAT)",https://www.listcorp.com/asx/wat/waterco,"	225062000",6.41,0.01,0.16,"Consumer Discretionary"
ASX:IIND,"BetaShares India Quality ETF (ASX:IIND)",https://www.listcorp.com/asx/iind/betashares-india-quality-etf,"	223974000",12.06,0.36,3.08,Unclassified
ASX:SMP,"Smartpay Holdings Limited (ASX:SMP)",https://www.listcorp.com/asx/smp/smartpay-holdings-limited,"	222588000",0.925,0.00,0.54,Financials
ASX:TVN,"Tivan Limited (ASX:TVN)",https://www.listcorp.com/asx/tvn/tivan-limited,"	222222000",0.105,-0.01,-4.55,Materials
ASX:EOS,"Electro Optic Systems Holdings Limited (ASX:EOS)",https://www.listcorp.com/asx/eos/electro-optic-systems-holdings-limited,"	220930000",1.24,0.10,8.3,Industrials
ASX:KMD,"KMD Brands Limited (ASX:KMD)",https://www.listcorp.com/asx/kmd/kmd-brands-limited,"	220617000",0.32,0.01,3.23,"Consumer Discretionary"
ASX:GRR,"Grange Resources Limited (ASX:GRR)",https://www.listcorp.com/asx/grr/grange-resources,"	219894000",0.195,0.00,2.63,Materials
ASX:FEX,"Fenix Resources Ltd (ASX:FEX)",https://www.listcorp.com/asx/fex/fenix-resources-ltd,"	218638000",0.2925,-0.00,-0.85,Materials
ASX:EMKT,"VanEck MSCI Multifactor Emerging Markets Equity ETF (ASX:EMKT)",https://www.listcorp.com/asx/emkt/vaneck-msci-multifactor-emerging-markets-equity-etf,"	218106000",26.96,0.33,1.24,Unclassified
ASX:ONE,"Oneview Healthcare Plc (ASX:ONE)",https://www.listcorp.com/asx/one/oneview-healthcare-plc,"	217226000",0.295,0.01,3.51,"Health Care"
ASX:XARO,"Activex Ardea Real Outcome Bond Fund (Managed Fund) (ASX:XARO)",https://www.listcorp.com/asx/xaro/activex-ardea-real-outcome-bond-fund-managed-fund,"	216475000",24.05,0.03,0.12,Unclassified
ASX:RAC,"Race Oncology Limited (ASX:RAC)",https://www.listcorp.com/asx/rac/race-oncology-limited,"	216293000",1.325,0.08,6.43,"Health Care"
ASX:GRX,"GreenX Metals Limited (ASX:GRX)",https://www.listcorp.com/asx/grx/greenx-metals-limited,"	215510000",0.76,-0.01,-1.3,Materials
ASX:ROBO,"Global X ROBO Global Robotics & Automation ETF (ASX:ROBO)",https://www.listcorp.com/asx/robo/global-x-robo-global-robotics-and-automation-etf,"	215353000",74.63,1.18,1.61,Unclassified
ASX:XRF,"XRF Scientific Limited (ASX:XRF)",https://www.listcorp.com/asx/xrf/xrf-scientific-limited,"	215020000",1.585,0.05,3.59,Industrials
ASX:IHHY,"iShares Global High Yield Bond (AUD Hedged) ETF (ASX:IHHY)",https://www.listcorp.com/asx/ihhy/ishares-global-high-yield-bond-aud-hedged-etf,"	214885000",93.05,0.56,0.61,Unclassified
ASX:RHI,"Red Hill Minerals Limited (ASX:RHI)",https://www.listcorp.com/asx/rhi/red-hill-minerals-limited,"	214828000",3.36,0.01,0.3,Materials
ASX:WHI,"Whitefield Income Limited (ASX:WHI)",https://www.listcorp.com/asx/whi/whitefield-income-limited,"	214803000",1.33,-0.01,-0.75,Unclassified
ASX:POL,"Polymetals Resources Ltd (ASX:POL)",https://www.listcorp.com/asx/pol/polymetals-resources,"	214195000",0.86,0.00,0,Materials
ASX:FSML,"Firetrail Australian Small Companies Fund - Active ETF (ASX:FSML)",https://www.listcorp.com/asx/fsml/firetrail-australian-small-companies-fund-active-etf,"	214064000",1.78,-0.02,-1.11,Unclassified
ASX:EGH,"Eureka Group Holdings Limited (ASX:EGH)",https://www.listcorp.com/asx/egh/eureka-group-holdings-limited,"	212089000",0.49,-0.01,-2,"Real Estate"
ASX:VYS,"Vysarn Limited (ASX:VYS)",https://www.listcorp.com/asx/vys/vysarn-limited,"	210978000",0.39,-0.01,-2.5,Materials
ASX:BBOZ,"BetaShares Australian Equities Strong Bear Hedge Fund (ASX:BBOZ)",https://www.listcorp.com/asx/bboz/betashares-australian-equities-strong-bear-hedge-fund,"	208581000",25.37,-0.12,-0.47,Unclassified
ASX:ESGI,"VanEck MSCI International Sustainable Equity ETF (ASX:ESGI)",https://www.listcorp.com/asx/esgi/vaneck-msci-international-sustainable-equity-etf,"	207958000",36.84,0.14,0.38,Unclassified
ASX:SWM,"Seven West Media Limited (ASX:SWM)",https://www.listcorp.com/asx/swm/seven-west-media-limited,"	207784000",0.135,0.00,0,"Communication Services"
ASX:SYA,"Sayona Mining Limited (ASX:SYA)",https://www.listcorp.com/asx/sya/sayona-mining,"	207779000",0.017,-0.00,-5.56,Materials
ASX:IMB,"Intelligent Monitoring Group Limited (ASX:IMB)",https://www.listcorp.com/asx/imb/intelligent-monitoring-group-limited,"	205951000",0.575,-0.00,-0.86,Industrials
ASX:GGOV,"BetaShares U.S. Treasury Bond 20+ Year ETF - Currency Hedged (ASX:GGOV)",https://www.listcorp.com/asx/ggov/betashares-u.s.-treasury-bond-20-year-etf-currency-hedged,"	204281000",13.04,-0.03,-0.23,Unclassified
ASX:FRI,"Finbar Group Limited (ASX:FRI)",https://www.listcorp.com/asx/fri/finbar-group-limited,"	204092000",0.75,0.00,0,"Real Estate"
ASX:LGL,"Lynch Group Holdings Limited (ASX:LGL)",https://www.listcorp.com/asx/lgl/lynch-group-holdings-limited,"	202630000",1.66,0.00,0,"Consumer Staples"
ASX:A1M,"AIC Mines Limited (ASX:A1M)",https://www.listcorp.com/asx/a1m/aic-mines-limited,"	201489000",0.35,0.00,0,Materials
ASX:WAR,"WAM Strategic Value Limited (ASX:WAR)",https://www.listcorp.com/asx/war/wam-strategic-value-limited,"	199940000",1.12,0.01,0.9,Financials
ASX:NDIA,"Global X India Nifty 50 ETF (ASX:NDIA)",https://www.listcorp.com/asx/ndia/global-x-india-nifty-50-etf,"	198959000",78,2.39,3.16,Unclassified
ASX:NZM,"NZME Limited (ASX:NZM)",https://www.listcorp.com/asx/nzm/nzme-limited,"	198234000",1.07,0.01,1.42,"Communication Services"
ASX:3DA,"Amaero Ltd (ASX:3DA)",https://www.listcorp.com/asx/3da/amaero-ltd,"	196671000",0.27,-0.01,-5.26,Industrials
ASX:WMA,"WAM Alternative Assets Limited (ASX:WMA)",https://www.listcorp.com/asx/wma/wam-alternative-assets-limited,"	196173000",1.01,0.01,1,Financials
ASX:UOS,"United Overseas Australia Limited (ASX:UOS)",https://www.listcorp.com/asx/uos/united-overseas-australia,"	193418000",0.56,-0.02,-2.61,"Real Estate"
ASX:RXL,"Rox Resources Limited (ASX:RXL)",https://www.listcorp.com/asx/rxl/rox-resources,"	192232000",0.2925,-0.02,-7.14,Materials
ASX:GRNV,"VanEck MSCI Australian Sustainable Equity ETF (ASX:GRNV)",https://www.listcorp.com/asx/grnv/vaneck-msci-australian-sustainable-equity-etf,"	191994000",32.86,-0.02,-0.06,Unclassified
ASX:UTIP,"Betashares Inflation-Protected U.S. Treasury Bond Currency Hedged ETF (ASX:UTIP)",https://www.listcorp.com/asx/utip/betashares-inflation-protected-u.s.-treasury-bond-currency-hedged-etf,"	187977000",25.82,0.00,0,Unclassified
ASX:ETPMAG,"Global X Physical Silver (ASX:ETPMAG)",https://www.listcorp.com/asx/etpmag/global-x-physical-silver,"	187753000",47.19,0.33,0.7,Unclassified
ASX:EIQ,"Echo IQ Limited (ASX:EIQ)",https://www.listcorp.com/asx/eiq/echo-iq-limited,"	185384000",0.31,-0.01,-1.59,"Information Technology"
ASX:CDM,"Cadence Capital Limited (ASX:CDM)",https://www.listcorp.com/asx/cdm/cadence-capital,"	184871000",0.625,0.01,1.63,Financials
ASX:NDO,"Nido Education Limited (ASX:NDO)",https://www.listcorp.com/asx/ndo/nido-education-limited,"	184736000",0.795,-0.01,-1.85,"Consumer Discretionary"
ASX:MTO,"MotorCycle Holdings Limited (ASX:MTO)",https://www.listcorp.com/asx/mto/motorcycle-holdings-limited,"	184516000",2.48,-0.02,-0.8,"Consumer Discretionary"
ASX:CRYP,"BetaShares Crypto Innovators ETF (ASX:CRYP)",https://www.listcorp.com/asx/cryp/betashares-crypto-innovators-etf,"	183287000",6.33,0.20,3.26,Unclassified
ASX:EEG,"Empire Energy Group Limited (ASX:EEG)",https://www.listcorp.com/asx/eeg/empire-energy-group-limited,"	183115000",0.195,0.01,8.33,Energy
ASX:TLG,"Talga Group Ltd (ASX:TLG)",https://www.listcorp.com/asx/tlg/talga-group,"	182708000",0.415,-0.01,-2.35,Materials
ASX:AKP,"Audio Pixels Limited (ASX:AKP)",https://www.listcorp.com/asx/akp/audio-pixels-limited,"	181103000",6.2,0.00,0,"Consumer Discretionary"
ASX:SKS,"SKS Technologies Group Limited (ASX:SKS)",https://www.listcorp.com/asx/sks/sks-technologies-group-limited,"	180346000",1.625,0.03,1.88,Industrials
ASX:CAA,"Capral Limited (ASX:CAA)",https://www.listcorp.com/asx/caa/capral-limited,"	180094000",10.64,-0.07,-0.65,Materials
ASX:CVN,"Carnarvon Energy Limited (ASX:CVN)",https://www.listcorp.com/asx/cvn/carnarvon-energy-limited,"	178909000",0.1025,0.00,2.5,Energy
ASX:3PL,"3P Learning Limited (ASX:3PL)",https://www.listcorp.com/asx/3pl/3p-learning-limited,"	178754000",0.655,0.00,0,"Consumer Discretionary"
ASX:FEMX,"Fidelity Global Emerging Markets Fund (ASX:FEMX)",https://www.listcorp.com/asx/femx/fidelity-global-emerging-markets-fund,"	178707000",6.5,0.05,0.78,Unclassified
ASX:29M,"29Metals Limited (ASX:29M)",https://www.listcorp.com/asx/29m/29metals-limited,"	178274000",0.145,0.02,11.54,Materials
ASX:SSG,"Shaver Shop Group Limited (ASX:SSG)",https://www.listcorp.com/asx/ssg/shaver-shop-group-limited,"	178177000",1.37,0.01,0.74,"Consumer Discretionary"
ASX:CEH,"Coast Entertainment Holdings Limited (ASX:CEH)",https://www.listcorp.com/asx/ceh/coast-entertainment-holdings-limited,"	177012000",0.41,0.00,0,"Consumer Discretionary"
ASX:A1N,"ARN Media Limited (ASX:A1N)",https://www.listcorp.com/asx/a1n/arn-media-limited,"	174526000",0.56,0.00,0.45,"Communication Services"
ASX:AIS,"Aeris Resources Limited (ASX:AIS)",https://www.listcorp.com/asx/ais/aeris-resources-limited,"	174293000",0.18,0.00,0,Materials
ASX:CTT,"Cettire Limited (ASX:CTT)",https://www.listcorp.com/asx/ctt/cettire-limited,"	173463000",0.465,0.01,2.2,"Consumer Discretionary"
ASX:EBND,"VanEck Emerging Income Opportunities Active ETF (Managed Fund) (ASX:EBND)",https://www.listcorp.com/asx/ebnd/vaneck-emerging-income-opportunities-active-etf-managed-fund,"	173126000",10.34,-0.02,-0.19,Unclassified
ASX:RNU,"Renascor Resources Limited (ASX:RNU)",https://www.listcorp.com/asx/rnu/renascor-resources,"	172932000",0.067,-0.00,-1.47,Materials
ASX:BRL,"Bathurst Resources Limited (ASX:BRL)",https://www.listcorp.com/asx/brl/bathurst-resources,"	172782000",0.725,0.00,0.69,Materials
ASX:SVL,"Silver Mines Limited (ASX:SVL)",https://www.listcorp.com/asx/svl/silver-mines-limited,"	172638000",0.095,-0.00,-2.06,Materials
ASX:DUG,"DUG Technology Ltd (ASX:DUG)",https://www.listcorp.com/asx/dug/dug-technology-ltd,"	172362000",1.225,-0.06,-4.3,"Information Technology"
ASX:CTM,"Centaurus Metals Limited (ASX:CTM)",https://www.listcorp.com/asx/ctm/centaurus-metals-limited,"	171362000",0.36,0.02,4.35,Materials
ASX:AVH,"AVITA Medical, Inc. (ASX:AVH)",https://www.listcorp.com/asx/avh/avita-medical-inc.,"	170946000",2.3,-0.20,-8,"Health Care"
ASX:SXL,"Southern Cross Media Group Limited (ASX:SXL)",https://www.listcorp.com/asx/sxl/southern-cross-media-group-limited,"	170328000",0.72,0.01,1.41,"Communication Services"
ASX:MVS,"Vaneck Vectors Small Companies Masters ETF (ASX:MVS)",https://www.listcorp.com/asx/mvs/vaneck-vectors-small-companies-masters-etf,"	169315000",20.03,0.01,0.05,Unclassified
ASX:VCF,"Vanguard International Credit Securities Index (Hedged) ETF (ASX:VCF)",https://www.listcorp.com/asx/vcf/vanguard-international-credit-securities-index-hedged-etf,"	167269000",38.62,-0.01,-0.03,Unclassified
ASX:QGL,"Quantum Graphite Limited (ASX:QGL)",https://www.listcorp.com/asx/qgl/quantum-graphite-limited,"	165595000",0.48,0.00,0,Materials
ASX:DRUG,"BetaShares Global Healthcare ETF - Currency Hedged (ASX:DRUG)",https://www.listcorp.com/asx/drug/betashares-global-healthcare-etf-currency-hedged,"	165515000",7.51,-0.10,-1.31,Unclassified
ASX:ZEO,"Zeotech Limited (ASX:ZEO)",https://www.listcorp.com/asx/zeo/zeotech-limited,"	165209000",0.089,0.00,0,Materials
ASX:MRL,"Mayur Resources Limited (ASX:MRL)",https://www.listcorp.com/asx/mrl/mayur-resources-limited,"	164406000",0.21,0.00,0,Materials
ASX:IMU,"Imugene Limited (ASX:IMU)",https://www.listcorp.com/asx/imu/imugene,"	164274000",0.022,0.00,0,"Health Care"
ASX:EMV,"Emvision Medical Devices Limited (ASX:EMV)",https://www.listcorp.com/asx/emv/emvision-medical-devices-limited,"	163337000",1.85,-0.06,-3.14,"Health Care"
ASX:PCX,"Pengana Global Private Credit Trust (ASX:PCX)",https://www.listcorp.com/asx/pcx/pengana-global-private-credit-trust,"	162813000",1.98,0.00,0,Unclassified
ASX:STP,"Step One Clothing Limited (ASX:STP)",https://www.listcorp.com/asx/stp/step-one-clothing-limited,"	162173000",0.82,-0.06,-6.29,"Consumer Discretionary"
ASX:MDX,"Mindax Limited (ASX:MDX)",https://www.listcorp.com/asx/mdx/mindax-limited,"	160562000",0.07,0.00,0,Materials
ASX:PIXX,"Platinum International Fund (Quoted Managed Hedge Fund) (ASX:PIXX)",https://www.listcorp.com/asx/pixx/platinum-international-fund-quoted-managed-hedge-fund,"	160393000",4.95,0.03,0.61,Unclassified
ASX:BIS,"Bisalloy Steel Group Limited (ASX:BIS)",https://www.listcorp.com/asx/bis/bisalloy-steel-group-limited,"	159998000",3.3,-0.04,-1.2,Materials
ASX:RCT,"Reef Casino Trust (ASX:RCT)",https://www.listcorp.com/asx/rct/reef-casino,"	159448000",3.49,0.24,7.38,"Consumer Discretionary"
ASX:NMR,"Native Mineral Resources Holdings Limited (ASX:NMR)",https://www.listcorp.com/asx/nmr/native-mineral-resources-holdings-limited,"	159001000",0.175,-0.01,-2.78,Materials
ASX:WDMF,"iShares Edge MSCI World Multifactor ETF (ASX:WDMF)",https://www.listcorp.com/asx/wdmf/ishares-edge-msci-world-multifactor-etf,"	158935000",47.14,0.18,0.38,Unclassified
ASX:ARX,"Aroa Biosurgery Limited (ASX:ARX)",https://www.listcorp.com/asx/arx/aroa-biosurgery-limited,"	158654000",0.445,-0.01,-3.26,"Health Care"
ASX:MHJ,"Michael Hill International Limited (ASX:MHJ)",https://www.listcorp.com/asx/mhj/michael-hill-international-limited,"	157776000",0.41,0.00,0,"Consumer Discretionary"
ASX:BTI,"Bailador Technology Investments Limited (ASX:BTI)",https://www.listcorp.com/asx/bti/bailador-technology-investments-limited,"	156002000",1.07,0.02,1.9,Financials
ASX:COI,"Comet Ridge Limited (ASX:COI)",https://www.listcorp.com/asx/coi/comet-ridge-limited,"	155537000",0.13,0.00,0,Energy
ASX:ASL,"Andean Silver Limited (ASX:ASL)",https://www.listcorp.com/asx/asl/andean-silver-limited,"	154804000",0.975,0.00,0,Materials
ASX:CCV,"Cash Converters International Limited (ASX:CCV)",https://www.listcorp.com/asx/ccv/cash-converters-international-limited,"	153749000",0.245,0.00,0,Financials
ASX:PRG,"PRL Global Limited (ASX:PRG)",https://www.listcorp.com/asx/prg/prl-global-limited,"	151416000",1.345,0.00,0,Materials
ASX:DLI,"Delta Lithium Limited (ASX:DLI)",https://www.listcorp.com/asx/dli/delta-lithium-limited,"	150474000",0.205,-0.00,-2.38,Materials
ASX:PLT,"Plenti Group Limited (ASX:PLT)",https://www.listcorp.com/asx/plt/plenti-group-limited,"	150045000",0.85,0.00,0,Financials
ASX:CYC,"Cyclopharm Limited (ASX:CYC)",https://www.listcorp.com/asx/cyc/cyclopharm-limited,"	150035000",1.23,-0.12,-8.89,"Health Care"
ASX:CXO,"Core Lithium Ltd (ASX:CXO)",https://www.listcorp.com/asx/cxo/core-lithium-ltd,"	150011000",0.072,0.00,2.86,Materials
ASX:NMG,"New Murchison Gold Limited (ASX:NMG)",https://www.listcorp.com/asx/nmg/new-murchison-gold-limited,"	147763000",0.015,0.00,0,Materials
ASX:ART,"Airtasker Limited (ASX:ART)",https://www.listcorp.com/asx/art/airtasker-limited,"	147658000",0.3175,-0.01,-2.31,"Communication Services"
ASX:GSS,"Genetic Signatures Limited (ASX:GSS)",https://www.listcorp.com/asx/gss/genetic-signatures-limited,"	147640000",0.595,-0.05,-8.46,"Health Care"
ASX:TBIL,"VanEck 1-3 Month US Treasury Bond ETF (ASX:TBIL)",https://www.listcorp.com/asx/tbil/vaneck-1-3-month-us-treasury-bond-etf,"	147504000",52.08,-0.17,-0.33,Unclassified
ASX:URNM,"Betashares Global Uranium ETF (ASX:URNM)",https://www.listcorp.com/asx/urnm/betashares-global-uranium-etf,"	147436000",7.46,0.13,1.77,Unclassified
ASX:AKM,"Aspire Limited (ASX:AKM)",https://www.listcorp.com/asx/akm/aspire-limited,"	147215000",0.26,-0.03,-10.34,Materials
ASX:EMXC,"iShares MSCI Emerging Markets ex China ETF (ASX:EMXC)",https://www.listcorp.com/asx/emxc/ishares-msci-emerging-markets-ex-china-etf,"	146870000",27.04,0.27,1.01,Unclassified
ASX:AIM,"Ai-Media Technologies Limited (ASX:AIM)",https://www.listcorp.com/asx/aim/ai-media-technologies-limited,"	146170000",0.665,-0.04,-5,Industrials
ASX:TZN,"Terramin Australia Limited (ASX:TZN)",https://www.listcorp.com/asx/tzn/terramin-australia-limited,"	146043000",0.064,-0.01,-7.25,Materials
ASX:IXI,"iShares Global Consumer Staples ETF (ASX:IXI)",https://www.listcorp.com/asx/ixi/ishares-global-consumer-staples-etf,"	142928000",101.28,-0.77,-0.75,Unclassified
ASX:ERD,"EROAD Limited (ASX:ERD)",https://www.listcorp.com/asx/erd/eroad-limited,"	142432000",0.76,0.00,0,"Information Technology"
ASX:OZR,"SPDR S&P/ASX 200 Resources Fund (ASX:OZR)",https://www.listcorp.com/asx/ozr/spdr-s-and-p-asx-200-resources-fund,"	141754000",11.78,0.13,1.12,Unclassified
ASX:NUGG,"VanEck Gold Bullion ETF (ASX:NUGG)",https://www.listcorp.com/asx/nugg/vaneck-gold-bullion-etf,"	141165000",50.65,-0.87,-1.69,Unclassified
ASX:ACE,"Acusensus Limited (ASX:ACE)",https://www.listcorp.com/asx/ace/acusensus-limited,"	140726000",1.01,0.01,0.5,"Information Technology"
ASX:CEL,"Challenger Gold Limited (ASX:CEL)",https://www.listcorp.com/asx/cel/challenger-gold-limited,"	140312000",0.078,-0.00,-6.02,Materials
ASX:CLX,"CTI Logistics Limited (ASX:CLX)",https://www.listcorp.com/asx/clx/cti-logistics-limited,"	140148000",1.75,0.01,0.57,Industrials
ASX:JEPI,"JPMorgan Equity Premium Income Active ETF (Managed Fund) (ASX:JEPI)",https://www.listcorp.com/asx/jepi/jpmorgan-equity-premium-income-active-etf-managed-fund,"	139753000",52.49,-0.16,-0.3,Unclassified
ASX:STA,"Strandline Resources Limited (ASX:STA)",https://www.listcorp.com/asx/sta/strandline-resources-limited,"	138944000",0.095,0.00,0,Materials
ASX:HJPN,"BetaShares Japan ETF - Currency Hedged (ASX:HJPN)",https://www.listcorp.com/asx/hjpn/betashares-japan-etf-currency-hedged,"	138864000",19.79,0.02,0.1,Unclassified
ASX:CUP,"Count Limited (ASX:CUP)",https://www.listcorp.com/asx/cup/count-limited,"	138830000",0.8,-0.02,-2.44,Industrials
ASX:VNL,"Vinyl Group Ltd (ASX:VNL)",https://www.listcorp.com/asx/vnl/vinyl-group-ltd,"	138530000",0.11,0.00,0,"Information Technology"
ASX:SEC,"Spheria Emerging Companies Limited (ASX:SEC)",https://www.listcorp.com/asx/sec/spheria-emerging-companies-limited,"	137017000",2.32,0.03,1.31,Financials
ASX:ARR,"American Rare Earths Limited (ASX:ARR)",https://www.listcorp.com/asx/arr/american-rare-earths-limited,"	137004000",0.28,0.01,3.7,Materials
ASX:SLH,"Silk Logistics Holdings Limited (ASX:SLH)",https://www.listcorp.com/asx/slh/silk-logistics-holdings-limited,"	137000000",1.605,-0.07,-4.46,Industrials
ASX:JYC,"Joyce Corporation Ltd (ASX:JYC)",https://www.listcorp.com/asx/jyc/joyce-corporation,"	136610000",4.62,0.00,0,"Consumer Discretionary"
ASX:LEND,"VanEck Global Listed Private Credit (AUD Hedged) ETF (ASX:LEND)",https://www.listcorp.com/asx/lend/vaneck-global-listed-private-credit-aud-hedged-etf,"	136296000",17.97,0.09,0.5,Unclassified
ASX:EZL,"Euroz Hartleys Group Limited (ASX:EZL)",https://www.listcorp.com/asx/ezl/euroz-hartleys-group-limited,"	135155000",0.82,0.00,0,Financials
ASX:TGP,"360 Capital Group (ASX:TGP)",https://www.listcorp.com/asx/tgp/360-capital-group,"	134936000",0.635,-0.00,-0.78,Financials
ASX:CRD,"Conrad Asia Energy Ltd (ASX:CRD)",https://www.listcorp.com/asx/crd/conrad-asia-energy-ltd,"	134825000",0.715,0.00,0,Energy
ASX:BBUS,"BetaShares U.S. Equities Strong Bear Hedge Fund - Currency Hedged (ASX:BBUS)",https://www.listcorp.com/asx/bbus/betashares-u.s.-equities-strong-bear-hedge-fund-currency-hedged,"	134805000",4.21,-0.14,-3.22,Unclassified
ASX:COS,"COSOL Limited (ASX:COS)",https://www.listcorp.com/asx/cos/cosol-limited,"	134672000",0.74,0.00,0,"Information Technology"
ASX:PMT,"Patriot Battery Metals Inc (ASX:PMT)",https://www.listcorp.com/asx/pmt/patriot-battery-metals-inc,"	132889000",0.245,0.00,0,Materials
ASX:LIN,"Lindian Resources Limited (ASX:LIN)",https://www.listcorp.com/asx/lin/lindian-resources-limited,"	132615000",0.115,0.00,0,Materials
ASX:BWN,"Bhagwan Marine Limited (ASX:BWN)",https://www.listcorp.com/asx/bwn/bhagwan-marine-limited,"	132096000",0.475,-0.00,-1.04,Unclassified
ASX:NOL,"NobleOak Life Limited (ASX:NOL)",https://www.listcorp.com/asx/nol/nobleoak-life-limited,"	130847000",1.315,-0.10,-6.74,Financials
ASX:IKE,"ikeGPS Group Limited (ASX:IKE)",https://www.listcorp.com/asx/ike/ikegps-group-limited,"	128850000",0.815,0.02,1.88,"Information Technology"
ASX:4DX,"4DMedical Limited (ASX:4DX)",https://www.listcorp.com/asx/4dx/4dmedical-limited,"	128407000",0.295,0.01,3.51,"Health Care"
ASX:BOC,"Bougainville Copper Limited (ASX:BOC)",https://www.listcorp.com/asx/boc/bougainville-copper-limited,"	128340000",0.32,0.00,0,Materials
ASX:TOK,"Tolu Minerals Limited (ASX:TOK)",https://www.listcorp.com/asx/tok/tolu-minerals-limited,"	128219000",0.85,-0.02,-2.3,Materials
ASX:TRJ,"Trajan Group Holdings Limited (ASX:TRJ)",https://www.listcorp.com/asx/trj/trajan-group-holdings-limited,"	127998000",0.86,0.02,2.38,"Health Care"
ASX:EVO,"Embark Early Education Limited (ASX:EVO)",https://www.listcorp.com/asx/evo/embark-early-education-limited,"	127520000",0.695,0.00,0,"Consumer Discretionary"
ASX:HNG,"Hancock & Gore Ltd (ASX:HNG)",https://www.listcorp.com/asx/hng/hancock-and-gore-ltd,"	126648000",0.25,0.00,2.04,Industrials
ASX:VVA,"Viva Leisure Limited (ASX:VVA)",https://www.listcorp.com/asx/vva/viva-leisure-limited,"	125075000",1.2625,0.03,2.64,"Consumer Discretionary"
ASX:EGR,"EcoGraf Limited (ASX:EGR)",https://www.listcorp.com/asx/egr/ecograf-limited,"	124886000",0.27,-0.01,-1.82,Materials
ASX:ENN,"Elanor Investors Group (ASX:ENN)",https://www.listcorp.com/asx/enn/elanor-investors,"	124806000",0.82,0.00,0,"Consumer Discretionary"
ASX:ISO,"iShares S&P/ASX Small Ordinaries ETF (ASX:ISO)",https://www.listcorp.com/asx/iso/ishares-s-and-p-asx-small-ordinaries-etf,"	124622000",4.87,-0.01,-0.2,Unclassified
ASX:IKO,"iShares MSCI South Korea Capped ETF (ASX:IKO)",https://www.listcorp.com/asx/iko/ishares-msci-south-korea-capped-etf,"	124585000",93.24,0.37,0.4,Unclassified
ASX:GLB,"Globe International Limited (ASX:GLB)",https://www.listcorp.com/asx/glb/globe-international-limited,"	124391000",3.05,0.05,1.67,"Consumer Discretionary"
ASX:HRZ,"Horizon Minerals Limited (ASX:HRZ)",https://www.listcorp.com/asx/hrz/horizon-minerals-limited,"	124137000",0.055,-0.00,-5.17,Materials
ASX:PAR,"Paradigm Biopharmaceuticals Limited (ASX:PAR)",https://www.listcorp.com/asx/par/paradigm-biopharmaceuticals-limited,"	122670000",0.3075,-0.01,-2.38,"Health Care"
ASX:MOGL,"Montaka Global Long Only Equites Fund (Managed Fund) (ASX:MOGL)",https://www.listcorp.com/asx/mogl/montaka-global-long-only-equites-fund-managed-fund,"	122550000",4.53,-0.02,-0.44,Unclassified
ASX:BGD,"Barton Gold Holdings Limited (ASX:BGD)",https://www.listcorp.com/asx/bgd/barton-gold-holdings-limited,"	121503000",0.63,0.07,13.51,Materials
ASX:EL8,"Elevate Uranium Limited (ASX:EL8)",https://www.listcorp.com/asx/el8/elevate-uranium-limited,"	121469000",0.32,0.01,1.59,Energy
ASX:KOV,"Korvest Ltd (ASX:KOV)",https://www.listcorp.com/asx/kov/korvest,"	121119000",10.25,-0.05,-0.49,Industrials
ASX:NZK,"New Zealand King Salmon Investments Limited (ASX:NZK)",https://www.listcorp.com/asx/nzk/new-zealand-king-salmon-investments-limited,"	121091000",0.225,0.00,0,"Consumer Staples"
ASX:FHE,"Frontier Energy Limited (ASX:FHE)",https://www.listcorp.com/asx/fhe/frontier-energy-limited,"	121041000",0.23,-0.01,-2.13,Utilities
ASX:DAOR,"Aoris International Fund (Managed Fund) Class D (ASX:DAOR)",https://www.listcorp.com/asx/daor/aoris-international-fund-managed-fund-class-d,"	120932000",1.935,0.02,1.04,Unclassified
ASX:BCK,"Brockman Mining Ltd (ASX:BCK)",https://www.listcorp.com/asx/bck/brockman-mining,"	120643000",0.013,0.00,0,Materials
ASX:ASM,"Australian Strategic Materials Limited (ASX:ASM)",https://www.listcorp.com/asx/asm/australian-strategic-materials-limited,"	120592000",0.625,-0.04,-6.02,Materials
ASX:VEE,"Veem Limited (ASX:VEE)",https://www.listcorp.com/asx/vee/veem-limited,"	120342000",0.89,0.00,0.56,Industrials
ASX:SHJ,"Shine Justice Ltd (ASX:SHJ)",https://www.listcorp.com/asx/shj/shine-justice-ltd,"	120223000",0.7,0.00,0,"Consumer Discretionary"
ASX:GTN,"GTN Limited (ASX:GTN)",https://www.listcorp.com/asx/gtn/gtn-limited,"	120157000",0.665,0.04,6.4,"Communication Services"
ASX:AGE,"Alligator Energy Limited (ASX:AGE)",https://www.listcorp.com/asx/age/alligator-energy,"	120082000",0.033,0.00,6.45,Energy
ASX:HPG,"Hipages Group Holdings Limited (ASX:HPG)",https://www.listcorp.com/asx/hpg/hipages-group-holdings-limited,"	119971000",0.9,0.01,0.56,"Communication Services"
ASX:MM8,"Medallion Metals Limited (ASX:MM8)",https://www.listcorp.com/asx/mm8/medallion-metals-limited,"	119690000",0.235,-0.02,-6,Materials
ASX:RFG,"Retail Food Group Limited (ASX:RFG)",https://www.listcorp.com/asx/rfg/retail-food-group-limited,"	118939000",1.9,0.01,0.53,"Consumer Discretionary"
ASX:TGM,"Theta Gold Mines Limited (ASX:TGM)",https://www.listcorp.com/asx/tgm/theta-gold-mines-limited,"	118723000",0.13,-0.00,-3.7,Materials
ASX:SNC,"Sandon Capital Investments Limited (ASX:SNC)",https://www.listcorp.com/asx/snc/sandon-capital-investments-limited,"	118665000",0.84,0.02,2.44,Financials
ASX:BCN,"Beacon Minerals Limited (ASX:BCN)",https://www.listcorp.com/asx/bcn/beacon-minerals-limited,"	118339000",0.027,-0.00,-3.57,Materials
ASX:FUEL,"BetaShares Global Energy Companies ETF - Currency Hedged (ASX:FUEL)",https://www.listcorp.com/asx/fuel/betashares-global-energy-companies-etf-currency-hedged,"	118337000",6.07,0.14,2.36,Unclassified
ASX:STN,"Saturn Metals Limited (ASX:STN)",https://www.listcorp.com/asx/stn/saturn-metals-limited,"	118224000",0.265,-0.01,-3.64,Materials
ASX:MTM,"MTM Critical Metals Limited (ASX:MTM)",https://www.listcorp.com/asx/mtm/mtm-critical-metals-limited,"	116963000",0.25,-0.00,-1.96,Materials
ASX:DGL,"DGL Group Limited (ASX:DGL)",https://www.listcorp.com/asx/dgl/dgl-group-limited,"	116942000",0.42,0.01,2.44,Materials
ASX:ALC,"Alcidion Group Limited (ASX:ALC)",https://www.listcorp.com/asx/alc/alcidion-group-limited,"	116837000",0.086,-0.00,-1.15,"Health Care"
ASX:TWD,"Tamawood Limited (ASX:TWD)",https://www.listcorp.com/asx/twd/tamawood-limited,"	116569000",3.17,0.08,2.59,"Consumer Discretionary"
ASX:MME,"MoneyMe Limited (ASX:MME)",https://www.listcorp.com/asx/mme/moneyme-limited,"	116011000",0.14,-0.01,-3.45,Financials
ASX:SGI,"Stealth Group Holdings Ltd (ASX:SGI)",https://www.listcorp.com/asx/sgi/stealth-group-holdings-ltd,"	115932000",0.93,0.03,3.91,Industrials
ASX:GOW,"Gowing Brothers Limited (ASX:GOW)",https://www.listcorp.com/asx/gow/gowing-brothers-limited,"	115808000",2.16,0.00,0,Financials
ASX:MCA,"Murray Cod Australia Limited (ASX:MCA)",https://www.listcorp.com/asx/mca/murray-cod-australia-limited,"	115294000",1.085,-0.01,-0.46,"Consumer Staples"
ASX:GHY,"Gold Hydrogen Limited (ASX:GHY)",https://www.listcorp.com/asx/ghy/gold-hydrogen-limited,"	115013000",0.695,-0.02,-3.47,Energy
ASX:MXI,"MaxiPARTS Limited (ASX:MXI)",https://www.listcorp.com/asx/mxi/maxiparts-limited,"	114771000",2.05,-0.02,-0.97,Industrials
ASX:TOP,"Thorney Opportunities Limited (ASX:TOP)",https://www.listcorp.com/asx/top/thorney-opportunities-limited,"	113555000",0.64,0.00,0,"Real Estate"
ASX:FDV,"Frontier Digital Ventures Limited (ASX:FDV)",https://www.listcorp.com/asx/fdv/frontier-digital-ventures-limited,"	112763000",0.2525,-0.01,-2.88,"Communication Services"
ASX:AEE,"Aura Energy Limited (ASX:AEE)",https://www.listcorp.com/asx/aee/aura-energy-limited,"	111344000",0.12,-0.01,-4,Energy
ASX:CAM,"Clime Capital Limited (ASX:CAM)",https://www.listcorp.com/asx/cam/clime-capital-limited,"	111220000",0.765,0.03,3.38,Financials
ASX:QPM,"QPM Energy Limited (ASX:QPM)",https://www.listcorp.com/asx/qpm/qpm-energy-limited,"	111113000",0.045,0.00,2.27,Materials
ASX:AUE,"Aurum Resources Limited (ASX:AUE)",https://www.listcorp.com/asx/aue/aurum-resources-limited,"	110294000",0.475,0.00,0,Materials
ASX:GDC,"Global Data Centre Group (ASX:GDC)",https://www.listcorp.com/asx/gdc/global-data-centre-group,"	110114000",1.425,0.00,0,Financials
ASX:TGF,"Tribeca Global Natural Resources Limited (ASX:TGF)",https://www.listcorp.com/asx/tgf/tribeca-global-natural-resources-limited,"	109915000",1.39,-0.01,-0.36,Financials
ASX:BRI,"Big River Industries Limited (ASX:BRI)",https://www.listcorp.com/asx/bri/big-river-industries-limited,"	109301000",1.26,-0.02,-1.56,Materials
ASX:APW,"AIMS Property Securities Fund (ASX:APW)",https://www.listcorp.com/asx/apw/aims-property-securities-fund,"	109072000",2.45,0.00,0,"Real Estate"
ASX:SNT,"Syntara Limited (ASX:SNT)",https://www.listcorp.com/asx/snt/syntara-limited,"	108820000",0.063,-0.00,-5.97,"Health Care"
ASX:AVR,"Anteris Technologies Ltd (ASX:AVR)",https://www.listcorp.com/asx/avr/anteris-technologies-ltd,"	108655000",6.85,-0.20,-2.84,"Health Care"
ASX:RND,"Rand Mining Limited (ASX:RND)",https://www.listcorp.com/asx/rnd/rand-mining,"	108633000",1.95,0.04,2.09,Materials
ASX:TPC,"TPC Consolidated Limited (ASX:TPC)",https://www.listcorp.com/asx/tpc/tpc-consolidated-limited,"	107644000",9.25,-0.24,-2.53,Utilities
ASX:CYG,"Coventry Group Ltd (ASX:CYG)",https://www.listcorp.com/asx/cyg/coventry-group,"	107362000",0.88,-0.02,-2.22,Industrials
ASX:NWC,"New World Resources Limited (ASX:NWC)",https://www.listcorp.com/asx/nwc/new-world-resources-limited,"	106238000",0.032,0.00,6.67,Materials
ASX:RYD,"Ryder Capital Limited (ASX:RYD)",https://www.listcorp.com/asx/ryd/ryder-capital-limited,"	106125000",1.305,0.00,0,Financials
ASX:PCL,"Pancontinental Energy NL (ASX:PCL)",https://www.listcorp.com/asx/pcl/pancontinental-energy-nl,"	105776000",0.014,0.00,7.69,Energy
ASX:AHC,"Austco Healthcare Limited (ASX:AHC)",https://www.listcorp.com/asx/ahc/austco-healthcare-limited,"	105578000",0.29,0.00,0,"Health Care"
ASX:DRX,"Diatreme Resources Limited (ASX:DRX)",https://www.listcorp.com/asx/drx/diatreme-resources-limited,"	105174000",0.021,0.00,0,Materials
ASX:NVA,"Nova Minerals Limited (ASX:NVA)",https://www.listcorp.com/asx/nva/nova-minerals-limited,"	104974000",0.31,-0.02,-4.62,Materials
ASX:DUB,"Dubber Corporation Limited (ASX:DUB)",https://www.listcorp.com/asx/dub/dubber-corporation,"	104935000",0.041,0.00,2.5,"Information Technology"
ASX:MHG,"Magellan Global Equities Fund (Currency Hedged) (ASX:MHG)",https://www.listcorp.com/asx/mhg/magellan-global-equities-fund-currency-hedged,"	104616000",3.87,0.00,0,Unclassified
ASX:ATR,"Astron Corporation Limited (ASX:ATR)",https://www.listcorp.com/asx/atr/astron-corporation,"	104394000",0.5,0.00,0,Materials
ASX:TTM,"Titan Minerals Limited (ASX:TTM)",https://www.listcorp.com/asx/ttm/titan-minerals-limited,"	104282000",0.38,-0.02,-5,Materials
ASX:VLS,"Vita Life Sciences (ASX:VLS)",https://www.listcorp.com/asx/vls/vita-life-sciences,"	104200000",1.84,-0.05,-2.39,"Health Care"
ASX:MCCL,"Munro Climate Change Leaders Fund (Managed Fund) (ASX:MCCL)",https://www.listcorp.com/asx/mccl/munro-climate-change-leaders-fund-managed-fund,"	103876000",17.58,0.23,1.33,Unclassified
ASX:PTR,"Petratherm Limited (ASX:PTR)",https://www.listcorp.com/asx/ptr/petratherm-limited,"	103684000",0.315,0.02,5,Materials
ASX:WRK,"Wrkr Ltd (ASX:WRK)",https://www.listcorp.com/asx/wrk/wrkr-ltd,"	103366000",0.056,-0.00,-6.67,"Information Technology"
ASX:HQLT,"BetaShares Global Quality Leaders ETF - Currency Hedged (ASX:HQLT)",https://www.listcorp.com/asx/hqlt/betashares-global-quality-leaders-etf-currency-hedged,"	103292000",30.27,0.20,0.67,Unclassified
ASX:BIO,"Biome Australia Limited (ASX:BIO)",https://www.listcorp.com/asx/bio/biome-australia-limited,"	103081000",0.455,-0.01,-3.19,"Consumer Staples"
ASX:EVS,"EnviroSuite Limited (ASX:EVS)",https://www.listcorp.com/asx/evs/envirosuite-limited,"	102858000",0.085,0.01,19.72,"Information Technology"
ASX:BUB,"Bubs Australia Limited (ASX:BUB)",https://www.listcorp.com/asx/bub/bubs-australia-limited,"	102710000",0.1125,-0.00,-2.17,"Consumer Staples"
ASX:EQR,"EQ Resources Limited (ASX:EQR)",https://www.listcorp.com/asx/eqr/eq-resources-limited,"	102661000",0.039,-0.00,-10.34,Materials
ASX:SOM,"SomnoMed Limited (ASX:SOM)",https://www.listcorp.com/asx/som/somnomed,"	102651000",0.5,0.02,5.26,"Health Care"
ASX:CGUN,"Claremont Global Fund (Managed Fund) (ASX:CGUN)",https://www.listcorp.com/asx/cgun/claremont-global-fund-managed-fund,"	102536000",1.8,0.01,0.56,Unclassified
ASX:DZZF,"BetaShares Ethical Diversified High Growth ETF (ASX:DZZF)",https://www.listcorp.com/asx/dzzf/betashares-ethical-diversified-high-growth-etf,"	102051000",30.66,0.11,0.36,Unclassified
ASX:BET,"Betmakers Technology Group (ASX:BET)",https://www.listcorp.com/asx/bet/betmakers-technology-group,"	101964000",0.1,-0.00,-4.76,"Consumer Discretionary"
ASX:PSC,"Prospect Resources Limited (ASX:PSC)",https://www.listcorp.com/asx/psc/prospect-resources-limited,"	101759000",0.14,-0.01,-6.67,Materials
ASX:HZR,"Hazer Group Limited (ASX:HZR)",https://www.listcorp.com/asx/hzr/hazer-group-limited,"	101432000",0.435,-0.01,-1.14,Materials
ASX:WOT,"WOTSO (ASX:WOT)",https://www.listcorp.com/asx/wot/wotso,"	101375000",0.63,0.01,0.8,"Real Estate"
ASX:LSX,"Lion Selection Group Limited (ASX:LSX)",https://www.listcorp.com/asx/lsx/lion-selection-group-limited,"	100923000",0.69,-0.03,-3.5,Financials
ASX:FSA,"FSA Group Limited (ASX:FSA)",https://www.listcorp.com/asx/fsa/fsa-group-limited,"	100717000",0.83,0.00,0,Financials
ASX:WA8,"Warriedar Resources Limited (ASX:WA8)",https://www.listcorp.com/asx/wa8/warriedar-resources-limited,"	100473000",0.11,0.00,4.76,Materials
ASX:SDI,"SDI Limited (ASX:SDI)",https://www.listcorp.com/asx/sdi/sdi-limited,"	99847000",0.84,0.00,0,"Health Care"
ASX:DTR,"Dateline Resources Limited (ASX:DTR)",https://www.listcorp.com/asx/dtr/dateline-resources,"	99560500",0.033,-0.00,-8.33,Materials
ASX:MNRS,"BetaShares Global Gold Miners ETF - Currency Hedged (ASX:MNRS)",https://www.listcorp.com/asx/mnrs/betashares-global-gold-miners-etf-currency-hedged,"	99521400",8.64,0.24,2.86,Unclassified
ASX:GLN,"Galan Lithium Limited (ASX:GLN)",https://www.listcorp.com/asx/gln/galan-lithium-limited,"	99313400",0.105,0.00,0,Materials
ASX:SND,"Saunders International Limited (ASX:SND)",https://www.listcorp.com/asx/snd/saunders-international-limited,"	99247500",0.815,0.00,0,Industrials
ASX:PEN,"Peninsula Energy Limited (ASX:PEN)",https://www.listcorp.com/asx/pen/peninsula-energy-limited,"	98974400",0.62,0.00,0,Energy
ASX:ALA,"Arovella Therapeutics Limited (ASX:ALA)",https://www.listcorp.com/asx/ala/arovella-therapeutics-limited,"	98261300",0.083,0.00,0,"Health Care"
ASX:BNKS,"BetaShares Global Banks  ETF  Currency Hedged (ASX:BNKS)",https://www.listcorp.com/asx/bnks/betashares-global-banks-etf-currency-hedged,"	97151600",9.23,0.16,1.76,Unclassified
ASX:A11,"Atlantic Lithium Limited (ASX:A11)",https://www.listcorp.com/asx/a11/atlantic-lithium-limited,"	97040600",0.14,0.00,0,Materials
ASX:MYG,"Mayfield Group Holdings Limited (ASX:MYG)",https://www.listcorp.com/asx/myg/mayfield-group-holdings-limited,"	96343700",1.05,0.01,0.96,Industrials
ASX:AGN,"Argenica Therapeutics Limited (ASX:AGN)",https://www.listcorp.com/asx/agn/argenica-therapeutics-limited,"	96069600",0.75,0.00,0,"Health Care"
ASX:OIL,"Optiscan Imaging Limited (ASX:OIL)",https://www.listcorp.com/asx/oil/optiscan-imaging-limited,"	96064200",0.115,0.00,0,"Health Care"
ASX:AVL,"Australian Vanadium Limited (ASX:AVL)",https://www.listcorp.com/asx/avl/australian-vanadium-limited,"	94981200",0.012,0.00,9.09,Materials
ASX:PTN,"Patronus Resources Limited (ASX:PTN)",https://www.listcorp.com/asx/ptn/patronus-resources-limited,"	94969100",0.06,0.00,3.45,Materials
ASX:ENR,"Encounter Resources Limited (ASX:ENR)",https://www.listcorp.com/asx/enr/encounter-resources-limited,"	94770500",0.19,0.00,0,Materials
ASX:USL,"Unico Silver Limited (ASX:USL)",https://www.listcorp.com/asx/usl/unico-silver-limited,"	94157900",0.2125,-0.00,-1.16,Materials
ASX:AUMF,"iShares Edge MSCI Australia Multifactor ETF (ASX:AUMF)",https://www.listcorp.com/asx/aumf/ishares-edge-msci-australia-multifactor-etf,"	93555700",36.64,-0.03,-0.08,Unclassified
ASX:CCR,"Credit Clear Limited (ASX:CCR)",https://www.listcorp.com/asx/ccr/credit-clear-limited,"	93422700",0.215,-0.00,-2.27,"Information Technology"
ASX:EGL,"The Environmental Group Limited (ASX:EGL)",https://www.listcorp.com/asx/egl/environmental-group-limited,"	93222000",0.255,0.01,4.08,Industrials
ASX:MLG,"MLG Oz Limited (ASX:MLG)",https://www.listcorp.com/asx/mlg/mlg-oz-limited,"	93000100",0.635,0.00,0.79,Materials
ASX:WLD,"Wellard Limited (ASX:WLD)",https://www.listcorp.com/asx/wld/wellard-limited,"	92968800",0.17,-0.01,-2.86,"Consumer Staples"
ASX:ECL,"Excelsior Capital Limited (ASX:ECL)",https://www.listcorp.com/asx/ecl/excelsior-capital-limited,"	92782300",3.2,0.00,0,Industrials
ASX:CNEW,"VanEck China New Economy ETF (ASX:CNEW)",https://www.listcorp.com/asx/cnew/vaneck-china-new-economy-etf,"	92781200",6.84,0.00,0,Unclassified
ASX:IIGF,"Intelligent Investor Australian Equity Growth Fund (ASX:IIGF)",https://www.listcorp.com/asx/iigf/intelligent-investor-australian-equity-growth-fund,"	92646400",2.89,0.03,1.05,Unclassified
ASX:FLN,"Freelancer Limited (ASX:FLN)",https://www.listcorp.com/asx/fln/freelancer-limited,"	92437600",0.2,-0.01,-2.44,Industrials
ASX:ARA,"Ariadne Australia Limited (ASX:ARA)",https://www.listcorp.com/asx/ara/ariadne-australia-limited,"	91811600",0.47,0.00,0,Financials
ASX:ATH,"Alterity Therapeutics Limited (ASX:ATH)",https://www.listcorp.com/asx/ath/alterity-therapeutics-limited,"	91273700",0.011,0.00,10,"Health Care"
ASX:IMA,"Image Resources NL (ASX:IMA)",https://www.listcorp.com/asx/ima/image-resources,"	91264600",0.081,-0.00,-1.22,Materials
ASX:ELS,"Elsight Limited (ASX:ELS)",https://www.listcorp.com/asx/els/elsight-limited,"	90795600",0.495,-0.01,-1,"Information Technology"
ASX:IRI,"Integrated Research Limited (ASX:IRI)",https://www.listcorp.com/asx/iri/integrated-research-limited,"	90449900",0.46,-0.05,-9.8,"Information Technology"
ASX:BBL,"Brisbane Broncos Limited (ASX:BBL)",https://www.listcorp.com/asx/bbl/brisbane-broncos-limited,"	90197400",0.93,0.01,1.09,"Communication Services"
ASX:DFND,"VanEck Global Defence ETF (ASX:DFND)",https://www.listcorp.com/asx/dfnd/vaneck-global-defence-etf,"	90143000",32.78,-0.30,-0.91,Unclassified
ASX:EGN,"Engenco Limited (ASX:EGN)",https://www.listcorp.com/asx/egn/engenco,"	90058000",0.295,0.01,3.51,Industrials
ASX:XAM,"Xanadu Mines Ltd (ASX:XAM)",https://www.listcorp.com/asx/xam/xanadu-mines-ltd,"	89873300",0.049,0.00,4.26,Materials
ASX:IVZ,"Invictus Energy Limited (ASX:IVZ)",https://www.listcorp.com/asx/ivz/invictus-energy-limited,"	89795000",0.055,-0.00,-1.79,Energy
ASX:CVV,"Caravel Minerals Limited (ASX:CVV)",https://www.listcorp.com/asx/cvv/caravel-minerals-limited,"	89402000",0.16,0.00,0,Materials
ASX:CXL,"Calix Limited (ASX:CXL)",https://www.listcorp.com/asx/cxl/calix-limited,"	89078300",0.405,-0.01,-2.41,Materials
ASX:ERM,"Emmerson Resources Limited (ASX:ERM)",https://www.listcorp.com/asx/erm/emmerson-resources-limited,"	88986600",0.14,0.00,0,Materials
ASX:OOO,"BetaShares Crude Oil Index ETF-Currency Hedged Synthetic (ASX:OOO)",https://www.listcorp.com/asx/ooo/betashares-crude-oil-index-etf-currency-hedged-synthetic,"	88795200",4.96,0.10,2.06,Unclassified
ASX:HGO,"Hillgrove Resources Limited (ASX:HGO)",https://www.listcorp.com/asx/hgo/hillgrove-resources-limited,"	88784200",0.035,0.00,0,Materials
ASX:ARL,"Ardea Resources Limited (ASX:ARL)",https://www.listcorp.com/asx/arl/ardea-resources-limited,"	88373400",0.4,-0.02,-4.76,Materials
ASX:SHG,"Singular Health Group Limited (ASX:SHG)",https://www.listcorp.com/asx/shg/singular-health-group-limited,"	88334200",0.31,-0.02,-6.06,"Health Care"
ASX:AV1,"Adveritas Limited (ASX:AV1)",https://www.listcorp.com/asx/av1/adveritas-limited,"	87886200",0.11,0.00,4.76,"Information Technology"
ASX:M7T,"Mach7 Technologies Limited (ASX:M7T)",https://www.listcorp.com/asx/m7t/mach7-technologies-limited,"	86846800",0.36,0.00,0,"Health Care"
ASX:IOD,"IODM Limited (ASX:IOD)",https://www.listcorp.com/asx/iod/iodm-limited,"	86319000",0.15,0.01,7.14,"Information Technology"
ASX:ETM,"Energy Transition Minerals Ltd (ASX:ETM)",https://www.listcorp.com/asx/etm/energy-transition-minerals-ltd,"	85327500",0.051,-0.00,-7.27,Materials
ASX:XASG,"Alphinity Global Sustainable Equity Fund (Managed Fund) (ASX:XASG)",https://www.listcorp.com/asx/xasg/alphinity-global-sustainable-equity-fund-managed-fund,"	84813400",6.86,0.01,0.15,Unclassified
ASX:ERTH,"BetaShares Climate Change Innovation ETF (ASX:ERTH)",https://www.listcorp.com/asx/erth/betashares-climate-change-innovation-etf,"	84539300",9.07,0.18,2.02,Unclassified
ASX:KKO,"Kinetiko Energy Ltd (ASX:KKO)",https://www.listcorp.com/asx/kko/kinetiko-energy,"	84522500",0.06,0.00,1.69,Energy
ASX:AR1,"Austral Resources Australia Ltd (ASX:AR1)",https://www.listcorp.com/asx/ar1/austral-resources-australia,"	84346500",0.16,0.00,0,Materials
ASX:MAY,"Melbana Energy Limited (ASX:MAY)",https://www.listcorp.com/asx/may/melbana-energy-limited,"	84255100",0.027,0.00,8,Energy
ASX:WVOL,"iShares Edge MSCI World Minimum Volatility ETF (ASX:WVOL)",https://www.listcorp.com/asx/wvol/ishares-edge-msci-world-minimum-volatility-etf,"	84101000",43.81,-0.10,-0.23,Unclassified
ASX:ESPO,"VanEck Video Gaming and Esports ETF (ASX:ESPO)",https://www.listcorp.com/asx/espo/vaneck-video-gaming-and-esports-etf,"	83939100",18.86,0.10,0.53,Unclassified
ASX:NWF,"Newfield Resources Limited (ASX:NWF)",https://www.listcorp.com/asx/nwf/newfield-resources-limited,"	83722600",0.089,0.00,0,Materials
ASX:CD3,"Cordish Dixon Private Equity Fund III (ASX:CD3)",https://www.listcorp.com/asx/cd3/cordish-dixon-private-equity-fund-iii,"	83553000",1.16,0.00,0,Financials
ASX:U100,"Global X US 100 ETF (ASX:U100)",https://www.listcorp.com/asx/u100/global-x-us-100-etf,"	83548200",14.2,0.16,1.14,Unclassified
ASX:DME,"Dome Gold Mines Limited (ASX:DME)",https://www.listcorp.com/asx/dme/dome-gold-mines-limited,"	83326300",0.2,0.00,0,Materials
ASX:LRK,"Lark Distilling Co. Ltd (ASX:LRK)",https://www.listcorp.com/asx/lrk/lark-distilling-co,"	82893500",0.88,0.09,12.1,"Consumer Staples"
ASX:ACW,"Actinogen Medical Limited (ASX:ACW)",https://www.listcorp.com/asx/acw/actinogen-medical-limited,"	82605800",0.027,0.00,3.85,"Health Care"
ASX:OMA,"Omega Oil and Gas Limited (ASX:OMA)",https://www.listcorp.com/asx/oma/omega-oil-and-gas-limited,"	82350500",0.23,-0.01,-4.17,Energy
ASX:PCG,"Pengana Capital Group (ASX:PCG)",https://www.listcorp.com/asx/pcg/pengana-capital-group,"	82262800",0.88,0.05,6.02,Financials
ASX:ORN,"Orion Minerals Limited (ASX:ORN)",https://www.listcorp.com/asx/orn/orion-minerals-limited,"	82205400",0.012,0.00,0,Materials
ASX:ATC,"Altech Batteries Ltd (ASX:ATC)",https://www.listcorp.com/asx/atc/altech-batteries-ltd,"	82111700",0.042,0.00,2.44,Materials
ASX:PPE,"Peoplein Limited (ASX:PPE)",https://www.listcorp.com/asx/ppe/peoplein-limited,"	81517900",0.75,0.00,0,Industrials
ASX:TOT,"360 Capital Total Return Fund (ASX:TOT)",https://www.listcorp.com/asx/tot/360-capital-total-return-fund,"	81169700",0.38,0.00,1.33,"Real Estate"
ASX:BAOR,"Aoris International Fund (Managed Fund) Class B (ASX:BAOR)",https://www.listcorp.com/asx/baor/aoris-international-fund-managed-fund-class-b,"	81133000",2.62,0.02,0.77,Unclassified
ASX:KNB,"Koonenberry Gold Limited (ASX:KNB)",https://www.listcorp.com/asx/knb/koonenberry-gold-limited,"	80015500",0.091,0.01,7.06,Materials
ASX:KYP,"Kinatico Limited (ASX:KYP)",https://www.listcorp.com/asx/kyp/kinatico-limited,"	79937000",0.185,0.00,0,"Information Technology"
ASX:AOF,"Australian Unity Office Fund (ASX:AOF)",https://www.listcorp.com/asx/aof/australian-unity-office-fund,"	79726000",0.48,-0.00,-1.03,"Real Estate"
ASX:HRN,"Horizon Gold Limited (ASX:HRN)",https://www.listcorp.com/asx/hrn/horizon-gold-limited,"	79662000",0.545,-0.01,-0.91,Materials
ASX:ECH,"Echelon Resources Limited (ASX:ECH)",https://www.listcorp.com/asx/ech/echelon-resources-limited,"	79502500",0.36,0.01,1.41,Energy
ASX:AL3,"AML3D Limited (ASX:AL3)",https://www.listcorp.com/asx/al3/aml3d-limited,"	79316700",0.15,0.00,1.69,Industrials
ASX:LCY,"Legacy Iron Ore Limited (ASX:LCY)",https://www.listcorp.com/asx/lcy/legacy-iron-ore-limited,"	78096300",0.009,0.00,12.5,Materials
ASX:SSL,"Sietel Limited (ASX:SSL)",https://www.listcorp.com/asx/ssl/sietel-limited,"	77752600",9.71,0.00,0,"Real Estate"
ASX:AYLD,"Global X S&P/ASX 200 Covered Call ETF (ASX:AYLD)",https://www.listcorp.com/asx/ayld/global-x-s-and-p-asx-200-covered-call-etf,"	77643300",10.25,-0.01,-0.1,Unclassified
ASX:STM,"Sunstone Metals Limited (ASX:STM)",https://www.listcorp.com/asx/stm/sunstone-metals-limited,"	77594300",0.0135,0.00,3.85,Materials
ASX:PNC,"Pioneer Credit Limited (ASX:PNC)",https://www.listcorp.com/asx/pnc/pioneer-credit-limited,"	77146200",0.47,-0.01,-2.08,Financials
ASX:MKAX,"Montaka Global Extension Fund (ASX:MKAX)",https://www.listcorp.com/asx/mkax/montaka-global-extension-fund,"	77044300",3.89,0.00,0,Unclassified
ASX:USD,"BetaShares U.S. Dollar ETF (ASX:USD)",https://www.listcorp.com/asx/usd/betashares-u.s.-dollar-etf,"	76305000",15.55,-0.05,-0.32,Unclassified
ASX:MAP,"Microba Life Sciences Limited (ASX:MAP)",https://www.listcorp.com/asx/map/microba-life-sciences-limited,"	76134800",0.175,0.00,2.94,"Health Care"
ASX:ST1,"Spirit Technology Solutions Ltd (ASX:ST1)",https://www.listcorp.com/asx/st1/spirit-technology-solutions,"	76070500",0.41,0.01,2.5,"Information Technology"
ASX:EXP,"Experience Co Limited (ASX:EXP)",https://www.listcorp.com/asx/exp/experience-co-limited,"	75745700",0.0995,-0.00,-0.5,"Consumer Discretionary"
ASX:ZYAU,"Global X S&P/ASX 300 High Yield Plus ETF (ASX:ZYAU)",https://www.listcorp.com/asx/zyau/global-x-s-and-p-asx-300-high-yield-plus-etf,"	75640300",8.75,0.04,0.46,Unclassified
ASX:AHX,"Apiam Animal Health Limited (ASX:AHX)",https://www.listcorp.com/asx/ahx/apiam-animal-health-limited,"	75416400",0.4,-0.01,-2.44,"Health Care"
ASX:VEFI,"Vanguard Ethically Conscious Global Aggregate Bond Index Hedged ETF (ASX:VEFI)",https://www.listcorp.com/asx/vefi/vanguard-ethically-conscious-global-aggregate-bond-index-hedged-etf,"	75413500",42.63,-0.02,-0.05,Unclassified
ASX:BMT,"Beamtree Holdings Limited (ASX:BMT)",https://www.listcorp.com/asx/bmt/beamtree-holdings-limited,"	75349800",0.27,0.01,3.85,"Health Care"
ASX:CLV,"Clover Corporation Limited (ASX:CLV)",https://www.listcorp.com/asx/clv/clover-corporation-limited,"	75149700",0.435,-0.01,-3.33,Materials
ASX:EUR,"European Lithium Limited (ASX:EUR)",https://www.listcorp.com/asx/eur/european-lithium-limited,"	75149400",0.053,0.00,1.92,Materials
ASX:INES,"Intelligent Investor Ethical Share Fund (Managed Fund) (ASX:INES)",https://www.listcorp.com/asx/ines/intelligent-investor-ethical-share-fund-managed-fund,"	74993100",3.57,-0.01,-0.28,Unclassified
ASX:MC2,"Marimaca Copper Corp (ASX:MC2)",https://www.listcorp.com/asx/mc2/marimaca-copper-corp,"	74392600",6,0.00,0,Unclassified
ASX:ESR,"Estrella Resources Limited (ASX:ESR)",https://www.listcorp.com/asx/esr/estrella-resources-limited,"	73870400",0.035,-0.00,-2.78,Materials
ASX:5GOV,"VanEck 5-10 Year Australian Government Bond ETF (ASX:5GOV)",https://www.listcorp.com/asx/5gov/vaneck-5-10-year-australian-government-bond-etf,"	73752900",52.58,-0.09,-0.17,Unclassified
ASX:PCK,"PainChek Ltd (ASX:PCK)",https://www.listcorp.com/asx/pck/painchek-ltd,"	73676800",0.04,0.00,0,"Health Care"
ASX:TGN,"Tungsten Mining NL (ASX:TGN)",https://www.listcorp.com/asx/tgn/tungsten-mining,"	73673700",0.083,0.00,1.22,Materials
ASX:ASN,"Anson Resources Limited (ASX:ASN)",https://www.listcorp.com/asx/asn/anson-resources-limited,"	73497000",0.055,0.00,3.77,Materials
ASX:KSN,"Kingston Resources Limited (ASX:KSN)",https://www.listcorp.com/asx/ksn/kingston-resources,"	73154000",0.09,0.00,1.12,Materials
ASX:EZZ,"EZZ Life Science Holdings Limited (ASX:EZZ)",https://www.listcorp.com/asx/ezz/ezz-life-science-holdings-limited,"	73118500",1.475,-0.08,-4.84,"Health Care"
ASX:KGL,"KGL Resources Limited (ASX:KGL)",https://www.listcorp.com/asx/kgl/kgl-resources-limited,"	72693400",0.09,-0.02,-14.29,Materials
ASX:ZYUS,"Global X S&P 500 High Yield Low Volatility ETF (ASX:ZYUS)",https://www.listcorp.com/asx/zyus/global-x-s-and-p-500-high-yield-low-volatility-etf,"	72670500",14.99,-0.05,-0.33,Unclassified
ASX:SDV,"SciDev Limited (ASX:SDV)",https://www.listcorp.com/asx/sdv/scidev-limited,"	72233500",0.375,-0.01,-1.32,Materials
ASX:AYA,"Artrya Limited (ASX:AYA)",https://www.listcorp.com/asx/aya/artrya-limited,"	72227500",0.64,0.00,0,"Health Care"
ASX:MVP,"Medical Developments International Limited (ASX:MVP)",https://www.listcorp.com/asx/mvp/medical-developments-international-limited,"	72101300",0.635,-0.00,-0.78,"Health Care"
ASX:4DS,"4DS Memory Limited (ASX:4DS)",https://www.listcorp.com/asx/4ds/4ds-memory-limited,"	72083600",0.036,0.00,0,"Information Technology"
ASX:PLL,"Piedmont Lithium Limited (ASX:PLL)",https://www.listcorp.com/asx/pll/piedmont-lithium-limited,"	71513600",0.11,-0.01,-4.35,Materials
ASX:AQD,"AusQuest Limited (ASX:AQD)",https://www.listcorp.com/asx/aqd/ausquest,"	71471500",0.052,-0.00,-1.89,Materials
ASX:CY5,"Cygnus Metals Limited (ASX:CY5)",https://www.listcorp.com/asx/cy5/cygnus-metals-limited,"	71360700",0.08,-0.00,-4.76,Materials
ASX:DAI,"Decidr AI Industries Ltd (ASX:DAI)",https://www.listcorp.com/asx/dai/decidr-ai-industries-ltd,"	71346000",0.41,0.00,0,"Consumer Staples"
ASX:HCH,"Hot Chili Limited (ASX:HCH)",https://www.listcorp.com/asx/hch/hot-chili-limited,"	71250200",0.4775,0.01,1.6,Materials
ASX:VHM,"VHM Limited (ASX:VHM)",https://www.listcorp.com/asx/vhm/vhm-limited,"	71223700",0.265,-0.06,-18.46,Materials
ASX:DCC,"DigitalX Limited (ASX:DCC)",https://www.listcorp.com/asx/dcc/digitalx-limited,"	71013800",0.063,0.00,6.78,"Information Technology"
ASX:VHL,"Vitasora Health Limited (ASX:VHL)",https://www.listcorp.com/asx/vhl/vitasora-health-limited,"	70887500",0.044,-0.00,-2.22,"Health Care"
ASX:VFY,"Vitrafy Life Sciences Limited (ASX:VFY)",https://www.listcorp.com/asx/vfy/vitrafy-life-sciences-limited,"	70873300",1.695,-0.05,-3.14,"Health Care"
ASX:CNB,"Carnaby Resources Limited (ASX:CNB)",https://www.listcorp.com/asx/cnb/carnaby-resources-limited,"	70800500",0.31,0.00,0,Materials
ASX:CGHE,"Claremont Global Fund (hedged) (Managed Fund) (ASX:CGHE)",https://www.listcorp.com/asx/cghe/claremont-global-fund-hedged-managed-fund,"	70547900",1.74,0.02,0.87,Unclassified
ASX:SPG,"SPC Global Holdings Limited (ASX:SPG)",https://www.listcorp.com/asx/spg/spc-global-holdings-limited,"	70438400",0.37,0.01,1.37,"Consumer Staples"
ASX:VTM,"Victory Metals Limited (ASX:VTM)",https://www.listcorp.com/asx/vtm/victory-metals-limited,"	70081700",0.675,0.04,5.47,Materials
ASX:INIF,"Intelligent Investor Australian Equity Income Fund (Managed Fund) (ASX:INIF)",https://www.listcorp.com/asx/inif/intelligent-investor-australian-equity-income-fund-managed-fund,"	69942400",2.71,0.02,0.74,Unclassified
ASX:RCE,"Recce Pharmaceuticals Limited (ASX:RCE)",https://www.listcorp.com/asx/rce/recce-pharmaceuticals-limited,"	69924100",0.29,0.01,3.57,"Health Care"
ASX:AII,"Almonty Industries Inc (ASX:AII)",https://www.listcorp.com/asx/aii/almonty-industries-inc,"	69671500",2.75,-0.02,-0.72,Materials
ASX:CAF,"Centrepoint Alliance Limited (ASX:CAF)",https://www.listcorp.com/asx/caf/centrepoint-alliance-limited,"	69608700",0.35,0.00,0,Financials
ASX:TRE,"Toubani Resources Inc (ASX:TRE)",https://www.listcorp.com/asx/tre/toubani-resources-inc,"	69472300",0.28,0.01,3.7,Materials
ASX:SGQ,"St George Mining Limited (ASX:SGQ)",https://www.listcorp.com/asx/sgq/st-george-mining-limited,"	69363400",0.026,0.00,0,Materials
ASX:GXAI,"Global X Artificial Intelligence ETF (ASX:GXAI)",https://www.listcorp.com/asx/gxai/global-x-artificial-intelligence-etf,"	69148000",11.9,0.18,1.54,Unclassified
ASX:SFX,"Sheffield Resources Limited (ASX:SFX)",https://www.listcorp.com/asx/sfx/sheffield-resources,"	69090900",0.175,0.00,0,Materials
ASX:ABY,"Adore Beauty Group Limited (ASX:ABY)",https://www.listcorp.com/asx/aby/adore-beauty-group,"	69059100",0.72,-0.01,-2.04,"Consumer Discretionary"
ASX:NUZ,"Neurizon Therapeutics Limited (ASX:NUZ)",https://www.listcorp.com/asx/nuz/neurizon-therapeutics-limited,"	68922800",0.135,-0.00,-3.57,"Health Care"
ASX:FML,"Focus Minerals Limited (ASX:FML)",https://www.listcorp.com/asx/fml/focus-minerals-limited,"	68774100",0.215,-0.03,-10.42,Materials
ASX:YOJ,"Yojee Limited (ASX:YOJ)",https://www.listcorp.com/asx/yoj/yojee-limited,"	68769400",0.225,0.01,4.65,"Information Technology"
ASX:DSK,"Dusk Group Limited (ASX:DSK)",https://www.listcorp.com/asx/dsk/dusk-group-limited,"	68494700",1.13,0.03,2.73,"Consumer Discretionary"
ASX:MQDB,"Macquarie Dynamic Bond Active ETF (Managed Fund) (ASX:MQDB)",https://www.listcorp.com/asx/mqdb/macquarie-dynamic-bond-active-etf-managed-fund,"	68164600",10.65,-0.04,-0.37,Unclassified
ASX:DRE,"Dreadnought Resources Limited (ASX:DRE)",https://www.listcorp.com/asx/dre/dreadnought-resources-limited,"	67821600",0.013,-0.00,-7.14,Materials
ASX:CUE,"Cue Energy Resources Limited (ASX:CUE)",https://www.listcorp.com/asx/cue/cue-energy-resources-limited,"	67812000",0.099,0.00,2.06,Energy
ASX:OPN,"Openn Negotiation Limited (ASX:OPN)",https://www.listcorp.com/asx/opn/openn-negotiation-limited,"	67750600",0.6,0.00,0,Industrials
ASX:HIT,"Hitech Group Australia Limited (ASX:HIT)",https://www.listcorp.com/asx/hit/hitech-group-australia-limited,"	67680000",1.58,-0.02,-1.25,Industrials
ASX:AXE,"Archer Materials Limited (ASX:AXE)",https://www.listcorp.com/asx/axe/archer-materials-limited,"	67534500",0.2575,-0.01,-2.83,"Information Technology"
ASX:JGH,"Jade Gas Holdings Limited (ASX:JGH)",https://www.listcorp.com/asx/jgh/jade-gas-holdings-limited,"	67473400",0.0395,-0.00,-1.25,Energy
ASX:LIS,"Li-S Energy Limited (ASX:LIS)",https://www.listcorp.com/asx/lis/li-s-energy-limited,"	67221000",0.1075,0.00,2.38,Industrials
ASX:SS1,"Sun Silver Limited (ASX:SS1)",https://www.listcorp.com/asx/ss1/sun-silver-limited,"	66937800",0.65,-0.02,-2.99,Materials
ASX:IPD,"ImpediMed Limited (ASX:IPD)",https://www.listcorp.com/asx/ipd/impedimed-limited,"	66907000",0.033,0.00,0,"Health Care"
ASX:GPR,"Geopacific Resources Limited (ASX:GPR)",https://www.listcorp.com/asx/gpr/geopacific-resources,"	66831800",0.021,0.00,0,Materials
ASX:MAM,"Microequities Asset Management Group (ASX:MAM)",https://www.listcorp.com/asx/mam/microequities-asset-management-group,"	66352700",0.5,0.00,0,Financials
ASX:FXG,"Felix Gold Limited (ASX:FXG)",https://www.listcorp.com/asx/fxg/felix-gold-limited,"	65751600",0.155,-0.01,-3.13,Materials
ASX:JPEQ,"JPMorgan US 100Q Equity Premium Income Active ETF (Managed Fund) (ASX:JPEQ)",https://www.listcorp.com/asx/jpeq/jpmorgan-us-100q-equity-premium-income-active-etf-managed-fund,"	65681100",57.85,0.57,1,Unclassified
ASX:HMY,"Harmoney Corp Limited (ASX:HMY)",https://www.listcorp.com/asx/hmy/harmoney-corp-limited,"	65257100",0.645,0.00,0.78,Financials
ASX:ACQ,"Acorn Capital Investment Fund (ASX:ACQ)",https://www.listcorp.com/asx/acq/acorn-capital-investment-fund,"	65191100",0.735,0.00,0.68,Financials
ASX:WCN,"White Cliff Minerals Limited (ASX:WCN)",https://www.listcorp.com/asx/wcn/white-cliff-minerals-limited,"	65086900",0.032,-0.00,-5.88,Materials
ASX:PEB,"Pacific Edge Limited (ASX:PEB)",https://www.listcorp.com/asx/peb/pacific-edge-limited,"	64953300",0.092,0.01,15,"Health Care"
ASX:ARN,"Aldoro Resources Limited (ASX:ARN)",https://www.listcorp.com/asx/arn/aldoro-resources-limited,"	64937900",0.34,-0.03,-6.85,Materials
ASX:A1G,"African Gold Limited (ASX:A1G)",https://www.listcorp.com/asx/a1g/african-gold-limited,"	64802700",0.135,0.00,0,Materials
ASX:RZI,"Raiz Invest Limited (ASX:RZI)",https://www.listcorp.com/asx/rzi/raiz-invest-limited,"	64769000",0.64,0.03,4.07,Financials
ASX:DVDY,"VanEck Morningstar Australian Moat Income ETF (ASX:DVDY)",https://www.listcorp.com/asx/dvdy/vaneck-morningstar-australian-moat-income-etf,"	64679000",22.97,0.10,0.44,Unclassified
ASX:AGR,"Aguia Resources Limited (ASX:AGR)",https://www.listcorp.com/asx/agr/aguia-resources-limited,"	64294600",0.044,0.00,0,Materials
ASX:REX,"Regional Express Holdings Limited (ASX:REX)",https://www.listcorp.com/asx/rex/regional-express-holdings-limited,"	63967200",0.565,0.00,0,Industrials
ASX:SEG,"Sports Entertainment Group Limited (ASX:SEG)",https://www.listcorp.com/asx/seg/sports-entertainment-group-limited,"	63814900",0.23,0.00,0,"Communication Services"
ASX:ARMR,"Betashares Global Defence ETF (ASX:ARMR)",https://www.listcorp.com/asx/armr/betashares-global-defence-etf,"	63800000",21.76,-0.24,-1.09,Unclassified
ASX:WKT,"Walkabout Resources Limited (ASX:WKT)",https://www.listcorp.com/asx/wkt/walkabout-resources-limited,"	63769800",0.095,0.00,0,Materials
ASX:RIM,"Rimfire Pacific Mining Limited (ASX:RIM)",https://www.listcorp.com/asx/rim/rimfire-pacific-mining-limited,"	62947300",0.025,0.00,0,Materials
ASX:IISV,"Intelligent Investor Select Value Share Fund (Managed Fund) (ASX:IISV)",https://www.listcorp.com/asx/iisv/intelligent-investor-select-value-share-fund-managed-fund,"	62288100",3.56,0.03,0.85,Unclassified
ASX:SB2,"Salter Brothers Emerging Companies Limited (ASX:SB2)",https://www.listcorp.com/asx/sb2/salter-brothers-emerging-companies-limited,"	62235900",0.735,0.00,0.68,Financials
ASX:EGG,"Enero Group Limited (ASX:EGG)",https://www.listcorp.com/asx/egg/enero-group-limited,"	62153600",0.7,0.02,2.19,"Communication Services"
ASX:BNZ,"Benz Mining Corp (ASX:BNZ)",https://www.listcorp.com/asx/bnz/benz-mining-corp,"	62076200",0.38,-0.01,-1.3,Materials
ASX:WTM,"Waratah Minerals Limited (ASX:WTM)",https://www.listcorp.com/asx/wtm/waratah-minerals-limited,"	61931500",0.335,0.03,9.84,Materials
ASX:EPY,"Earlypay Ltd (ASX:EPY)",https://www.listcorp.com/asx/epy/earlypay-ltd,"	61927600",0.23,0.00,1.1,Financials
ASX:SMN,"Structural Monitoring Systems Plc (ASX:SMN)",https://www.listcorp.com/asx/smn/structural-monitoring-systems,"	61722000",0.41,0.01,2.5,"Information Technology"
ASX:GCQF,"GCQ Global Equities Complex ETF (ASX:GCQF)",https://www.listcorp.com/asx/gcqf/gcq-global-equities-complex-etf,"	61639900",5.12,0.03,0.59,Unclassified
ASX:BOL,"Boom Logistics Limited (ASX:BOL)",https://www.listcorp.com/asx/bol/boom-logistics-limited,"	61495800",1.49,0.00,0,Industrials
ASX:ATP,"Atlas Pearls Ltd (ASX:ATP)",https://www.listcorp.com/asx/atp/atlas-pearls-ltd,"	61466000",0.14,0.00,0,"Consumer Discretionary"
ASX:PLY,"PlaySide Studios Limited (ASX:PLY)",https://www.listcorp.com/asx/ply/playside-studios-limited,"	61383300",0.145,-0.00,-3.33,"Communication Services"
ASX:FOOD,"BetaShares Global Agriculture Companies ETF - Currency Hedged (ASX:FOOD)",https://www.listcorp.com/asx/food/betashares-global-agriculture-companies-etf-currency-hedged,"	61340900",6.64,0.07,1.07,Unclassified
ASX:WAA,"WAM Active Limited (ASX:WAA)",https://www.listcorp.com/asx/waa/wam-active-limited,"	61089000",0.8,0.00,0,Financials
ASX:NMT,"Neometals Limited (ASX:NMT)",https://www.listcorp.com/asx/nmt/neometals-limited,"	60784600",0.077,-0.00,-2.53,Materials
ASX:HAS,"Hastings Technology Metals Limited (ASX:HAS)",https://www.listcorp.com/asx/has/hastings-technology-metals,"	60437200",0.33,0.01,3.13,Materials
ASX:IYLD,"iShares Yield Plus ETF (ASX:IYLD)",https://www.listcorp.com/asx/iyld/ishares-yield-plus-etf,"	60330400",100.24,0.01,0.01,Unclassified
ASX:QFN,"BetaShares Australian Financials Sector ETF (ASX:QFN)",https://www.listcorp.com/asx/qfn/betashares-australian-financials-sector-etf,"	60041300",16.67,0.01,0.06,Unclassified
ASX:FRM,"Farm Pride Foods Ltd (ASX:FRM)",https://www.listcorp.com/asx/frm/farm-pride-foods-ltd,"	60005700",0.26,0.00,0,"Consumer Staples"
ASX:PFG,"Prime Financial Group Limited (ASX:PFG)",https://www.listcorp.com/asx/pfg/prime-financial-group-limited,"	58937000",0.23,0.00,0,Financials
ASX:LKO,"Lakes Blue Energy NL (ASX:LKO)",https://www.listcorp.com/asx/lko/lakes-blue-energy,"	58770700",1,0.00,0,Energy
ASX:BWF,"Blackwall Limited (ASX:BWF)",https://www.listcorp.com/asx/bwf/blackwall-limited,"	58730900",0.355,0.01,1.43,Financials
ASX:KAU,"Kaiser Reef Limited (ASX:KAU)",https://www.listcorp.com/asx/kau/kaiser-reef-limited,"	58637400",0.17,-0.01,-5.56,Materials
ASX:SNAS,"Global X Ultra Short Nasdaq 100 Hedge Fund (ASX:SNAS)",https://www.listcorp.com/asx/snas/global-x-ultra-short-nasdaq-100-hedge-fund,"	58370800",25.45,-1.02,-3.85,Unclassified
ASX:E200,"SPDR S&P/ASX ESG 200 FUND (ASX:E200)",https://www.listcorp.com/asx/e200/spdr-s-and-p-asx-esg-200-fund,"	58324100",26.35,0.08,0.3,Unclassified
ASX:ADN,"Andromeda Metals Limited (ASX:ADN)",https://www.listcorp.com/asx/adn/andromeda-metals-limited,"	58288400",0.016,-0.00,-5.88,Materials
ASX:SWTZ,"Switzer Dividend Growth Fund (Quoted Managed Fund) (ASX:SWTZ)",https://www.listcorp.com/asx/swtz/switzer-dividend-growth-fund-quoted-managed-fund,"	58237000",2.37,0.01,0.42,Unclassified
ASX:GHHF,"Betashares Wealth Builder Diversified All Growth Geared (30-40% LVR) Complex ETF (ASX:GHHF)",https://www.listcorp.com/asx/ghhf/betashares-wealth-builder-diversified-all-growth-geared-30-40-lvr-complex-etf,"	58224100",29.23,0.18,0.62,Unclassified
ASX:GOVT,"SPDR S&P/ASX Australian Government Bond Fund (ASX:GOVT)",https://www.listcorp.com/asx/govt/spdr-s-and-p-asx-australian-government-bond-fund,"	58183900",24.54,-0.05,-0.2,Unclassified
ASX:CZR,"CZR Resources Ltd (ASX:CZR)",https://www.listcorp.com/asx/czr/czr-resources-ltd,"	58000000",0.25,0.00,2.04,Materials
ASX:HAV,"Havilah Resources Limited (ASX:HAV)",https://www.listcorp.com/asx/hav/havilah-resources-limited,"	57673600",0.17,0.00,0,Materials
ASX:RSM,"Russell Investments Australian Semi-Government Bond ETF (ASX:RSM)",https://www.listcorp.com/asx/rsm/russell-investments-australian-semi-government-bond-etf,"	57595900",20.82,-0.07,-0.34,Unclassified
ASX:MDR,"MedAdvisor Limited (ASX:MDR)",https://www.listcorp.com/asx/mdr/medadvisor-limited,"	57380700",0.098,0.00,2.08,"Health Care"
ASX:MSV,"Mitchell Services Limited (ASX:MSV)",https://www.listcorp.com/asx/msv/mitchell-services-limited,"	57323200",0.285,0.02,5.56,Materials
ASX:GROW,"Schroder Real Return (Managed Fund) (ASX:GROW)",https://www.listcorp.com/asx/grow/schroder-real-return-managed-fund,"	57257600",3.79,0.03,0.8,Unclassified
ASX:RKN,"Reckon Limited (ASX:RKN)",https://www.listcorp.com/asx/rkn/reckon-limited,"	57213900",0.505,0.00,0,"Information Technology"
ASX:FEG,"Far East Gold Ltd (ASX:FEG)",https://www.listcorp.com/asx/feg/far-east-gold-ltd,"	56889300",0.15,-0.01,-3.23,Materials
ASX:B4P,"Beforepay Group Limited (ASX:B4P)",https://www.listcorp.com/asx/b4p/beforepay-group-limited,"	56668100",1.275,0.10,8.51,Financials
ASX:RWL,"Rubicon Water Limited (ASX:RWL)",https://www.listcorp.com/asx/rwl/rubicon-water-limited,"	56563300",0.225,-0.01,-4.26,"Information Technology"
ASX:AQC,"Australian Pacific Coal Limited (ASX:AQC)",https://www.listcorp.com/asx/aqc/australian-pacific-coal-limited,"	56037400",0.078,-0.00,-2.5,Materials
ASX:LKE,"Lake Resources NL (ASX:LKE)",https://www.listcorp.com/asx/lke/lake-resources,"	55897600",0.031,0.00,0,Materials
ASX:DBF,"Duxton Farms Ltd (ASX:DBF)",https://www.listcorp.com/asx/dbf/duxton-farms-ltd,"	55768200",1.355,0.00,0,"Consumer Staples"
ASX:YRL,"Yandal Resources Limited (ASX:YRL)",https://www.listcorp.com/asx/yrl/yandal-resources-limited,"	55662300",0.18,0.00,0,Materials
ASX:EWC,"Energy World Corporation Limited (ASX:EWC)",https://www.listcorp.com/asx/ewc/energy-world-corporation-limited,"	55420600",0.018,0.00,0,Utilities
ASX:ISLM,"Hejaz Equities Fund (Managed Fund) (ASX:ISLM)",https://www.listcorp.com/asx/islm/hejaz-equities-fund-managed-fund,"	55285100",1.135,0.02,1.79,Unclassified
ASX:LRT,"Lowell Resources Fund (ASX:LRT)",https://www.listcorp.com/asx/lrt/lowell-resources-fund,"	55036200",1.31,-0.02,-1.5,Financials
ASX:CLNE,"VanEck Global Clean Energy ETF (ASX:CLNE)",https://www.listcorp.com/asx/clne/vaneck-global-clean-energy-etf,"	54869100",5.63,0.17,3.11,Unclassified
ASX:MCM,"MC Mining Limited (ASX:MCM)",https://www.listcorp.com/asx/mcm/mc-mining-limited,"	54814800",0.095,0.00,3.26,Energy
ASX:CMP,"Compumedics Limited (ASX:CMP)",https://www.listcorp.com/asx/cmp/compumedics,"	54782100",0.285,0.00,0,"Health Care"
ASX:MTH,"Mithril Silver and Gold Limited (ASX:MTH)",https://www.listcorp.com/asx/mth/mithril-silver-and-gold-limited,"	54661300",0.375,0.00,0,Materials
ASX:SHM,"Shriro Holdings Limited (ASX:SHM)",https://www.listcorp.com/asx/shm/shriro-holdings-limited,"	54528000",0.715,0.01,2.14,"Consumer Discretionary"
ASX:MQIO,"Macquarie Income Opportunities Active ETF (Managed Fund) (ASX:MQIO)",https://www.listcorp.com/asx/mqio/macquarie-income-opportunities-active-etf-managed-fund,"	54216600",10.59,0.02,0.19,Unclassified
ASX:BXN,"Bioxyne Limited (ASX:BXN)",https://www.listcorp.com/asx/bxn/bioxyne-limited,"	54120700",0.024,-0.00,-4,"Consumer Staples"
ASX:IHEB,"iShares JP Morgan USD Emerging Mkt Bnd AUD Hdg ETF (ASX:IHEB)",https://www.listcorp.com/asx/iheb/ishares-jp-morgan-usd-emerging-mkt-bnd-aud-hdg-etf,"	54007600",73.87,0.25,0.34,Unclassified
ASX:HYT,"HyTerra Ltd (ASX:HYT)",https://www.listcorp.com/asx/hyt/hyterra-ltd,"	53920600",0.031,-0.00,-6.06,Energy
ASX:MHK,"Metal Hawk Limited (ASX:MHK)",https://www.listcorp.com/asx/mhk/metal-hawk-limited,"	52914500",0.455,0.02,4.6,Materials
ASX:KAI,"Kairos Minerals Limited (ASX:KAI)",https://www.listcorp.com/asx/kai/kairos-minerals-limited,"	52618200",0.02,0.00,0,Materials
ASX:E25,"Element 25 Limited (ASX:E25)",https://www.listcorp.com/asx/e25/element-25-limited,"	52580900",0.22,-0.01,-4.35,Materials
ASX:GBR,"Great Boulder Resources Limited (ASX:GBR)",https://www.listcorp.com/asx/gbr/great-boulder-resources,"	52462700",0.066,-0.00,-4.35,Materials
ASX:TSO,"Tesoro Gold Limited (ASX:TSO)",https://www.listcorp.com/asx/tso/tesoro-gold-limited,"	52427700",0.027,0.00,0,Materials
ASX:3DP,"Pointerra Limited (ASX:3DP)",https://www.listcorp.com/asx/3dp/pointerra-limited,"	52330000",0.06,-0.00,-7.69,"Information Technology"
ASX:SIO,"Simonds Group Limited (ASX:SIO)",https://www.listcorp.com/asx/sio/simonds-group-limited,"	52186400",0.15,0.01,3.45,"Consumer Discretionary"
ASX:HFR,"Highfield Resources Limited (ASX:HFR)",https://www.listcorp.com/asx/hfr/highfield-resources,"	52148500",0.11,0.00,0,Materials
ASX:DNA,"Donaco International Limited (ASX:DNA)",https://www.listcorp.com/asx/dna/donaco-international-limited,"	51886400",0.041,-0.00,-2.38,"Consumer Discretionary"
ASX:CLE,"Cyclone Metals Limited (ASX:CLE)",https://www.listcorp.com/asx/cle/cyclone-metals-limited,"	51866000",0.043,-0.01,-10.42,Materials
ASX:GOAT,"VanEck Morningstar International Wide Moat ETF (ASX:GOAT)",https://www.listcorp.com/asx/goat/vaneck-morningstar-international-wide-moat-etf,"	51857400",27.91,0.12,0.43,Unclassified
ASX:PIQ,"Proteomics International Laboratories Ltd (ASX:PIQ)",https://www.listcorp.com/asx/piq/proteomics-international-laboratories,"	51761900",0.365,0.00,0,"Health Care"
ASX:IDA,"Indiana Resources Limited (ASX:IDA)",https://www.listcorp.com/asx/ida/indiana-resources-limited,"	51418600",0.078,-0.00,-2.5,Materials
ASX:HEUR,"BetaShares Europe ETF - Currency Hedged (ASX:HEUR)",https://www.listcorp.com/asx/heur/betashares-europe-etf-currency-hedged,"	51261700",15.72,0.16,1.03,Unclassified
ASX:AHL,"Adrad Holdings Limited (ASX:AHL)",https://www.listcorp.com/asx/ahl/adrad-holdings-limited,"	51221000",0.63,0.00,0,"Consumer Discretionary"
ASX:PPL,"Pureprofile Limited (ASX:PPL)",https://www.listcorp.com/asx/ppl/pureprofile-limited,"	51209000",0.043,-0.00,-2.27,"Information Technology"
ASX:BCB,"Bowen Coking Coal Limited (ASX:BCB)",https://www.listcorp.com/asx/bcb/bowen-coking-coal-limited,"	51184800",0.445,-0.03,-6.32,Materials
ASX:TVL,"Touch Ventures Limited (ASX:TVL)",https://www.listcorp.com/asx/tvl/touch-ventures-limited,"	51003200",0.072,0.00,0,Financials
ASX:LSGE,"Loomis Sayles Global Equity Fund (ASX:LSGE)",https://www.listcorp.com/asx/lsge/loomis-sayles-global-equity-fund,"	50753100",3.56,0.07,2.01,Unclassified
ASX:DHOF,"Daintree Hybrid Opportunities Fund (Managed Fund) (ASX:DHOF)",https://www.listcorp.com/asx/dhof/daintree-hybrid-opportunities-fund-managed-fund,"	50748200",9.45,-0.03,-0.32,Unclassified
ASX:MNS,"Magnis Energy Technologies Limited (ASX:MNS)",https://www.listcorp.com/asx/mns/magnis-energy-technologies-limited,"	50378900",0.042,0.00,0,Materials
ASX:RAD,"Radiopharm Theranostics Limited (ASX:RAD)",https://www.listcorp.com/asx/rad/radiopharm-theranostics-limited,"	50180600",0.021,-0.00,-2.33,"Health Care"
ASX:MHOT,"VanEck Morningstar Wide Moat (AUD Hedged) ETF (ASX:MHOT)",https://www.listcorp.com/asx/mhot/vaneck-morningstar-wide-moat-aud-hedged-etf,"	50069100",130.32,1.11,0.86,Unclassified
ASX:TIP,"Teaminvest Private Group Limited (ASX:TIP)",https://www.listcorp.com/asx/tip/teaminvest-private-group-limited,"	50019400",1.85,0.00,0,Financials
ASX:WWI,"West Wits Mining Limited (ASX:WWI)",https://www.listcorp.com/asx/wwi/west-wits-mining,"	49877200",0.02,0.00,5.26,Materials
ASX:DGGF,"BetaShares Ethical Diversified Growth ETF (ASX:DGGF)",https://www.listcorp.com/asx/dggf/betashares-ethical-diversified-growth-etf,"	49797300",28.3,0.05,0.18,Unclassified
ASX:BDM,"Burgundy Diamond Mines Limited (ASX:BDM)",https://www.listcorp.com/asx/bdm/burgundy-diamond-mines-limited,"	49746600",0.038,0.00,8.57,Materials
ASX:HLTH,"VanEck Global Healthcare Leaders ETF (ASX:HLTH)",https://www.listcorp.com/asx/hlth/vaneck-global-healthcare-leaders-etf,"	49482600",11.1,-0.13,-1.16,Unclassified
ASX:MYE,"Mastermyne Group Limited (ASX:MYE)",https://www.listcorp.com/asx/mye/mastermyne-group-limited,"	49383700",0.17,0.01,6.25,Materials
ASX:MAT,"Matsa Resources Limited (ASX:MAT)",https://www.listcorp.com/asx/mat/matsa-resources-limited,"	49108600",0.067,0.00,0,Materials
ASX:FSI,"Flagship Investments Limited (ASX:FSI)",https://www.listcorp.com/asx/fsi/flagship-investments-limited,"	48870200",1.89,0.00,0,Financials
ASX:PVE,"Po Valley Energy Limited (ASX:PVE)",https://www.listcorp.com/asx/pve/po-valley-energy,"	48676400",0.042,0.00,0,Energy
ASX:DTZ,"Dotz Nano Limited (ASX:DTZ)",https://www.listcorp.com/asx/dtz/dotz-nano-limited,"	48526300",0.094,0.01,10.59,"Information Technology"
ASX:MQSD,"Macquarie Subordinated Debt Active ETF (ASX:MQSD)",https://www.listcorp.com/asx/mqsd/macquarie-subordinated-debt-active-etf,"	48513400",49.59,0.09,0.18,Unclassified
ASX:CRI,"Critica Limited (ASX:CRI)",https://www.listcorp.com/asx/cri/critica-limited,"	48392100",0.019,0.00,5.56,Materials
ASX:MEU,"Marmota Limited (ASX:MEU)",https://www.listcorp.com/asx/meu/marmota-limited,"	48310500",0.044,0.00,7.32,Energy
ASX:MMA,"Maronan Metals Limited (ASX:MMA)",https://www.listcorp.com/asx/mma/maronan-metals-limited,"	48300700",0.24,0.00,0,Materials
ASX:CPV,"ClearVue Technologies Limited (ASX:CPV)",https://www.listcorp.com/asx/cpv/clearvue-technologies-limited,"	48276100",0.185,0.01,2.78,Industrials
ASX:LBL,"Laserbond Limited (ASX:LBL)",https://www.listcorp.com/asx/lbl/laserbond-limited,"	48237300",0.42,0.01,2.44,Industrials
ASX:OEL,"Otto Energy Limited (ASX:OEL)",https://www.listcorp.com/asx/oel/otto-energy-limited,"	47950100",0.01,0.00,0,Energy
ASX:ANO,"Advance Zinctek Limited (ASX:ANO)",https://www.listcorp.com/asx/ano/advance-zinctek-limited,"	47896500",0.765,0.00,0,Materials
ASX:VIT,"Vitura Health Limited (ASX:VIT)",https://www.listcorp.com/asx/vit/vitura-health-limited,"	47682400",0.074,0.00,2.78,"Health Care"
ASX:AAL,"Alfabs Australia Limited (ASX:AAL)",https://www.listcorp.com/asx/aal/alfabs-australia-limited,"	47632200",0.4,0.01,1.27,Industrials
ASX:GT3,"Green360 Technologies Limited (ASX:GT3)",https://www.listcorp.com/asx/gt3/green360-technologies-limited,"	47447200",0.045,-0.00,-4.26,Materials
ASX:LM8,"Lunnon Metals Limited (ASX:LM8)",https://www.listcorp.com/asx/lm8/lunnon-metals-limited,"	47435100",0.22,0.01,2.33,Materials
ASX:SRL,"Sunrise Energy Metals Limited (ASX:SRL)",https://www.listcorp.com/asx/srl/sunrise-energy-metals-limited,"	47369400",0.47,-0.06,-10.48,Materials
ASX:BSX,"Blackstone Minerals Limited (ASX:BSX)",https://www.listcorp.com/asx/bsx/blackstone-minerals-limited,"	47358100",0.071,0.00,1.43,Materials
ASX:TYP,"Tryptamine Therapeutics Limited (ASX:TYP)",https://www.listcorp.com/asx/typ/tryptamine-therapeutics-limited,"	47227700",0.035,0.00,2.94,"Health Care"
ASX:CTP,"Central Petroleum Limited (ASX:CTP)",https://www.listcorp.com/asx/ctp/central-petroleum-limited,"	46951300",0.062,-0.00,-1.59,Energy
ASX:MPW,"Metal Powder Works Limited (ASX:MPW)",https://www.listcorp.com/asx/mpw/metal-powder-works-limited,"	46901300",0.435,-0.02,-5.43,Industrials
ASX:AIQ,"Alternative Investment Trust (ASX:AIQ)",https://www.listcorp.com/asx/aiq/alternative-investment-trust,"	46701300",1.475,0.00,0,Financials
ASX:IMPQ,"eInvest Future Impact Small Caps Fund (ASX:IMPQ)",https://www.listcorp.com/asx/impq/einvest-future-impact-small-caps-fund,"	46647000",4.93,0.01,0.2,Unclassified
ASX:TER,"TerraCom Limited (ASX:TER)",https://www.listcorp.com/asx/ter/terracom-limited,"	46456000",0.06,0.00,3.45,Energy
ASX:INCM,"BetaShares Global Income Leaders ETF (ASX:INCM)",https://www.listcorp.com/asx/incm/betashares-global-income-leaders-etf,"	46398500",18.79,-0.03,-0.16,Unclassified
ASX:IBC,"Ironbark Capital Limited (ASX:IBC)",https://www.listcorp.com/asx/ibc/ironbark-capital-limited,"	46266600",0.44,0.00,0,Financials
ASX:VTX,"Vertex Minerals Limited (ASX:VTX)",https://www.listcorp.com/asx/vtx/vertex-minerals-limited,"	45900100",0.22,-0.02,-8.33,Materials
ASX:BCOM,"Global X Bloomberg Commodity ETF (Synthetic) (ASX:BCOM)",https://www.listcorp.com/asx/bcom/global-x-bloomberg-commodity-etf-synthetic,"	45790800",11.17,-0.02,-0.18,Unclassified
ASX:AZL,"Arizona Lithium Limited (ASX:AZL)",https://www.listcorp.com/asx/azl/arizona-lithium-limited,"	45618100",0.01,0.00,0,Materials
ASX:UBN,"Urbanise.com Limited (ASX:UBN)",https://www.listcorp.com/asx/ubn/urbanise.com-limited,"	45156300",0.7,0.00,0,"Information Technology"
ASX:IDT,"IDT Australia Limited (ASX:IDT)",https://www.listcorp.com/asx/idt/idt-australia-limited,"	45116200",0.1,-0.00,-4.76,"Health Care"
ASX:JAT,"Jatcorp Limited (ASX:JAT)",https://www.listcorp.com/asx/jat/jatcorp-limited,"	44964000",0.54,0.00,0,"Consumer Discretionary"
ASX:PHX,"PharmX Technologies Limited (ASX:PHX)",https://www.listcorp.com/asx/phx/pharmx-technologies-limited,"	44888000",0.077,0.00,2.67,"Information Technology"
ASX:WRLD,"BetaShares Managed Risk Global Share Fund (managed fund) (ASX:WRLD)",https://www.listcorp.com/asx/wrld/betashares-managed-risk-global-share-fund-managed-fund,"	44675000",20.06,0.17,0.85,Unclassified
ASX:SEQ,"Sequoia Financial Group Ltd (ASX:SEQ)",https://www.listcorp.com/asx/seq/sequoia-financial-group-ltd,"	44494900",0.355,-0.01,-1.39,Financials
ASX:GL1,"Global Lithium Resources Limited (ASX:GL1)",https://www.listcorp.com/asx/gl1/global-lithium-resources-limited,"	44494500",0.17,0.00,0,Materials
ASX:FLC,"Fluence Corporation Limited (ASX:FLC)",https://www.listcorp.com/asx/flc/fluence-corporation-limited,"	44319600",0.042,0.00,2.44,Utilities
ASX:AEBD,"Betashares Ethical Australian Composite Bond ETF (ASX:AEBD)",https://www.listcorp.com/asx/aebd/betashares-ethical-australian-composite-bond-etf,"	44315800",51.38,-0.15,-0.29,Unclassified
ASX:IIQ,"INOVIQ Ltd (ASX:IIQ)",https://www.listcorp.com/asx/iiq/inoviq-ltd,"	44095000",0.38,-0.02,-3.8,"Health Care"
ASX:NXM,"Nexus Minerals Limited (ASX:NXM)",https://www.listcorp.com/asx/nxm/nexus-minerals-limited,"	44074500",0.072,-0.00,-1.37,Materials
ASX:AS1,"Asara Resources Limited (ASX:AS1)",https://www.listcorp.com/asx/as1/asara-resources-limited,"	44047100",0.04,0.00,0,Materials
ASX:FFI,"FFI Holdings Limited (ASX:FFI)",https://www.listcorp.com/asx/ffi/ffi-holdings-limited,"	44038500",3.95,-0.05,-1.25,"Consumer Staples"
ASX:GHM,"Golden Horse Minerals Limited (ASX:GHM)",https://www.listcorp.com/asx/ghm/golden-horse-minerals-limited,"	43949200",0.38,-0.01,-1.3,Unclassified
ASX:MCE,"Matrix Composites & Engineering Ltd (ASX:MCE)",https://www.listcorp.com/asx/mce/matrix-composites-and-engineering-ltd,"	43643200",0.215,0.02,10.26,Energy
ASX:CYM,"Cyprium Metals Limited (ASX:CYM)",https://www.listcorp.com/asx/cym/cyprium-metals-limited,"	43338300",0.0235,0.00,11.9,Materials
ASX:DCOR,"Daintree Core Income Active ETF (ASX:DCOR)",https://www.listcorp.com/asx/dcor/daintree-core-income-active-etf,"	43284800",51.01,0.00,0,Unclassified
ASX:5GN,"5G Networks Limited (ASX:5GN)",https://www.listcorp.com/asx/5gn/5g-networks-limited,"	43187100",0.145,0.00,0,"Information Technology"
ASX:JBY,"James Bay Minerals Limited (ASX:JBY)",https://www.listcorp.com/asx/jby/james-bay-minerals-limited,"	43116500",0.57,-0.03,-5,Materials
ASX:CLDD,"BetaShares Cloud Computing ETF (ASX:CLDD)",https://www.listcorp.com/asx/cldd/betashares-cloud-computing-etf,"	42952300",13.75,0.23,1.7,Unclassified
ASX:CYP,"Cynata Therapeutics Limited (ASX:CYP)",https://www.listcorp.com/asx/cyp/cynata-therapeutics,"	42931300",0.19,0.00,0,"Health Care"
ASX:HCRD,"BetaShares Interest Rate Hedged Australian Investment Grade Corporate Bond ETF (ASX:HCRD)",https://www.listcorp.com/asx/hcrd/betashares-interest-rate-hedged-australian-investment-grade-corporate-bond-etf,"	42762900",25.07,-0.01,-0.04,Unclassified
ASX:ATG,"Articore Group Limited (ASX:ATG)",https://www.listcorp.com/asx/atg/articore-group-limited,"	42710500",0.145,-0.00,-3.33,"Consumer Discretionary"
ASX:BOND,"SPDR S&P/ASX Australian Bond Fund (ASX:BOND)",https://www.listcorp.com/asx/bond/spdr-s-and-p-asx-australian-bond-fund,"	42614400",25.65,-0.01,-0.04,Unclassified
ASX:VRX,"VRX Silica Ltd (ASX:VRX)",https://www.listcorp.com/asx/vrx/vrx-silica-ltd,"	42596300",0.069,0.01,21.05,Materials
ASX:S2R,"S2 Resources Ltd (ASX:S2R)",https://www.listcorp.com/asx/s2r/s2-resources-ltd,"	42568700",0.095,0.00,1.06,Materials
ASX:EMH,"European Metals Holdings Limited (ASX:EMH)",https://www.listcorp.com/asx/emh/european-metals-holdings,"	42526200",0.21,0.01,2.44,Materials
ASX:FAR,"FAR Limited (ASX:FAR)",https://www.listcorp.com/asx/far/far,"	42508400",0.455,-0.01,-1.09,Energy
ASX:EDC,"Eildon Capital Limited (ASX:EDC)",https://www.listcorp.com/asx/edc/eildon-capital-limited,"	42508400",0.9,0.00,0,Financials
ASX:CD2,"Cordish Dixon Private Equity Fund II (ASX:CD2)",https://www.listcorp.com/asx/cd2/cordish-dixon-private-equity-fund-ii,"	42508100",0.89,0.08,9.88,Financials
ASX:NSC,"NAOS Small Cap Opportunities Company (ASX:NSC)",https://www.listcorp.com/asx/nsc/naos-small-cap-opportunities-company,"	42419600",0.295,-0.02,-6.35,Financials
ASX:TAM,"Tanami Gold NL (ASX:TAM)",https://www.listcorp.com/asx/tam/tanami-gold,"	42303500",0.036,0.00,0,Materials
ASX:PEK,"Peak Rare Earths Limited (ASX:PEK)",https://www.listcorp.com/asx/pek/peak-rare-earths-limited,"	42254000",0.12,0.00,0,Materials
ASX:ATOM,"Global X Uranium ETF (ASX:ATOM)",https://www.listcorp.com/asx/atom/global-x-uranium-etf,"	41950000",15.1,0.60,4.14,Unclassified
ASX:VIG,"Victor Group (ASX:VIG)",https://www.listcorp.com/asx/vig/victor-group,"	41742500",0.064,0.00,0,"Information Technology"
ASX:NOU,"Noumi Limited (ASX:NOU)",https://www.listcorp.com/asx/nou/noumi-limited,"	41566400",0.145,-0.00,-3.33,"Consumer Staples"
ASX:LEL,"Lithium Energy Limited (ASX:LEL)",https://www.listcorp.com/asx/lel/lithium-energy-limited,"	41440600",0.37,0.00,0,Materials
ASX:GFL,"Global Masters Fund Limited (ASX:GFL)",https://www.listcorp.com/asx/gfl/global-masters-fund-limited,"	41165400",3.81,0.04,1.06,Financials
ASX:PTX,"Prescient Therapeutics Limited (ASX:PTX)",https://www.listcorp.com/asx/ptx/prescient-therapeutics-limited,"	41071300",0.05,-0.00,-1.96,"Health Care"
ASX:JPR,"Jupiter Energy Limited (ASX:JPR)",https://www.listcorp.com/asx/jpr/jupiter-energy-limited,"	40956300",0.032,0.00,0,Energy
ASX:PEX,"Peel Mining Limited (ASX:PEX)",https://www.listcorp.com/asx/pex/peel-mining,"	40675900",0.069,-0.00,-1.43,Materials
ASX:OSM,"Osmond Resources Limited (ASX:OSM)",https://www.listcorp.com/asx/osm/osmond-resources-limited,"	40656600",0.425,0.00,0,Materials
ASX:LTP,"LTR Pharma Limited (ASX:LTP)",https://www.listcorp.com/asx/ltp/ltr-pharma-limited,"	40306700",0.35,-0.01,-2.78,"Health Care"
ASX:DDB,"Dynamic Group Holdings Limited (ASX:DDB)",https://www.listcorp.com/asx/ddb/dynamic-group-holdings-limited,"	40085300",0.28,0.00,0,Industrials
ASX:MX1,"Micro-X Limited (ASX:MX1)",https://www.listcorp.com/asx/mx1/micro-x-limited,"	40021800",0.063,0.00,5,"Health Care"
ASX:AUDS,"BetaShares Strong Australian Dollar Fund (hedge fund) (ASX:AUDS)",https://www.listcorp.com/asx/auds/betashares-strong-australian-dollar-fund-hedge-fund,"	39741300",5.66,0.04,0.71,Unclassified
ASX:AI1,"Adisyn Ltd (ASX:AI1)",https://www.listcorp.com/asx/ai1/adisyn-ltd,"	39727900",0.058,0.00,5.45,"Information Technology"
ASX:TEK,"Thorney Technologies Limited (ASX:TEK)",https://www.listcorp.com/asx/tek/thorney-technologies-limited,"	39672500",0.11,0.00,4.76,Energy
ASX:RDM,"Red Metal Limited (ASX:RDM)",https://www.listcorp.com/asx/rdm/red-metal-limited,"	39562400",0.105,-0.01,-4.55,Materials
ASX:WTL,"WT Financial Group Limited (ASX:WTL)",https://www.listcorp.com/asx/wtl/wt-financial-group-limited,"	39351400",0.115,0.00,0,Financials
ASX:IXR,"Ionic Rare Earths Limited (ASX:IXR)",https://www.listcorp.com/asx/ixr/ionic-rare-earths-limited,"	39288200",0.0075,0.00,0,Materials
ASX:PH2,"Pure Hydrogen Corporation Limited (ASX:PH2)",https://www.listcorp.com/asx/ph2/pure-hydrogen-corporation-limited,"	39215500",0.11,0.00,4.76,Energy
ASX:TIG,"Tigers Realm Coal Limited (ASX:TIG)",https://www.listcorp.com/asx/tig/tigers-realm-coal-limited,"	39200100",0.003,0.00,0,Materials
ASX:BTN,"Butn Limited (ASX:BTN)",https://www.listcorp.com/asx/btn/butn-limited,"	39108200",0.14,0.00,0,Financials
ASX:WZR,"Wisr Limited (ASX:WZR)",https://www.listcorp.com/asx/wzr/wisr-limited,"	39058400",0.029,0.00,3.57,Financials
ASX:BEAR,"BetaShares Australian Equities Bear Hedge Fund (ASX:BEAR)",https://www.listcorp.com/asx/bear/betashares-australian-equities-bear-hedge-fund,"	39054700",7.74,0.00,0,Unclassified
ASX:WR1,"Winsome Resources Limited (ASX:WR1)",https://www.listcorp.com/asx/wr1/winsome-resources-limited,"	39023000",0.165,0.01,3.13,Materials
ASX:MNB,"Minbos Resources Limited (ASX:MNB)",https://www.listcorp.com/asx/mnb/minbos-resources,"	39002000",0.04,0.00,0,Materials
ASX:JAN,"Janison Education Group Limited (ASX:JAN)",https://www.listcorp.com/asx/jan/janison-education-group,"	38983200",0.155,0.00,3.33,"Information Technology"
ASX:GARP,"Global X S&P World ex Australia GARP ETF (ASX:GARP)",https://www.listcorp.com/asx/garp/global-x-s-and-p-world-ex-australia-garp-etf,"	38913800",11.61,0.08,0.69,Unclassified
ASX:ILA,"Island Pharmaceuticals Limited (ASX:ILA)",https://www.listcorp.com/asx/ila/island-pharmaceuticals-limited,"	38898000",0.18,-0.00,-2.7,"Health Care"
ASX:MCP,"McPherson's Limited (ASX:MCP)",https://www.listcorp.com/asx/mcp/mcphersons-limited,"	38866300",0.27,0.00,0,"Consumer Staples"
ASX:FLX,"Felix Group Holdings Ltd (ASX:FLX)",https://www.listcorp.com/asx/flx/felix-group-holdings-ltd,"	38854900",0.19,0.00,0,"Information Technology"
ASX:CKA,"Cokal Limited (ASX:CKA)",https://www.listcorp.com/asx/cka/cokal,"	38842200",0.035,-0.00,-2.78,Materials
ASX:TMG,"Trigg Minerals Limited (ASX:TMG)",https://www.listcorp.com/asx/tmg/trigg-minerals-limited,"	38802500",0.044,0.00,4.76,Materials
ASX:RTG,"RTG Mining Inc. (ASX:RTG)",https://www.listcorp.com/asx/rtg/rtg-mining-inc,"	38759700",0.031,0.00,0,Materials
ASX:TKM,"Trek Metals Limited (ASX:TKM)",https://www.listcorp.com/asx/tkm/trek-metals-limited,"	38723700",0.065,-0.00,-1.52,Materials
ASX:CCA,"Change Financial Limited (ASX:CCA)",https://www.listcorp.com/asx/cca/change-financial-limited,"	38463800",0.056,0.00,0,Financials
ASX:ESK,"Etherstack Plc (ASX:ESK)",https://www.listcorp.com/asx/esk/etherstack-plc,"	38329900",0.29,0.00,0,"Information Technology"
ASX:CLG,"Close the Loop Limited (ASX:CLG)",https://www.listcorp.com/asx/clg/close-the-loop-limited,"	38293200",0.074,0.00,2.78,Industrials
ASX:M4M,"Macro Metals Limited (ASX:M4M)",https://www.listcorp.com/asx/m4m/macro-metals-limited,"	37785500",0.009,-0.00,-5.26,Materials
ASX:SPL,"Starpharma Holdings Limited (ASX:SPL)",https://www.listcorp.com/asx/spl/starpharma-holdings,"	37640200",0.09,0.00,0,"Health Care"
ASX:BML,"Boab Metals Limited (ASX:BML)",https://www.listcorp.com/asx/bml/boab-metals-limited,"	37467900",0.155,0.00,0,Materials
ASX:HE8,"Helios Energy Limited (ASX:HE8)",https://www.listcorp.com/asx/he8/helios-energy-limited,"	37423600",0.014,0.00,7.69,Energy
ASX:RTH,"RAS Technology Holdings Limited (ASX:RTH)",https://www.listcorp.com/asx/rth/ras-technology-holdings-limited,"	37380600",0.8,0.00,0,Industrials
ASX:AGD,"Austral Gold Limited (ASX:AGD)",https://www.listcorp.com/asx/agd/austral-gold-limited,"	37351000",0.061,0.00,0,Materials
ASX:GWR,"GWR Group Limited (ASX:GWR)",https://www.listcorp.com/asx/gwr/gwr-group,"	37214800",0.11,-0.01,-4.35,Materials
ASX:AGC,"Australian Gold and Copper Ltd (ASX:AGC)",https://www.listcorp.com/asx/agc/australian-gold-and-copper-ltd,"	37206600",0.15,0.01,3.45,Materials
ASX:TCF,"360 Capital Mortgage REIT (ASX:TCF)",https://www.listcorp.com/asx/tcf/360-capital-mortgage-reit,"	37071300",5.99,0.05,0.84,Financials
ASX:AUN,"Aurumin Limited (ASX:AUN)",https://www.listcorp.com/asx/aun/aurumin-limited,"	37069500",0.077,0.00,2.67,Materials
ASX:EYE,"Nova Eye Medical Limited (ASX:EYE)",https://www.listcorp.com/asx/eye/nova-eye-medical-limited,"	36939000",0.1325,0.00,1.92,"Health Care"
ASX:BBC,"BNK Banking Corporation Limited (ASX:BBC)",https://www.listcorp.com/asx/bbc/bnk-banking-corporation,"	36803000",0.325,0.02,4.84,Financials
ASX:DEV,"DevEx Resources Limited (ASX:DEV)",https://www.listcorp.com/asx/dev/devex-resources-limited,"	36660300",0.081,-0.00,-2.41,Materials
ASX:KAT,"Katana Capital Limited (ASX:KAT)",https://www.listcorp.com/asx/kat/katana-capital-limited,"	36591400",1.18,0.00,0,Financials
ASX:PUA,"Peak Minerals Limited (ASX:PUA)",https://www.listcorp.com/asx/pua/peak-minerals-limited,"	36495200",0.015,0.00,15.38,Materials
ASX:BRK,"Brookside Energy Limited (ASX:BRK)",https://www.listcorp.com/asx/brk/brookside-energy-limited,"	36395800",0.38,0.00,0,Energy
ASX:OZF,"SPDR S&P/ASX 200 Financials EX A-REIT Fund (ASX:OZF)",https://www.listcorp.com/asx/ozf/spdr-s-and-p-asx-200-financials-ex-a-reit-fund,"	35995400",28.7,-0.02,-0.07,Unclassified
ASX:NGY,"NuEnergy Gas Limited (ASX:NGY)",https://www.listcorp.com/asx/ngy/nuenergy-gas-limited,"	35614100",0.02,0.00,0,Energy
ASX:CHW,"Chilwa Minerals Limited (ASX:CHW)",https://www.listcorp.com/asx/chw/chilwa-minerals-limited,"	35600700",0.64,-0.02,-3.03,Materials
ASX:STG,"Straker Limited (ASX:STG)",https://www.listcorp.com/asx/stg/straker-limited,"	35386600",0.59,0.04,7.27,Industrials
ASX:SRZ,"Stellar Resources Limited (ASX:SRZ)",https://www.listcorp.com/asx/srz/stellar-resources-limited,"	35355800",0.018,0.00,5.88,Materials
ASX:NGE,"NGE Capital Limited (ASX:NGE)",https://www.listcorp.com/asx/nge/nge-capital-limited,"	35332300",1.03,0.00,0,Financials
ASX:EAFZ,"Ellerston Asia Growth Fund (Hedge Fund) (ASX:EAFZ)",https://www.listcorp.com/asx/eafz/ellerston-asia-growth-fund-hedge-fund,"	35271600",7.48,0.08,1.08,Unclassified
ASX:DEL,"Delorean Corporation Limited (ASX:DEL)",https://www.listcorp.com/asx/del/delorean-corporation-limited,"	35244500",0.16,0.00,0,Utilities
ASX:MQEG,"Macquarie Core Global Equity Fund (ASX:MQEG)",https://www.listcorp.com/asx/mqeg/macquarie-core-global-equity-fund,"	35238000",11.45,0.09,0.79,Unclassified
ASX:MEC,"Morphic Ethical Equities Fund (ASX:MEC)",https://www.listcorp.com/asx/mec/morphic-ethical-equities-fund,"	35010200",1.01,0.00,0,Financials
ASX:EXR,"Elixir Energy Limited (ASX:EXR)",https://www.listcorp.com/asx/exr/elixir-energy-limited,"	34990600",0.029,0.00,16,Energy
ASX:LGP,"Little Green Pharma Ltd (ASX:LGP)",https://www.listcorp.com/asx/lgp/little-green-pharma,"	34965000",0.125,0.01,8.7,"Health Care"
ASX:IVR,"Investigator Resources Limited (ASX:IVR)",https://www.listcorp.com/asx/ivr/investigator-resources-limited,"	34955400",0.022,0.00,0,Materials
ASX:CTE,"Cryosite Limited (ASX:CTE)",https://www.listcorp.com/asx/cte/cryosite-limited,"	34898800",0.715,0.00,0,"Health Care"
ASX:JRHG,"JPMorgan Global Research Enhanced Index Equity Active ETF (Managed Fund) (Hedged) (ASX:JRHG)",https://www.listcorp.com/asx/jrhg/jpmorgan-global-research-enhanced-index-equity-active-etf-managed-fund-hedged,"	34669600",61.91,0.00,0,Unclassified
ASX:NTD,"NTAW Holdings Limited (ASX:NTD)",https://www.listcorp.com/asx/ntd/ntaw-holdings-limited,"	34380100",0.2,-0.01,-2.44,"Consumer Discretionary"
ASX:CETF,"VanEck FTSE China A50 ETF (ASX:CETF)",https://www.listcorp.com/asx/cetf/vaneck-ftse-china-a50-etf,"	34368900",57.71,0.11,0.19,Unclassified
ASX:FCT,"Firstwave Cloud Technology Limited (ASX:FCT)",https://www.listcorp.com/asx/fct/firstwave-cloud-technology,"	34270400",0.018,-0.00,-10,"Information Technology"
ASX:AWJ,"Auric Mining Limited (ASX:AWJ)",https://www.listcorp.com/asx/awj/auric-mining-limited,"	34259300",0.22,-0.01,-4.35,Materials
ASX:LMG,"Latrobe Magnesium Limited (ASX:LMG)",https://www.listcorp.com/asx/lmg/latrobe-magnesium-limited,"	34119900",0.013,0.00,0,Materials
ASX:SKY,"Sky Metals Limited (ASX:SKY)",https://www.listcorp.com/asx/sky/sky-metals-limited,"	34113800",0.048,0.00,0,Materials
ASX:ABV,"Advanced Braking Technology Limited (ASX:ABV)",https://www.listcorp.com/asx/abv/advanced-braking-technology-limited,"	33880700",0.0875,-0.00,-0.57,"Consumer Discretionary"
ASX:JREG,"JPMorgan Global Research Enhanced Index Equity Active ETF (Managed Fund) (ASX:JREG)",https://www.listcorp.com/asx/jreg/jpmorgan-global-research-enhanced-index-equity-active-etf-managed-fund,"	33860500",75.97,0.74,0.98,Unclassified
ASX:FBR,"FBR Limited (ASX:FBR)",https://www.listcorp.com/asx/fbr/fbr-limited,"	33813800",0.007,0.00,16.67,Industrials
ASX:CVB,"CurveBeam AI Limited (ASX:CVB)",https://www.listcorp.com/asx/cvb/curvebeam-ai-limited,"	33709500",0.1,-0.00,-4.76,"Health Care"
ASX:EMC,"Everest Metals Corporation Ltd (ASX:EMC)",https://www.listcorp.com/asx/emc/everest-metals-corporation-ltd,"	33619700",0.15,0.00,0,Materials
ASX:BVR,"Bellavista Resources Limited (ASX:BVR)",https://www.listcorp.com/asx/bvr/bellavista-resources-limited,"	33291200",0.315,-0.02,-4.55,Materials
ASX:DBBF,"BetaShares Ethical Diversified Balanced ETF (ASX:DBBF)",https://www.listcorp.com/asx/dbbf/betashares-ethical-diversified-balanced-etf,"	33153600",25.94,0.10,0.39,Unclassified
ASX:TLM,"Talisman Mining Limited (ASX:TLM)",https://www.listcorp.com/asx/tlm/talisman-mining-limited,"	32956100",0.165,-0.01,-5.71,Materials
ASX:NUC,"Nuchev Limited (ASX:NUC)",https://www.listcorp.com/asx/nuc/nuchev-limited,"	32926300",0.225,0.00,0,"Consumer Staples"
ASX:MPX,"Mustera Property Group Limited (ASX:MPX)",https://www.listcorp.com/asx/mpx/mustera-property-group-limited,"	32902900",0.225,0.00,0,"Real Estate"
ASX:CFLO,"Betashares Global Cash Flow Kings ETF (ASX:CFLO)",https://www.listcorp.com/asx/cflo/betashares-global-cash-flow-kings-etf,"	32851600",18.22,0.11,0.61,Unclassified
ASX:CSX,"CleanSpace Holdings Limited (ASX:CSX)",https://www.listcorp.com/asx/csx/cleanspace-holdings-limited,"	32820200",0.42,0.00,0,"Health Care"
ASX:AQN,"Aquirian Limited (ASX:AQN)",https://www.listcorp.com/asx/aqn/aquirian-limited,"	32741100",0.33,0.00,0,Industrials
ASX:TDO,"3D Energi Limited (ASX:TDO)",https://www.listcorp.com/asx/tdo/3d-energi-limited,"	32680400",0.097,-0.00,-1.02,Energy
ASX:DGH,"Desane Group Holdings Limited (ASX:DGH)",https://www.listcorp.com/asx/dgh/desane-group-holdings-limited,"	32523400",0.795,0.00,0,"Real Estate"
ASX:CCX,"City Chic Collective Limited (ASX:CCX)",https://www.listcorp.com/asx/ccx/city-chic-collective-limited,"	32353300",0.086,0.00,2.38,"Consumer Discretionary"
ASX:AVG,"Australian Vintage Limited (ASX:AVG)",https://www.listcorp.com/asx/avg/australian-vintage-limited,"	32287400",0.0975,-0.00,-0.51,"Consumer Staples"
ASX:DEM,"De.mem Limited (ASX:DEM)",https://www.listcorp.com/asx/dem/de.mem-limited,"	32219400",0.105,-0.01,-4.55,Utilities
ASX:AHF,"Australian Dairy Nutritionals Limited (ASX:AHF)",https://www.listcorp.com/asx/ahf/australian-dairy-nutritionals-limited,"	31962800",0.044,0.00,2.33,"Consumer Staples"
ASX:HMX,"Hammer Metals Limited (ASX:HMX)",https://www.listcorp.com/asx/hmx/hammer-metals-limited,"	31959300",0.037,0.00,2.78,Materials
ASX:AW1,"American West Metals Limited (ASX:AW1)",https://www.listcorp.com/asx/aw1/american-west-metals-limited,"	31574400",0.054,0.00,1.89,Materials
ASX:GNDQ,"Betashares Wealth Builder Nasdaq 100 Geared (30-40% LVR) Complex ETF (ASX:GNDQ)",https://www.listcorp.com/asx/gndq/betashares-wealth-builder-nasdaq-100-geared-30-40-lvr-complex-etf,"	31548000",26.79,0.50,1.9,Unclassified
ASX:DOC,"Doctor Care Anywhere Group plc (ASX:DOC)",https://www.listcorp.com/asx/doc/doctor-care-anywhere-group-plc,"	31531200",0.088,0.00,2.33,"Health Care"
ASX:SEN,"Senetas Corporation Limited (ASX:SEN)",https://www.listcorp.com/asx/sen/senetas-corporation-limited,"	31464400",0.019,0.00,0,"Information Technology"
ASX:WAK,"WA Kaolin Limited (ASX:WAK)",https://www.listcorp.com/asx/wak/wa-kaolin-limited,"	31418000",0.048,0.00,6.67,Materials
ASX:AUST,"BetaShares Managed Risk Australian Share Fund (managed fund) (ASX:AUST)",https://www.listcorp.com/asx/aust/betashares-managed-risk-australian-share-fund-managed-fund,"	31358500",17.04,0.02,0.12,Unclassified
ASX:CAE,"Cannindah Resources Limited (ASX:CAE)",https://www.listcorp.com/asx/cae/cannindah-resources-limited,"	31307400",0.044,0.00,2.33,Materials
ASX:GUM,"Gumtree Australia Markets Limited (ASX:GUM)",https://www.listcorp.com/asx/gum/gumtree-australia-markets-limited,"	31134300",0.098,0.00,1.03,"Communication Services"
ASX:COV,"Cleo Diagnostics Limited (ASX:COV)",https://www.listcorp.com/asx/cov/cleo-diagnostics-limited,"	31008000",0.375,-0.01,-1.32,"Health Care"
ASX:DES,"Desoto Resources Limited (ASX:DES)",https://www.listcorp.com/asx/des/desoto-resources-limited,"	30727000",0.155,-0.01,-6.06,Materials
ASX:RVT,"Richmond Vanadium Technology Limited (ASX:RVT)",https://www.listcorp.com/asx/rvt/richmond-vanadium-technology-limited,"	30669100",0.14,0.00,0,Materials
ASX:TMK,"TMK Energy Limited (ASX:TMK)",https://www.listcorp.com/asx/tmk/tmk-energy-limited,"	30667100",0.003,0.00,0,Energy
ASX:HVLU,"VanEck MSCI International Value (AUD Hedged) ETF (ASX:HVLU)",https://www.listcorp.com/asx/hvlu/vaneck-msci-international-value-aud-hedged-etf,"	30613200",28.16,0.33,1.19,Unclassified
ASX:EIGA,"eInvest Income Generator Fund (Managed Fund) (ASX:EIGA)",https://www.listcorp.com/asx/eiga/einvest-income-generator-fund-managed-fund,"	30374900",3.75,0.04,1.08,Unclassified
ASX:TI1,"Tombador Iron Limited (ASX:TI1)",https://www.listcorp.com/asx/ti1/tombador-iron-limited,"	30213600",0.35,0.00,0,Materials
ASX:SIX,"Sprintex Limited (ASX:SIX)",https://www.listcorp.com/asx/six/sprintex-limited,"	30175000",0.048,0.00,0,Industrials
ASX:CHL,"Camplify Holdings Limited (ASX:CHL)",https://www.listcorp.com/asx/chl/camplify-holdings-limited,"	30030100",0.4,-0.02,-4.76,Industrials
ASX:CC5,"Clever Culture Systems Limited (ASX:CC5)",https://www.listcorp.com/asx/cc5/clever-culture-systems-limited,"	30018400",0.017,0.00,0,"Health Care"
ASX:FGR,"First Graphene Limited (ASX:FGR)",https://www.listcorp.com/asx/fgr/first-graphene-limited,"	29950500",0.039,-0.00,-2.5,Materials
ASX:VMT,"VMoto Limited (ASX:VMT)",https://www.listcorp.com/asx/vmt/vmoto-limited,"	29944500",0.075,-0.00,-2.6,"Consumer Discretionary"
ASX:VDAL,"Vanguard Diversified All Growth Index ETF (ASX:VDAL)",https://www.listcorp.com/asx/vdal/vanguard-diversified-all-growth-index-etf,"	29815800",50.03,0.34,0.68,Unclassified
ASX:JRV,"Jervois Global Limited (ASX:JRV)",https://www.listcorp.com/asx/jrv/jervois-global-limited,"	29730400",0.011,0.00,0,Materials
ASX:BRU,"Buru Energy Limited (ASX:BRU)",https://www.listcorp.com/asx/bru/buru-energy,"	29617600",0.036,-0.00,-5.26,Energy
ASX:PRO,"Prophecy International (ASX:PRO)",https://www.listcorp.com/asx/pro/prophecy-international,"	29499600",0.42,0.02,5,"Information Technology"
ASX:GCAP,"VanEck Bentham Global Capital Securities Active ETF (Managed Fund) (ASX:GCAP)",https://www.listcorp.com/asx/gcap/vaneck-bentham-global-capital-securities-active-etf-managed-fund,"	29432200",8.725,-0.01,-0.17,Unclassified
ASX:GCM,"Green Critical Minerals Limited (ASX:GCM)",https://www.listcorp.com/asx/gcm/green-critical-minerals-limited,"	29425200",0.014,-0.00,-6.67,Materials
ASX:MFD,"Mayfield Childcare Limited (ASX:MFD)",https://www.listcorp.com/asx/mfd/mayfield-childcare-limited,"	29415600",0.3925,0.00,0.64,"Consumer Discretionary"
ASX:BKT,"Black Rock Mining Limited (ASX:BKT)",https://www.listcorp.com/asx/bkt/black-rock-mining-limited,"	29388800",0.025,0.01,25,Materials
ASX:CURE,"Global X S&P Biotech ETF (ASX:CURE)",https://www.listcorp.com/asx/cure/global-x-s-and-p-biotech-etf,"	29286900",40.94,-0.66,-1.59,Unclassified
ASX:CIW,"Clime Investment Management Limited (ASX:CIW)",https://www.listcorp.com/asx/ciw/clime-investment-management-limited,"	29282500",0.385,0.00,0,Financials
ASX:VNGS,"Vaughan Nelson Global Equity SMID Fund (Quoted Managed Fund) (ASX:VNGS)",https://www.listcorp.com/asx/vngs/vaughan-nelson-global-equity-smid-fund-quoted-managed-fund,"	29282200",3.13,-0.01,-0.32,Unclassified
ASX:FGH,"Foresta Group Holdings Limited (ASX:FGH)",https://www.listcorp.com/asx/fgh/foresta-group-holdings-limited,"	29182000",0.008,-0.00,-27.27,Materials
ASX:AGY,"Argosy Minerals Limited (ASX:AGY)",https://www.listcorp.com/asx/agy/argosy-minerals-limited,"	29118400",0.019,-0.00,-5,Materials
ASX:JLL,"Jindalee Lithium Limited (ASX:JLL)",https://www.listcorp.com/asx/jll/jindalee-lithium-limited,"	29116100",0.4,0.02,5.26,Materials
ASX:PPK,"PPK Group Limited (ASX:PPK)",https://www.listcorp.com/asx/ppk/ppk-group,"	29060000",0.325,0.00,1.56,Materials
ASX:NXS,"Next Science Limited (ASX:NXS)",https://www.listcorp.com/asx/nxs/next-science-limited,"	28923900",0.096,-0.00,-3.03,"Health Care"
ASX:ARD,"Argent Minerals Limited (ASX:ARD)",https://www.listcorp.com/asx/ard/argent-minerals-limited,"	28912800",0.02,0.00,0,Materials
ASX:MPA,"Mad Paws Holdings Limited (ASX:MPA)",https://www.listcorp.com/asx/mpa/mad-paws-holdings-limited,"	28843200",0.073,0.00,2.82,"Consumer Discretionary"
ASX:KP2,"Kore Potash Plc (ASX:KP2)",https://www.listcorp.com/asx/kp2/kore-potash-plc,"	28825500",0.044,0.00,0,Materials
ASX:NXD,"NextEd Group Limited (ASX:NXD)",https://www.listcorp.com/asx/nxd/nexted-group-limited,"	28745100",0.13,0.00,0,"Consumer Discretionary"
ASX:CRS,"Caprice Resources Limited (ASX:CRS)",https://www.listcorp.com/asx/crs/caprice-resources-limited,"	28643300",0.053,-0.00,-1.85,Materials
ASX:GTI,"Gratifii Limited (ASX:GTI)",https://www.listcorp.com/asx/gti/gratifii-limited,"	28458300",0.084,0.00,0,"Information Technology"
ASX:MKR,"Manuka Resources Limited (ASX:MKR)",https://www.listcorp.com/asx/mkr/manuka-resources-limited,"	28376900",0.033,-0.00,-5.71,Materials
ASX:GRV,"Greenvale Energy Limited (ASX:GRV)",https://www.listcorp.com/asx/grv/greenvale-energy-limited,"	28307400",0.045,-0.01,-13.46,Energy
ASX:CLU,"Cluey Ltd (ASX:CLU)",https://www.listcorp.com/asx/clu/cluey-ltd,"	28225900",0.08,0.00,0,"Consumer Discretionary"
ASX:CSS,"Clean Seas Seafood Limited (ASX:CSS)",https://www.listcorp.com/asx/css/clean-seas-seafood-limited,"	28183900",0.135,-0.00,-3.57,"Consumer Staples"
ASX:GAP,"Gale Pacific Limited (ASX:GAP)",https://www.listcorp.com/asx/gap/gale-pacific-limited,"	28179100",0.098,-0.00,-1.01,"Consumer Discretionary"
ASX:MOV,"MOVE Logistics Group Limited (ASX:MOV)",https://www.listcorp.com/asx/mov/move-logistics-group-limited,"	28075100",0.22,0.00,0,Industrials
ASX:FPC,"Fat Prophets Global Contrarian Fund (ASX:FPC)",https://www.listcorp.com/asx/fpc/fat-prophets-global-contrarian-fund,"	27722200",0.97,-0.03,-3,Financials
ASX:SPX,"Spenda Limited (ASX:SPX)",https://www.listcorp.com/asx/spx/spenda-limited,"	27691300",0.006,0.00,0,"Information Technology"
ASX:PWN,"Parkway Corporate Limited (ASX:PWN)",https://www.listcorp.com/asx/pwn/parkway-corporate-limited,"	27671100",0.01,0.00,0,Materials
ASX:BB1,"BlinkLab Limited (ASX:BB1)",https://www.listcorp.com/asx/bb1/blinklab-limited,"	27614200",0.325,0.00,1.56,"Health Care"
ASX:AVA,"Ava Risk Group Limited (ASX:AVA)",https://www.listcorp.com/asx/ava/ava-risk-group-limited,"	27594800",0.095,0.00,0,"Information Technology"
ASX:XF1,"Xref Limited (ASX:XF1)",https://www.listcorp.com/asx/xf1/xref-limited,"	27511200",0.125,0.00,0,"Information Technology"
ASX:BDX,"BCAL Diagnostics Limited (ASX:BDX)",https://www.listcorp.com/asx/bdx/bcal-diagnostics-limited,"	27447600",0.075,0.00,0,"Health Care"
ASX:SSO,"SPDR S&P/ASX Small Ordinaries Fund (ASX:SSO)",https://www.listcorp.com/asx/sso/spdr-s-and-p-asx-small-ordinaries-fund,"	27443800",14.71,-0.05,-0.34,Unclassified
ASX:ENL,"Enlitic Inc (ASX:ENL)",https://www.listcorp.com/asx/enl/enlitic-inc,"	27413500",0.0335,-0.00,-11.84,"Health Care"
ASX:US10,"Betashares U.S. Treasury Bond 7-10 Year Currency Hedged ETF (ASX:US10)",https://www.listcorp.com/asx/us10/betashares-u.s.-treasury-bond-7-10-year-currency-hedged-etf,"	27411100",50.51,-0.19,-0.37,Unclassified
ASX:IRD,"Iron Road Limited (ASX:IRD)",https://www.listcorp.com/asx/ird/iron-road-limited,"	27346900",0.03,-0.00,-9.09,Materials
ASX:LCE,"London City Equities Limited (ASX:LCE)",https://www.listcorp.com/asx/lce/london-city-equities-limited,"	27234700",0.87,0.00,0,Financials
ASX:ROG,"Red Sky Energy Limited (ASX:ROG)",https://www.listcorp.com/asx/rog/red-sky-energy-limited,"	27111100",0.005,0.00,0,Energy
ASX:SRT,"Strata Investment Holdings Plc (ASX:SRT)",https://www.listcorp.com/asx/srt/strata-investment-holdings-plc,"	27107800",0.16,0.00,0,Materials
ASX:GUE,"Global Uranium And Enrichment Ltd (ASX:GUE)",https://www.listcorp.com/asx/gue/global-uranium-and-enrichment-ltd,"	26960700",0.06,0.00,0,Materials
ASX:TOR,"Torque Metals Limited (ASX:TOR)",https://www.listcorp.com/asx/tor/torque-metals-limited,"	26696700",0.098,-0.00,-1.01,Materials
ASX:MVOL,"iShares Edge MSCI Australia Minimum Volatility ETF (ASX:MVOL)",https://www.listcorp.com/asx/mvol/ishares-edge-msci-australia-minimum-volatility-etf,"	26647500",34.3,0.06,0.18,Unclassified
ASX:ASH,"Ashley Services Group Limited (ASX:ASH)",https://www.listcorp.com/asx/ash/ashley-services-group,"	26635500",0.19,0.00,2.7,Industrials
ASX:VR1,"Vection Technologies Ltd (ASX:VR1)",https://www.listcorp.com/asx/vr1/vection-technologies,"	26508300",0.018,0.00,20,"Information Technology"
ASX:VN8,"Vonex Limited (ASX:VN8)",https://www.listcorp.com/asx/vn8/vonex-limited,"	26341100",0.034,-0.00,-2.86,"Communication Services"
ASX:MQWS,"Macquarie Walter Scott Global Equity Active ETF (Managed Fund) (ASX:MQWS)",https://www.listcorp.com/asx/mqws/macquarie-walter-scott-global-equity-active-etf-managed-fund,"	26139400",10.73,0.08,0.75,Unclassified
ASX:MTC,"MetalsTech Limited (ASX:MTC)",https://www.listcorp.com/asx/mtc/metalstech-limited,"	26090200",0.145,0.02,16,Materials
ASX:QMAX,"BetaShares NASDAQ 100 Yield Maximiser Fund (Managed Fund) (ASX:QMAX)",https://www.listcorp.com/asx/qmax/betashares-nasdaq-100-yield-maximiser-fund-managed-fund,"	26013400",27.4,0.01,0.04,Unclassified
ASX:AHI,"Advanced Health Intelligence Ltd (ASX:AHI)",https://www.listcorp.com/asx/ahi/advanced-health-intelligence-ltd,"	25813600",0.092,0.00,0,"Health Care"
ASX:CDO,"Cadence Opportunities Fund Limited (ASX:CDO)",https://www.listcorp.com/asx/cdo/cadence-opportunities-fund-limited,"	25725200",1.58,-0.02,-1.25,Financials
ASX:TCO,"Transmetro Corporation Limited (ASX:TCO)",https://www.listcorp.com/asx/tco/transmetro-corporation,"	25694900",1.92,0.00,0,"Consumer Discretionary"
ASX:AMX,"Aerometrex Limited (ASX:AMX)",https://www.listcorp.com/asx/amx/aerometrex-limited,"	25647500",0.26,-0.01,-3.7,Industrials
ASX:RFX,"RedFlow Limited (ASX:RFX)",https://www.listcorp.com/asx/rfx/redflow-limited,"	25635600",0.097,0.00,0,Industrials
ASX:BMR,"Ballymore Resources Limited (ASX:BMR)",https://www.listcorp.com/asx/bmr/ballymore-resources-limited,"	25625900",0.18,0.04,24.14,Materials
ASX:MRC,"Mineral Commodities Ltd (ASX:MRC)",https://www.listcorp.com/asx/mrc/mineral-commodities,"	25596300",0.026,0.00,0,Materials
ASX:AQI,"Alicanto Minerals Limited (ASX:AQI)",https://www.listcorp.com/asx/aqi/alicanto-minerals,"	25444300",0.03,0.00,0,Materials
ASX:RTR,"Rumble Resources Limited (ASX:RTR)",https://www.listcorp.com/asx/rtr/rumble-resources-limited,"	25349800",0.026,-0.00,-3.7,Materials
ASX:ASV,"Asset Vision Co Limited (ASX:ASV)",https://www.listcorp.com/asx/asv/asset-vision-co-limited,"	25138300",0.034,0.00,0,"Information Technology"
ASX:LGM,"Legacy Minerals Holdings Limited (ASX:LGM)",https://www.listcorp.com/asx/lgm/legacy-minerals-holdings-limited,"	24986100",0.215,0.02,7.5,Materials
ASX:COB,"Cobalt Blue Holdings Limited (ASX:COB)",https://www.listcorp.com/asx/cob/cobalt-blue-holdings-limited,"	24911000",0.059,0.00,5.36,Materials
ASX:KRM,"Kingsrose Mining (ASX:KRM)",https://www.listcorp.com/asx/krm/kingsrose-mining,"	24866400",0.032,-0.00,-3.03,Materials
ASX:TOE,"Toro Energy Limited (ASX:TOE)",https://www.listcorp.com/asx/toe/toro-energy-limited,"	24657800",0.205,0.00,0,Energy
ASX:CCG,"Comms Group Limited (ASX:CCG)",https://www.listcorp.com/asx/ccg/comms-group-limited,"	24595400",0.06,-0.00,-4.76,"Communication Services"
ASX:JAL,"Jameson Resources Limited (ASX:JAL)",https://www.listcorp.com/asx/jal/jameson-resources-limited,"	24429300",0.04,0.00,0,Materials
ASX:DTEC,"Global X Defence Tech ETF (ASX:DTEC)",https://www.listcorp.com/asx/dtec/global-x-defence-tech-etf,"	24352000",14.88,-0.34,-2.23,Unclassified
ASX:IR1,"Iris Metals Limited (ASX:IR1)",https://www.listcorp.com/asx/ir1/iris-metals-limited,"	24144300",0.125,-0.01,-10.71,Materials
ASX:NTI,"Neurotech International Limited (ASX:NTI)",https://www.listcorp.com/asx/nti/neurotech-international-limited,"	24141300",0.023,0.00,0,"Health Care"
ASX:REE,"RareX Limited (ASX:REE)",https://www.listcorp.com/asx/ree/rarex-limited,"	24025400",0.029,-0.00,-3.33,Materials
ASX:GEN,"Genmin Limited (ASX:GEN)",https://www.listcorp.com/asx/gen/genmin-limited,"	23956700",0.027,0.00,0,Materials
ASX:VMM,"Viridis Mining and Minerals Limited (ASX:VMM)",https://www.listcorp.com/asx/vmm/viridis-mining-and-minerals-limited,"	23870800",0.275,-0.01,-1.79,Materials
ASX:AEV,"Avenira Limited (ASX:AEV)",https://www.listcorp.com/asx/aev/avenira-limited,"	23832300",0.007,-0.00,-6.67,Materials
ASX:WAG,"The Australian Wealth Advisors Group Limited (ASX:WAG)",https://www.listcorp.com/asx/wag/the-australian-wealth-advisors-group-limited,"	23796800",0.32,0.00,0,Financials
ASX:AVD,"AVADA Group Limited (ASX:AVD)",https://www.listcorp.com/asx/avd/avada-group-limited,"	23781800",0.27,-0.01,-3.57,Industrials
ASX:NVU,"Nanoveu Limited (ASX:NVU)",https://www.listcorp.com/asx/nvu/nanoveu-limited,"	23757800",0.033,0.00,3.12,"Information Technology"
ASX:PHO,"PhosCo Ltd (ASX:PHO)",https://www.listcorp.com/asx/pho/phosco-ltd,"	23669400",0.065,0.01,20.37,Materials
ASX:RDG,"Resource Development Group Limited (ASX:RDG)",https://www.listcorp.com/asx/rdg/resource-development-group-limited,"	23606900",0.008,0.00,0,Industrials
ASX:FTL,"Firetail Resources Limited (ASX:FTL)",https://www.listcorp.com/asx/ftl/firetail-resources-limited,"	23561700",0.058,-0.00,-6.45,Materials
ASX:SUH,"Southern Hemisphere Mining Limited (ASX:SUH)",https://www.listcorp.com/asx/suh/southern-hemisphere-mining-limited,"	23559700",0.031,-0.00,-3.13,Materials
ASX:WWG,"Wiseway Group Limited (ASX:WWG)",https://www.listcorp.com/asx/wwg/wiseway-group-limited,"	23429400",0.14,0.00,0,Industrials
ASX:VRS,"Veris Limited (ASX:VRS)",https://www.listcorp.com/asx/vrs/veris-limited,"	23424900",0.045,0.00,0,Industrials
ASX:VRC,"Volt Resources Limited (ASX:VRC)",https://www.listcorp.com/asx/vrc/volt-resources-limited,"	23423900",0.0055,0.00,10,Materials
ASX:TOU,"Tlou Energy Limited (ASX:TOU)",https://www.listcorp.com/asx/tou/tlou-energy,"	23374500",0.018,0.00,0,Energy
ASX:MFOA,"Milford Australian Absolute Growth Fund Quoted Class (Hedge Fund) (ASX:MFOA)",https://www.listcorp.com/asx/mfoa/milford-australian-absolute-growth-fund-quoted-class-hedge-fund,"	23371400",10.68,0.00,0,Unclassified
ASX:LEG,"Legend Mining Limited (ASX:LEG)",https://www.listcorp.com/asx/leg/legend-mining-limited,"	23291800",0.0075,-0.00,-6.25,Materials
ASX:WEMG,"SPDR S&P Emerging Markets Carbon Control Fund (ASX:WEMG)",https://www.listcorp.com/asx/wemg/spdr-s-and-p-emerging-markets-carbon-control-fund,"	23281000",26.93,0.36,1.35,Unclassified
ASX:TNC,"True North Copper Limited (ASX:TNC)",https://www.listcorp.com/asx/tnc/true-north-copper-limited,"	23280200",0.195,0.01,5.41,Materials
ASX:CLA,"Celsius Resources Limited (ASX:CLA)",https://www.listcorp.com/asx/cla/celsius-resources-limited,"	23260600",0.008,0.00,0,Materials
ASX:AXN,"Alliance Nickel Limited (ASX:AXN)",https://www.listcorp.com/asx/axn/alliance-nickel-limited,"	23226900",0.032,0.00,0,Materials
ASX:KME,"Kip McGrath Education Centres Limited (ASX:KME)",https://www.listcorp.com/asx/kme/kip-mcgrath-education,"	23189700",0.405,-0.00,-0.61,"Consumer Discretionary"
ASX:HGEN,"Global X Hydrogen ETF (ASX:HGEN)",https://www.listcorp.com/asx/hgen/global-x-hydrogen-etf,"	23067800",4.18,0.08,1.95,Unclassified
ASX:CST,"Castile Resources Limited (ASX:CST)",https://www.listcorp.com/asx/cst/castile-resources-limited,"	22931100",0.075,0.00,0,Materials
ASX:GC1,"Glennon Small Companies Limited (ASX:GC1)",https://www.listcorp.com/asx/gc1/glennon-small-companies-limited,"	22918300",0.475,0.00,0,Financials
ASX:CWX,"Carawine Resources Limited (ASX:CWX)",https://www.listcorp.com/asx/cwx/carawine-resources-limited,"	22904200",0.11,0.01,13.4,Materials
ASX:EXT,"Excite Technology Services Limited (ASX:EXT)",https://www.listcorp.com/asx/ext/excite-technology-services-limited,"	22799100",0.012,0.00,9.09,"Information Technology"
ASX:NOX,"Noxopharm Limited (ASX:NOX)",https://www.listcorp.com/asx/nox/noxopharm-limited,"	22794600",0.071,-0.01,-8.97,"Health Care"
ASX:LPE,"Locality Planning Energy Holdings Limited (ASX:LPE)",https://www.listcorp.com/asx/lpe/locality-planning-energy-holdings-limited,"	22773900",0.125,0.00,0,Utilities
ASX:GAL,"Galileo Mining Limited (ASX:GAL)",https://www.listcorp.com/asx/gal/galileo-mining-limited,"	22726900",0.115,0.00,0,Materials
ASX:SVG,"Savannah Goldfields Limited (ASX:SVG)",https://www.listcorp.com/asx/svg/savannah-goldfields-limited,"	22612500",0.023,-0.00,-11.54,Materials
ASX:NAC,"NAOS Ex-50 Opportunities Company Limited (ASX:NAC)",https://www.listcorp.com/asx/nac/naos-ex-50-opportunities-company-limited,"	22427100",0.42,-0.05,-9.68,Financials
ASX:SWP,"Swoop Holdings Limited (ASX:SWP)",https://www.listcorp.com/asx/swp/swoop-holdings-limited,"	22359100",0.1,-0.00,-4.76,"Communication Services"
ASX:BNR,"Bulletin Resources Limited (ASX:BNR)",https://www.listcorp.com/asx/bnr/bulletin-resources-limited,"	22314600",0.077,0.00,1.32,Materials
ASX:IPT,"Impact Minerals Limited (ASX:IPT)",https://www.listcorp.com/asx/ipt/impact-minerals-limited,"	22216000",0.007,0.00,16.67,Materials
ASX:SNS,"SenSen Networks Limited (ASX:SNS)",https://www.listcorp.com/asx/sns/sensen-networks-limited,"	22205000",0.028,0.00,0,"Information Technology"
ASX:NCC,"NAOS Emerging Opportunities Company Limited (ASX:NCC)",https://www.listcorp.com/asx/ncc/naos-emerging-opportunities-company-limited,"	22139900",0.295,-0.01,-1.67,Financials
ASX:NYR,"Nyrada Inc (ASX:NYR)",https://www.listcorp.com/asx/nyr/nyrada-inc,"	22085000",0.1,-0.00,-4.76,"Health Care"
ASX:ASO,"Aston Minerals Limited (ASX:ASO)",https://www.listcorp.com/asx/aso/aston-minerals-limited,"	22016100",0.019,0.00,11.76,Materials
ASX:A3D,"Aurora Labs Limited (ASX:A3D)",https://www.listcorp.com/asx/a3d/aurora-labs-limited,"	21985800",0.057,0.00,3.64,Industrials
ASX:GSN,"Great Southern Mining Limited (ASX:GSN)",https://www.listcorp.com/asx/gsn/great-southern-mining-limited,"	21929700",0.024,0.00,9.09,Materials
ASX:ARI,"Arika Resources Limited (ASX:ARI)",https://www.listcorp.com/asx/ari/arika-resources-limited,"	21856700",0.028,0.00,0,Materials
ASX:AAM,"AuMEGA Metals Ltd (ASX:AAM)",https://www.listcorp.com/asx/aam/aumega-metals-ltd,"	21748100",0.035,-0.00,-2.78,Materials
ASX:S3GO,"Firetrail S3 Global Opportunities Fund (Managed Fund) (ASX:S3GO)",https://www.listcorp.com/asx/s3go/firetrail-s3-global-opportunities-fund-managed-fund,"	21688400",6.48,0.00,0,Unclassified
ASX:ADO,"AnteoTech Ltd (ASX:ADO)",https://www.listcorp.com/asx/ado/anteotech,"	21642400",0.008,0.00,0,Materials
ASX:VMC,"Venus Metals Corporation Limited (ASX:VMC)",https://www.listcorp.com/asx/vmc/venus-metals,"	21574200",0.105,-0.01,-4.55,Materials
ASX:CDX,"CardieX Limited (ASX:CDX)",https://www.listcorp.com/asx/cdx/cardiex-limited,"	21477200",0.053,0.00,0,"Health Care"
ASX:TEE,"Top End Energy Limited (ASX:TEE)",https://www.listcorp.com/asx/tee/top-end-energy-limited,"	21225400",0.075,-0.00,-1.32,Energy
ASX:CXZ,"Connexion Mobility Ltd (ASX:CXZ)",https://www.listcorp.com/asx/cxz/connexion-mobility-ltd,"	21216400",0.027,0.00,3.85,"Information Technology"
ASX:CBE,"Cobre Limited (ASX:CBE)",https://www.listcorp.com/asx/cbe/cobre-limited,"	21102700",0.05,0.00,4.17,Materials
ASX:EDU,"EDU Holdings Limited (ASX:EDU)",https://www.listcorp.com/asx/edu/edu-holdings-limited,"	21077500",0.14,0.00,0,"Consumer Discretionary"
ASX:TZL,"TZ Limited (ASX:TZL)",https://www.listcorp.com/asx/tzl/tz-limited,"	21046100",0.07,-0.01,-6.67,"Information Technology"
ASX:ATX,"Amplia Therapeutics Limited (ASX:ATX)",https://www.listcorp.com/asx/atx/amplia-therapeutics-limited,"	20949400",0.055,0.00,1.85,"Health Care"
ASX:SPD,"Southern Palladium Limited (ASX:SPD)",https://www.listcorp.com/asx/spd/southern-palladium-limited,"	20918500",0.23,0.00,0,Materials
ASX:ECP,"ECP Emerging Growth Limited (ASX:ECP)",https://www.listcorp.com/asx/ecp/ecp-emerging-growth-limited,"	20780400",1.185,0.06,4.87,Financials
ASX:1GOV,"VanEck 1-5 Year Australian Government Bond ETF (ASX:1GOV)",https://www.listcorp.com/asx/1gov/vaneck-1-5-year-australian-government-bond-etf,"	20773100",51.88,-0.05,-0.1,Unclassified
ASX:COD,"Coda Minerals Ltd (ASX:COD)",https://www.listcorp.com/asx/cod/coda-minerals-ltd,"	20657300",0.08,-0.00,-3.61,Materials
ASX:KPO,"Kalina Power Limited (ASX:KPO)",https://www.listcorp.com/asx/kpo/kalina-power-limited,"	20530800",0.007,0.00,0,Utilities
ASX:AYI,"A1 Investments & Resources Ltd (ASX:AYI)",https://www.listcorp.com/asx/ayi/a1-investments-and-resources,"	20527400",0.001,0.00,0,Financials
ASX:ICI,"iCandy Interactive Limited (ASX:ICI)",https://www.listcorp.com/asx/ici/icandy-interactive-limited,"	20486500",0.016,0.00,0,"Communication Services"
ASX:MM1,"Midas Minerals Ltd (ASX:MM1)",https://www.listcorp.com/asx/mm1/midas-minerals-ltd,"	20481400",0.165,0.00,0,Materials
ASX:IAM,"Income Asset Management Group Limited (ASX:IAM)",https://www.listcorp.com/asx/iam/income-asset-management-group-limited,"	20479200",0.021,-0.00,-4.55,Financials
ASX:CAV,"Carnavale Resources Ltd (ASX:CAV)",https://www.listcorp.com/asx/cav/carnavale-resources,"	20451100",0.005,0.00,0,Materials
ASX:VBC,"Verbrec Limited (ASX:VBC)",https://www.listcorp.com/asx/vbc/verbrec-limited,"	20421300",0.067,-0.00,-4.29,Industrials
ASX:FAL,"Falcon Metals Limited (ASX:FAL)",https://www.listcorp.com/asx/fal/falcon-metals-limited,"	20355000",0.115,0.00,0,Materials
ASX:SLS,"Solstice Minerals Limited (ASX:SLS)",https://www.listcorp.com/asx/sls/solstice-minerals-limited,"	20266500",0.195,0.00,0,Materials
ASX:BLG,"BluGlass Limited (ASX:BLG)",https://www.listcorp.com/asx/blg/bluglass,"	20246200",0.012,0.00,9.09,"Information Technology"
ASX:LDX,"Lumos Diagnostics Holdings Limited (ASX:LDX)",https://www.listcorp.com/asx/ldx/lumos-diagnostics-holdings-limited,"	20210100",0.025,-0.00,-7.41,"Health Care"
ASX:MBH,"Maggie Beer Holdings Limited (ASX:MBH)",https://www.listcorp.com/asx/mbh/maggie-beer-holdings-limited,"	20188800",0.057,0.00,0,"Consumer Staples"
ASX:TAL,"Talius Group Limited (ASX:TAL)",https://www.listcorp.com/asx/tal/talius-group-limited,"	20072400",0.007,0.00,0,"Information Technology"
ASX:IUSG,"iShares U.S. Treasury Bond (AUD Hedged) ETF (ASX:IUSG)",https://www.listcorp.com/asx/iusg/ishares-u.s.-treasury-bond-aud-hedged-etf,"	20046200",99.96,-0.21,-0.21,Unclassified
ASX:GMVW,"VanEck Geared Australian Equal Weight Fund (Hedge Fund) (ASX:GMVW)",https://www.listcorp.com/asx/gmvw/vaneck-geared-australian-equal-weight-fund-hedge-fund,"	19930900",39.81,-0.01,-0.03,Unclassified
ASX:RMY,"RMA Global Limited (ASX:RMY)",https://www.listcorp.com/asx/rmy/rma-global-limited,"	19929900",0.03,0.00,0,"Communication Services"
ASX:XRG,"xReality Group Limited (ASX:XRG)",https://www.listcorp.com/asx/xrg/xreality-group-limited,"	19906400",0.03,0.00,0,"Consumer Discretionary"
ASX:EMP,"Emperor Energy Limited (ASX:EMP)",https://www.listcorp.com/asx/emp/emperor-energy-limited,"	19892200",0.029,0.00,3.57,Energy
ASX:LEX,"Lefroy Exploration Limited (ASX:LEX)",https://www.listcorp.com/asx/lex/lefroy-exploration-limited,"	19873600",0.079,-0.00,-1.25,Materials
ASX:ORD,"Ordell Minerals Limited (ASX:ORD)",https://www.listcorp.com/asx/ord/ordell-minerals-limited,"	19793200",0.49,-0.06,-10.91,Unclassified
ASX:SHO,"Sportshero Limited (ASX:SHO)",https://www.listcorp.com/asx/sho/sportshero-limited,"	19749000",0.027,0.00,0,"Communication Services"
ASX:XMET,"BetaShares Energy Transition Metals ETF (ASX:XMET)",https://www.listcorp.com/asx/xmet/betashares-energy-transition-metals-etf,"	19729000",7.53,0.23,3.15,Unclassified
ASX:CG1,"Carbonxt Group Limited (ASX:CG1)",https://www.listcorp.com/asx/cg1/carbonxt-group-limited,"	19677200",0.046,-0.00,-2.13,Materials
ASX:S66,"Star Combo Pharma (ASX:S66)",https://www.listcorp.com/asx/s66/star-combo-pharma,"	19587000",0.145,0.00,0,"Consumer Staples"
ASX:CD1,"Cordish Dixon Private Equity Fund I (ASX:CD1)",https://www.listcorp.com/asx/cd1/cordish-dixon-private-equity-fund-i,"	19554900",0.535,0.00,0,Financials
ASX:KZR,"Kalamazoo Resources Limited (ASX:KZR)",https://www.listcorp.com/asx/kzr/kalamazoo-resources-limited,"	19526000",0.092,0.00,3.37,Materials
ASX:HMG,"Hamelin Gold Limited (ASX:HMG)",https://www.listcorp.com/asx/hmg/hamelin-gold-limited,"	19490600",0.099,0.00,0,Materials
ASX:GBE,"Globe Metals & Mining Limited (ASX:GBE)",https://www.listcorp.com/asx/gbe/globe-metals-and-mining-limited,"	19450300",0.029,0.00,3.57,Materials
ASX:LDR,"Lode Resources Ltd (ASX:LDR)",https://www.listcorp.com/asx/ldr/lode-resources,"	19414100",0.115,-0.01,-4.17,Materials
ASX:ADEF,"Apostle Dundas Global Equity Fund (ASX:ADEF)",https://www.listcorp.com/asx/adef/apostle-dundas-global-equity-fund,"	19363400",6.06,0.03,0.5,Unclassified
ASX:CYB,"AUCyber Limited (ASX:CYB)",https://www.listcorp.com/asx/cyb/aucyber-limited,"	19264500",0.086,-0.01,-6.52,"Information Technology"
ASX:PXX,"PolarX Limited (ASX:PXX)",https://www.listcorp.com/asx/pxx/polarx-limited,"	19004000",0.008,0.00,0,Materials
ASX:NFM,"New Frontier Minerals Limited (ASX:NFM)",https://www.listcorp.com/asx/nfm/new-frontier-minerals-limited,"	18950600",0.015,0.00,15.38,Materials
ASX:AGH,"Althea Group Holdings Limited (ASX:AGH)",https://www.listcorp.com/asx/agh/althea-group-holdings-limited,"	18919200",0.023,0.00,0,"Health Care"
ASX:EVZ,"EVZ Limited (ASX:EVZ)",https://www.listcorp.com/asx/evz/evz-limited,"	18813300",0.15,-0.01,-3.23,Industrials
ASX:WNX,"Wellnex Life Limited (ASX:WNX)",https://www.listcorp.com/asx/wnx/wellnex-life-limited,"	18795100",0.26,-0.02,-7.14,"Consumer Staples"
ASX:OZM,"OzAurum Resources Limited (ASX:OZM)",https://www.listcorp.com/asx/ozm/ozaurum-resources-limited,"	18778200",0.08,-0.00,-2.44,Materials
ASX:AR9,"archTIS Limited (ASX:AR9)",https://www.listcorp.com/asx/ar9/archtis-limited,"	18717900",0.064,-0.00,-1.54,"Information Technology"
ASX:BEZ,"Besra Gold Inc (ASX:BEZ)",https://www.listcorp.com/asx/bez/besra-gold,"	18697000",0.045,0.00,0,Materials
ASX:AUQ,"Alara Resources (ASX:AUQ)",https://www.listcorp.com/asx/auq/alara-resources,"	18670300",0.026,0.00,0,Materials
ASX:HCL,"HighCom Limited (ASX:HCL)",https://www.listcorp.com/asx/hcl/highcom-limited,"	18482900",0.19,0.01,5.56,Industrials
ASX:OSL,"Oncosil Medical Ltd (ASX:OSL)",https://www.listcorp.com/asx/osl/oncosil-medical,"	18426300",0.004,0.00,0,"Health Care"
ASX:DKM,"Duketon Mining Limited (ASX:DKM)",https://www.listcorp.com/asx/dkm/duketon-mining-limited,"	18361700",0.15,0.00,0,Materials
ASX:USHY,"Global X USD High Yield Bond ETF (Currency Hedged) (ASX:USHY)",https://www.listcorp.com/asx/ushy/global-x-usd-high-yield-bond-etf-currency-hedged,"	18278200",10.4,0.09,0.87,Unclassified
ASX:IBAL,"iShares Balanced ESG ETF (ASX:IBAL)",https://www.listcorp.com/asx/ibal/ishares-balanced-esg-etf,"	18222900",29.47,0.10,0.34,Unclassified
ASX:SPN,"Sparc Technologies Limited (ASX:SPN)",https://www.listcorp.com/asx/spn/sparc-technologies-limited,"	18173000",0.155,-0.01,-6.06,Materials
ASX:EMB,"Embelton Limited (ASX:EMB)",https://www.listcorp.com/asx/emb/embelton-limited,"	18126000",8.4,0.00,0,Industrials
ASX:HAW,"Hawthorn Resources Limited (ASX:HAW)",https://www.listcorp.com/asx/haw/hawthorn-resources,"	18090800",0.051,-0.00,-5.56,Materials
ASX:ODY,"Odyssey Gold Limited (ASX:ODY)",https://www.listcorp.com/asx/ody/odyssey-gold-limited,"	17977400",0.021,0.00,5,Materials
ASX:AMD,"Arrow Minerals Limited (ASX:AMD)",https://www.listcorp.com/asx/amd/arrow-minerals-limited,"	17933100",0.021,0.00,0,Materials
ASX:ZNC,"Zenith Minerals Limited (ASX:ZNC)",https://www.listcorp.com/asx/znc/zenith-minerals-limited,"	17927400",0.045,0.00,2.27,Materials
ASX:RHT,"Resonance Health Limited (ASX:RHT)",https://www.listcorp.com/asx/rht/resonance-health-limited,"	17925000",0.039,0.00,0,"Health Care"
ASX:BTC,"BTC health Limited (ASX:BTC)",https://www.listcorp.com/asx/btc/btc-health-limited,"	17892800",0.055,0.00,0,Financials
ASX:GUL,"Gullewa Limited (ASX:GUL)",https://www.listcorp.com/asx/gul/gullewa,"	17877800",0.08,-0.00,-2.44,Materials
ASX:EPX,"EP&T Global Limited (ASX:EPX)",https://www.listcorp.com/asx/epx/ep-and-t-global-limited,"	17785900",0.027,0.00,0,"Information Technology"
ASX:EQX,"Equatorial Resources Limited (ASX:EQX)",https://www.listcorp.com/asx/eqx/equatorial-resources-limited,"	17745100",0.135,0.00,0,Materials
ASX:ION,"Iondrive Limited (ASX:ION)",https://www.listcorp.com/asx/ion/iondrive-limited,"	17742500",0.014,-0.00,-6.67,Materials
ASX:ARV,"Artemis Resources Limited (ASX:ARV)",https://www.listcorp.com/asx/arv/artemis-resources-limited,"	17699700",0.007,0.00,0,Materials
ASX:VML,"Vital Metals Limited (ASX:VML)",https://www.listcorp.com/asx/vml/vital-metals-limited,"	17685200",0.002,-0.00,-33.33,Materials
ASX:NAG,"Nagambie Resources Limited (ASX:NAG)",https://www.listcorp.com/asx/nag/nagambie-resources-limited,"	17672700",0.021,-0.00,-4.55,Materials
ASX:RHY,"Rhythm Biosciences Limited (ASX:RHY)",https://www.listcorp.com/asx/rhy/rhythm-biosciences-limited,"	17583000",0.063,0.00,1.61,"Health Care"
ASX:CND,"Condor Energy Limited (ASX:CND)",https://www.listcorp.com/asx/cnd/condor-energy-limited,"	17543000",0.025,0.00,0,Energy
ASX:XTC,"XTC Lithium Limited (ASX:XTC)",https://www.listcorp.com/asx/xtc/xtc-lithium-limited,"	17528300",0.2,0.00,0,Materials
ASX:NIM,"Nimy Resources Limited (ASX:NIM)",https://www.listcorp.com/asx/nim/nimy-resources-limited,"	17482700",0.081,-0.00,-3.57,Materials
ASX:IME,"ImExHS Limited (ASX:IME)",https://www.listcorp.com/asx/ime/imexhs-limited,"	17405300",0.34,-0.01,-1.45,"Health Care"
ASX:RDN,"Raiden Resources Limited (ASX:RDN)",https://www.listcorp.com/asx/rdn/raiden-resources-limited,"	17254500",0.005,0.00,0,Materials
ASX:ELT,"Elementos Limited (ASX:ELT)",https://www.listcorp.com/asx/elt/elementos-limited,"	17237600",0.078,0.01,6.85,Materials
ASX:FOS,"FOS Capital Limited (ASX:FOS)",https://www.listcorp.com/asx/fos/fos-capital-limited,"	17218000",0.32,0.00,0,Industrials
ASX:EMD,"Emyria Limited (ASX:EMD)",https://www.listcorp.com/asx/emd/emyria-limited,"	17193500",0.035,0.00,0,"Health Care"
ASX:LPD,"Lepidico Ltd (ASX:LPD)",https://www.listcorp.com/asx/lpd/lepidico,"	17178400",0.002,0.00,0,Materials
ASX:LM1,"Leeuwin Metals Ltd (ASX:LM1)",https://www.listcorp.com/asx/lm1/leeuwin-metals-ltd,"	17137100",0.19,0.02,11.76,Materials
ASX:FNX,"Finexia Financial Group Limited (ASX:FNX)",https://www.listcorp.com/asx/fnx/finexia-financial-group-limited,"	17133600",0.275,0.00,0,Financials
ASX:AKO,"Akora Resources Limited (ASX:AKO)",https://www.listcorp.com/asx/ako/akora-resources-limited,"	17072800",0.125,0.00,0,Materials
ASX:FSG,"Field Solutions Holdings Limited (ASX:FSG)",https://www.listcorp.com/asx/fsg/field-solutions-holdings-limited,"	17015800",0.022,0.00,0,"Communication Services"
ASX:QYLD,"Global X Nasdaq 100 Covered Call ETF (ASX:QYLD)",https://www.listcorp.com/asx/qyld/global-x-nasdaq-100-covered-call-etf,"	16979900",10.88,-0.07,-0.64,Unclassified
ASX:AXI,"Axiom Properties Limited (ASX:AXI)",https://www.listcorp.com/asx/axi/axiom-properties-limited,"	16875800",0.039,0.00,0,"Real Estate"
ASX:HHR,"Hartshead Resources NL (ASX:HHR)",https://www.listcorp.com/asx/hhr/hartshead-resources-nl,"	16852100",0.007,0.00,16.67,Energy
ASX:IMC,"Immuron Limited (ASX:IMC)",https://www.listcorp.com/asx/imc/immuron-limited,"	16826900",0.072,0.00,0,"Health Care"
ASX:AMN,"Agrimin Limited (ASX:AMN)",https://www.listcorp.com/asx/amn/agrimin-limited,"	16819900",0.051,0.00,4.08,Materials
ASX:QML,"Qmines Limited (ASX:QML)",https://www.listcorp.com/asx/qml/qmines-limited,"	16727200",0.039,0.00,0,Materials
ASX:CCM,"Cadoux Limited (ASX:CCM)",https://www.listcorp.com/asx/ccm/cadoux-limited,"	16691300",0.045,0.00,0,Materials
ASX:ASE,"Astute Metals NL (ASX:ASE)",https://www.listcorp.com/asx/ase/astute-metals-nl,"	16689800",0.024,-0.00,-11.11,Materials
ASX:ICL,"Iceni Gold Limited (ASX:ICL)",https://www.listcorp.com/asx/icl/iceni-gold-limited,"	16679800",0.056,0.00,3.7,Materials
ASX:ACU,"Acumentis Group Limited (ASX:ACU)",https://www.listcorp.com/asx/acu/acumentis-group-limited,"	16609100",0.075,0.00,0,"Real Estate"
ASX:SOR,"Strategic Elements Ltd (ASX:SOR)",https://www.listcorp.com/asx/sor/strategic-elements,"	16408300",0.035,0.00,0,Financials
ASX:KAL,"Kalgoorlie Gold Mining Limited (ASX:KAL)",https://www.listcorp.com/asx/kal/kalgoorlie-gold-mining-limited,"	16402900",0.045,0.00,4.65,Materials
ASX:POD,"Podium Minerals Limited (ASX:POD)",https://www.listcorp.com/asx/pod/podium-minerals-limited,"	16353900",0.026,0.00,8.33,Materials
ASX:MAG,"Magmatic Resources Limited (ASX:MAG)",https://www.listcorp.com/asx/mag/magmatic-resources-limited,"	16265000",0.036,-0.00,-7.69,Materials
ASX:MVL,"Marvel Gold Limited (ASX:MVL)",https://www.listcorp.com/asx/mvl/marvel-gold-limited,"	16196100",0.015,0.00,0,Materials
ASX:BNL,"Blue Star Helium Limited (ASX:BNL)",https://www.listcorp.com/asx/bnl/blue-star-helium-limited,"	16169300",0.007,0.00,16.67,Energy
ASX:FHS,"Freehill Mining Limited (ASX:FHS)",https://www.listcorp.com/asx/fhs/freehill-mining-limited,"	16167600",0.005,0.00,0,Materials
ASX:ZGL,"Zicom Group Limited (ASX:ZGL)",https://www.listcorp.com/asx/zgl/zicom-group-limited,"	16092000",0.075,0.00,0,Industrials
ASX:IGN,"Ignite Limited (ASX:IGN)",https://www.listcorp.com/asx/ign/ignite-limited,"	16090200",1.01,0.03,2.54,Industrials
ASX:VPR,"Volt Group Limited (ASX:VPR)",https://www.listcorp.com/asx/vpr/volt-group-limited,"	16074300",0.001,-0.00,-33.33,Utilities
ASX:QFE,"QuickFee Limited (ASX:QFE)",https://www.listcorp.com/asx/qfe/quickfee-limited,"	16066600",0.05,0.00,6.38,Financials
ASX:G50,"G50 Corp Limited (ASX:G50)",https://www.listcorp.com/asx/g50/g50-corp-limited,"	16059800",0.1,0.00,0,Materials
ASX:RCL,"ReadCloud Limited (ASX:RCL)",https://www.listcorp.com/asx/rcl/readcloud-limited,"	16022900",0.105,0.00,0,"Information Technology"
ASX:RLT,"Renergen Limited (ASX:RLT)",https://www.listcorp.com/asx/rlt/renergen-limited,"	15921100",0.55,0.02,4.76,Energy
ASX:AKG,"Academies Australasia Group Limited (ASX:AKG)",https://www.listcorp.com/asx/akg/academies-australasia-group-limited,"	15913700",0.12,0.00,0,"Consumer Discretionary"
ASX:SHN,"Sunshine Metals Limited (ASX:SHN)",https://www.listcorp.com/asx/shn/sunshine-metals-limited,"	15874500",0.0085,0.00,6.25,Materials
ASX:AAP,"Australian Agricultural Projects Limited (ASX:AAP)",https://www.listcorp.com/asx/aap/australian-agricultural-projects-limited,"	15850000",0.041,-0.00,-4.65,"Consumer Staples"
ASX:ACP,"Audalia Resources Limited (ASX:ACP)",https://www.listcorp.com/asx/acp/audalia-resources,"	15842700",0.02,0.00,0,Materials
ASX:EME,"Energy Metals Limited (ASX:EME)",https://www.listcorp.com/asx/eme/energy-metals-limited,"	15726200",0.075,0.00,0,Energy
ASX:FRE,"Firebrick Pharma Limited (ASX:FRE)",https://www.listcorp.com/asx/fre/firebrick-pharma-limited,"	15720400",0.075,0.00,7.14,"Health Care"
ASX:INV,"InvestSMART Group Limited (ASX:INV)",https://www.listcorp.com/asx/inv/investsmart-group-limited,"	15687200",0.11,0.00,0,Financials
ASX:PET,"Phoslock Environmental Technologies Limited (ASX:PET)",https://www.listcorp.com/asx/pet/phoslock-environmental-technologies-limited,"	15609800",0.025,0.00,0,Industrials
ASX:ECS,"ECS Botanics Holdings Ltd (ASX:ECS)",https://www.listcorp.com/asx/ecs/ecs-botanics-holdings,"	15552600",0.011,-0.00,-8.33,"Health Care"
ASX:WMG,"Western Mines Group Ltd (ASX:WMG)",https://www.listcorp.com/asx/wmg/western-mines-group-ltd,"	15360100",0.19,0.02,11.76,Materials
ASX:RNT,"Rent.com.au Limited (ASX:RNT)",https://www.listcorp.com/asx/rnt/rent.com.au-limited,"	15352800",0.018,0.00,0,"Communication Services"
ASX:QNDQ,"Betashares Nasdaq 100 Equal Weight ETF (ASX:QNDQ)",https://www.listcorp.com/asx/qndq/betashares-nasdaq-100-equal-weight-etf,"	15352500",15.86,0.12,0.76,Unclassified
ASX:RXH,"Rewardle Holdings Limited (ASX:RXH)",https://www.listcorp.com/asx/rxh/rewardle-holdings-limited,"	15338700",0.029,0.00,0,"Communication Services"
ASX:DWG,"DataWorks Group Limited (ASX:DWG)",https://www.listcorp.com/asx/dwg/dataworks-group-limited,"	15333600",0.15,0.00,0,"Information Technology"
ASX:FLG,"Flagship Minerals Limited (ASX:FLG)",https://www.listcorp.com/asx/flg/flagship-minerals-limited,"	15269600",0.068,-0.01,-9.33,Materials
ASX:HIO,"Hawsons Iron Limited (ASX:HIO)",https://www.listcorp.com/asx/hio/hawsons-iron-limited,"	15247500",0.015,0.00,0,Materials
ASX:NH3,"NH3 Clean Energy Limited (ASX:NH3)",https://www.listcorp.com/asx/nh3/nh3-clean-energy-limited,"	15244300",0.025,-0.00,-7.41,Materials
ASX:KAM,"K2 Asset Management Holdings Ltd (ASX:KAM)",https://www.listcorp.com/asx/kam/k2-asset-management-holdings-ltd,"	15188400",0.063,0.00,0,Financials
ASX:5GG,"Pentanet Limited (ASX:5GG)",https://www.listcorp.com/asx/5gg/pentanet-limited,"	15161000",0.035,0.00,0,"Communication Services"
ASX:IGRO,"iShares High Growth ESG ETF (ASX:IGRO)",https://www.listcorp.com/asx/igro/ishares-high-growth-esg-etf,"	15154300",33.07,0.18,0.55,Unclassified
ASX:TGH,"Terragen Holdings Limited (ASX:TGH)",https://www.listcorp.com/asx/tgh/terragen-holdings-limited,"	15150500",0.032,0.00,6.67,Materials
ASX:JAV,"Javelin Minerals Limited (ASX:JAV)",https://www.listcorp.com/asx/jav/javelin-minerals-limited,"	15115400",0.002,-0.00,-20,Materials
ASX:BTE,"Botala Energy Ltd (ASX:BTE)",https://www.listcorp.com/asx/bte/botala-energy-ltd,"	14985800",0.058,0.00,0,Energy
ASX:TRU,"Truscreen Group Limited (ASX:TRU)",https://www.listcorp.com/asx/tru/truscreen-group-limited,"	14982500",0.026,-0.00,-3.7,"Health Care"
ASX:AZI,"Altamin Limited (ASX:AZI)",https://www.listcorp.com/asx/azi/altamin-limited,"	14937100",0.025,-0.00,-3.85,Materials
ASX:CMD,"Cassius Mining Limited (ASX:CMD)",https://www.listcorp.com/asx/cmd/cassius-mining-limited,"	14905100",0.022,0.00,0,Materials
ASX:HMD,"HeraMED Limited (ASX:HMD)",https://www.listcorp.com/asx/hmd/heramed-limited,"	14885200",0.017,0.00,0,"Health Care"
ASX:OEC,"Orbital Corporation Limited (ASX:OEC)",https://www.listcorp.com/asx/oec/orbital-corporation,"	14830200",0.09,0.00,0,Industrials
ASX:LAM,"Laramide Resources Ltd (ASX:LAM)",https://www.listcorp.com/asx/lam/laramide-resources-ltd,"	14828200",0.72,0.00,0,Energy
ASX:ASP,"Aspermont Limited (ASX:ASP)",https://www.listcorp.com/asx/asp/aspermont-limited,"	14820100",0.006,0.00,0,"Communication Services"
ASX:CNQ,"Clean TeQ Water Limited (ASX:CNQ)",https://www.listcorp.com/asx/cnq/clean-teq-water-limited,"	14809700",0.19,-0.02,-7.32,Industrials
ASX:BLU,"Blue Energy Limited (ASX:BLU)",https://www.listcorp.com/asx/blu/blue-energy,"	14807800",0.007,-0.00,-12.5,Energy
ASX:AMO,"Ambertech Limited (ASX:AMO)",https://www.listcorp.com/asx/amo/ambertech,"	14787700",0.16,0.01,3.23,"Information Technology"
ASX:CXM,"Centrex Limited (ASX:CXM)",https://www.listcorp.com/asx/cxm/centrex-limited,"	14749300",0.017,0.00,0,Materials
ASX:FBM,"Future Battery Minerals Limited (ASX:FBM)",https://www.listcorp.com/asx/fbm/future-battery-minerals-limited,"	14713700",0.022,0.00,0,Materials
ASX:RWD,"Reward Minerals Limited (ASX:RWD)",https://www.listcorp.com/asx/rwd/reward-minerals-limited,"	14697100",0.055,0.00,0,Materials
ASX:FZR,"Fitzroy River Corporation Ltd (ASX:FZR)",https://www.listcorp.com/asx/fzr/fitzroy-river-corporation-ltd,"	14574400",0.135005,0.00,0,Energy
ASX:CVR,"Cavalier Resources Limited (ASX:CVR)",https://www.listcorp.com/asx/cvr/cavalier-resources-limited,"	14460600",0.24,-0.01,-4,Materials
ASX:EAX,"Energy Action Limited (ASX:EAX)",https://www.listcorp.com/asx/eax/energy-action,"	14423100",0.37,0.00,0,Industrials
ASX:AR3,"Australian Rare Earths Limited (ASX:AR3)",https://www.listcorp.com/asx/ar3/australian-rare-earths-limited,"	14415100",0.068,0.00,0,Materials
ASX:ADX,"ADX Energy Limited (ASX:ADX)",https://www.listcorp.com/asx/adx/adx-energy-limited,"	14399300",0.025,0.00,0,Energy
ASX:ALPH,"Schroder Global Equity Alpha Fund (ASX:ALPH)",https://www.listcorp.com/asx/alph/schroder-global-equity-alpha-fund,"	14348800",9.93,0.00,0,Unclassified
ASX:UBI,"Universal Biosensors Inc (ASX:UBI)",https://www.listcorp.com/asx/ubi/universal-biosensors,"	14307200",0.052,0.00,8.33,"Health Care"
ASX:EPM,"Eclipse Metals Ltd (ASX:EPM)",https://www.listcorp.com/asx/epm/eclipse-metals-ltd,"	14299100",0.005,0.00,0,Energy
ASX:TIA,"Tian An Australia Limited (ASX:TIA)",https://www.listcorp.com/asx/tia/tian-an-australia-limited,"	14290500",0.165,0.00,0,"Real Estate"
ASX:CCE,"Carnegie Clean Energy Limited (ASX:CCE)",https://www.listcorp.com/asx/cce/carnegie-clean-energy-limited,"	14281900",0.038,-0.00,-2.56,Utilities
ASX:ODA,"Orcoda Limited (ASX:ODA)",https://www.listcorp.com/asx/oda/orcoda-limited,"	14251100",0.075,-0.00,-1.32,"Information Technology"
ASX:MLS,"Metals Australia Limited (ASX:MLS)",https://www.listcorp.com/asx/mls/metals-australia-limited,"	14210000",0.019,-0.00,-2.56,Materials
ASX:BEO,"Beonic Limited (ASX:BEO)",https://www.listcorp.com/asx/beo/beonic-limited,"	14172200",0.2,0.00,0,"Information Technology"
ASX:MHI,"Merchant House International Limited (ASX:MHI)",https://www.listcorp.com/asx/mhi/merchant-house-international-limited,"	14140000",0.15,0.00,0,"Consumer Discretionary"
ASX:FRS,"Forrestania Resources Limited (ASX:FRS)",https://www.listcorp.com/asx/frs/forrestania-resources-limited,"	14100000",0.042,-0.01,-10.64,Materials
ASX:RLF,"RLF AgTech Ltd (ASX:RLF)",https://www.listcorp.com/asx/rlf/rlf-agtech-ltd,"	14021200",0.043,0.00,7.5,Materials
ASX:TSL,"Titanium Sands Limited (ASX:TSL)",https://www.listcorp.com/asx/tsl/titanium-sands-limited,"	14020500",0.007,0.00,16.67,Materials
ASX:AUZ,"Australian Mines Limited (ASX:AUZ)",https://www.listcorp.com/asx/auz/australian-mines-limited,"	13985100",0.009,-0.00,-10,Materials
ASX:BDG,"Black Dragon Gold Corp. (ASX:BDG)",https://www.listcorp.com/asx/bdg/black-dragon-gold-corp.,"	13970900",0.048,0.00,4.35,Materials
ASX:LSA,"Lachlan Star Limited (ASX:LSA)",https://www.listcorp.com/asx/lsa/lachlan-star-limited,"	13891500",0.06,0.00,9.09,Materials
ASX:ETR,"Entyr Limited (ASX:ETR)",https://www.listcorp.com/asx/etr/entyr-limited,"	13881700",0.007,0.00,0,Industrials
ASX:PGY,"Pilot Energy Limited (ASX:PGY)",https://www.listcorp.com/asx/pgy/pilot-energy-limited,"	13881500",0.0065,-0.00,-7.14,Energy
ASX:RPM,"RPM Automotive Group Limited (ASX:RPM)",https://www.listcorp.com/asx/rpm/rpm-automotive-group-limited,"	13826400",0.05,-0.00,-1.96,"Consumer Discretionary"
ASX:KSM,"K2 Australian Small Cap Fund (Hedge Fund) (ASX:KSM)",https://www.listcorp.com/asx/ksm/k2-australian-small-cap-fund-hedge-fund,"	13793400",2.38,0.00,0,Unclassified
ASX:AZ9,"Asian Battery Metals Plc (ASX:AZ9)",https://www.listcorp.com/asx/az9/asian-battery-metals-plc,"	13664600",0.034,-0.00,-2.86,Materials
ASX:RIL,"Redivium Limited (ASX:RIL)",https://www.listcorp.com/asx/ril/redivium-limited,"	13609400",0.004,0.00,0,Materials
ASX:GDM,"Great Divide Mining Ltd (ASX:GDM)",https://www.listcorp.com/asx/gdm/great-divide-mining-ltd,"	13557200",0.42,0.01,2.44,Materials
ASX:G11,"G11 Resources Limited (ASX:G11)",https://www.listcorp.com/asx/g11/g11-resources-limited,"	13532700",0.014,0.00,0,Materials
ASX:AEI,"Aeris Environmental Ltd (ASX:AEI)",https://www.listcorp.com/asx/aei/aeris-environmental,"	13529700",0.048,-0.01,-12.73,Industrials
ASX:LIT,"Livium Ltd (ASX:LIT)",https://www.listcorp.com/asx/lit/livium-ltd,"	13524100",0.008,0.00,0,Industrials
ASX:UNT,"Unith Ltd (ASX:UNT)",https://www.listcorp.com/asx/unt/unith-ltd,"	13516600",0.012,0.00,9.09,"Communication Services"
ASX:HVY,"Heavy Minerals Limited (ASX:HVY)",https://www.listcorp.com/asx/hvy/heavy-minerals-limited,"	13513700",0.21,0.01,5,Materials
ASX:HTG,"Harvest Technology Group Limited (ASX:HTG)",https://www.listcorp.com/asx/htg/harvest-technology-group-limited,"	13439200",0.017,0.00,13.33,"Information Technology"
ASX:EGY,"Energy Technologies (ASX:EGY)",https://www.listcorp.com/asx/egy/energy-technologies,"	13387400",0.03,0.00,0,Industrials
ASX:AKA,"Aureka Limited (ASX:AKA)",https://www.listcorp.com/asx/aka/aureka-limited,"	13316500",0.125,-0.01,-3.85,Materials
ASX:AOH,"Assetora Limited (ASX:AOH)",https://www.listcorp.com/asx/aoh/assetora-limited,"	13197700",0.055,0.00,0,Financials
ASX:TYX,"Tyranna Resources Limited (ASX:TYX)",https://www.listcorp.com/asx/tyx/tyranna-resources-limited,"	13151700",0.005,0.00,25,Materials
ASX:CF1,"Complii Fintech Solutions Ltd (ASX:CF1)",https://www.listcorp.com/asx/cf1/complii-fintech-solutions-ltd,"	13142100",0.023,0.00,0,"Information Technology"
ASX:RNV,"Renerve Limited (ASX:RNV)",https://www.listcorp.com/asx/rnv/renerve-limited,"	13133700",0.135,0.02,12.5,Unclassified
ASX:PGM,"Platina Resources Limited (ASX:PGM)",https://www.listcorp.com/asx/pgm/platina-resources-limited,"	13086800",0.022,0.00,4.76,Materials
ASX:WGR,"Western Gold Resources Limited (ASX:WGR)",https://www.listcorp.com/asx/wgr/western-gold-resources-limited,"	13082700",0.067,-0.00,-2.9,Materials
ASX:ROYL,"BetaShares Global Royalties ETF (ASX:ROYL)",https://www.listcorp.com/asx/royl/betashares-global-royalties-etf,"	13033200",11.75,0.10,0.82,Unclassified
ASX:TSI,"Top Shelf International Holdings Ltd (ASX:TSI)",https://www.listcorp.com/asx/tsi/top-shelf-international-holdings-ltd,"	13004300",0.04,0.00,0,"Consumer Staples"
ASX:SOP,"Synertec Corporation Limited (ASX:SOP)",https://www.listcorp.com/asx/sop/synertec-corporation-limited,"	12983400",0.025,0.00,0,Industrials
ASX:GT1,"Green Technology Metals Limited (ASX:GT1)",https://www.listcorp.com/asx/gt1/green-technology-metals-limited,"	12829600",0.026,-0.00,-3.7,Materials
ASX:GIVE,"Perpetual ESG Australian Share Fund (Managed Fund) (ASX:GIVE)",https://www.listcorp.com/asx/give/perpetual-esg-australian-share-fund-managed-fund,"	12809900",3.28,0.02,0.61,Unclassified
ASX:WOA,"Wide Open Agriculture Ltd (ASX:WOA)",https://www.listcorp.com/asx/woa/wide-open-agriculture-ltd,"	12808500",0.023,-0.00,-4.17,"Consumer Staples"
ASX:REZ,"Resources & Energy Group Limited (ASX:REZ)",https://www.listcorp.com/asx/rez/resources-and-energy-group-limited,"	12761100",0.02,0.00,5.26,Materials
ASX:PGD,"Peregrine Gold Limited (ASX:PGD)",https://www.listcorp.com/asx/pgd/peregrine-gold-limited,"	12727200",0.155,0.00,3.33,Materials
ASX:ENV,"Enova Mining Limited (ASX:ENV)",https://www.listcorp.com/asx/env/enova-mining-limited,"	12721500",0.008,-0.00,-11.11,Materials
ASX:MGT,"Magnetite Mines Limited (ASX:MGT)",https://www.listcorp.com/asx/mgt/magnetite-mines-limited,"	12704600",0.1075,0.00,2.38,Materials
ASX:AVE,"Avecho Biotechnology Limited (ASX:AVE)",https://www.listcorp.com/asx/ave/avecho-biotechnology-limited,"	12693900",0.004,0.00,0,"Health Care"
ASX:AJX,"Alexium International Group Limited (ASX:AJX)",https://www.listcorp.com/asx/ajx/alexium-international-group-limited,"	12691400",0.009,0.00,12.5,Materials
ASX:PVL,"Powerhouse Ventures Limited (ASX:PVL)",https://www.listcorp.com/asx/pvl/powerhouse-ventures-limited,"	12623900",0.083,0.00,3.75,Financials
ASX:AHK,"Ark Mines Ltd (ASX:AHK)",https://www.listcorp.com/asx/ahk/ark-mines,"	12570500",0.19,0.00,0,Materials
ASX:BRX,"Belararox Limited (ASX:BRX)",https://www.listcorp.com/asx/brx/belararox-limited,"	12521800",0.084,0.00,5,Materials
ASX:BPP,"Babylon Pump & Power Limited (ASX:BPP)",https://www.listcorp.com/asx/bpp/babylon-pump-and-power-limited,"	12497700",0.006,0.00,20,Industrials
ASX:HPR,"High Peak Royalties Limited (ASX:HPR)",https://www.listcorp.com/asx/hpr/high-peak-royalties-limited,"	12483600",0.06,0.00,0,Energy
ASX:SKK,"Stakk Limited (ASX:SKK)",https://www.listcorp.com/asx/skk/stakk-limited,"	12450500",0.006,0.00,0,"Information Technology"
ASX:ZNO,"Zoono Group Limited (ASX:ZNO)",https://www.listcorp.com/asx/zno/zoono-group-limited,"	12440200",0.038,0.00,8.57,Materials
ASX:BUGG,"Global X Cybersecurity ETF (ASX:BUGG)",https://www.listcorp.com/asx/bugg/global-x-cybersecurity-etf,"	12404400",13.12,0.07,0.54,Unclassified
ASX:ROC,"RocketBoots Limited (ASX:ROC)",https://www.listcorp.com/asx/roc/rocketboots-limited,"	12378200",0.085,0.00,0,"Information Technology"
ASX:SPA,"Spacetalk Limited (ASX:SPA)",https://www.listcorp.com/asx/spa/spacetalk-limited,"	12378100",0.165,-0.00,-2.94,"Information Technology"
ASX:SKM,"Skylark Minerals Limited (ASX:SKM)",https://www.listcorp.com/asx/skm/skylark-minerals-limited,"	12304200",0.16,-0.01,-8.57,Materials
ASX:HCT,"Holista Colltech Limited (ASX:HCT)",https://www.listcorp.com/asx/hct/holista-colltech,"	12288000",0.057,0.01,32.56,"Consumer Staples"
ASX:SNG,"Siren Gold Limited (ASX:SNG)",https://www.listcorp.com/asx/sng/siren-gold-limited,"	12262400",0.0555,-0.00,-0.89,Materials
ASX:MPP,"Metro Performance Glass (ASX:MPP)",https://www.listcorp.com/asx/mpp/metro-performance-glass,"	12235000",0.066,0.00,0,Industrials
ASX:FDR,"Finder Energy Holdings Limited (ASX:FDR)",https://www.listcorp.com/asx/fdr/finder-energy-holdings-limited,"	12224400",0.04,-0.00,-6.98,Energy
ASX:IG6,"International Graphite Limited (ASX:IG6)",https://www.listcorp.com/asx/ig6/international-graphite-limited,"	12194200",0.06,-0.00,-4.76,Industrials
ASX:BPH,"BPH Energy Limited (ASX:BPH)",https://www.listcorp.com/asx/bph/bph-energy-limited,"	12182300",0.01,0.00,0,Financials
ASX:WIN,"WIN Metals Ltd (ASX:WIN)",https://www.listcorp.com/asx/win/win-metals-ltd,"	12101300",0.023,0.00,4.55,Materials
ASX:NSX,"NSX Limited (ASX:NSX)",https://www.listcorp.com/asx/nsx/nsx-limited,"	12081800",0.022,-0.00,-8.33,Financials
ASX:HOR,"Horseshoe Metals Limited (ASX:HOR)",https://www.listcorp.com/asx/hor/horseshoe-metals-limited,"	12060100",0.018,0.00,0,Materials
ASX:CTO,"Citigold Corporation Limited (ASX:CTO)",https://www.listcorp.com/asx/cto/citigold-corporation-limited,"	12000000",0.004,0.00,0,Materials
ASX:MGL,"Magontec Limited (ASX:MGL)",https://www.listcorp.com/asx/mgl/magontec-limited,"	11962000",0.21,0.00,0,Materials
ASX:NOV,"Novatti Group Limited (ASX:NOV)",https://www.listcorp.com/asx/nov/novatti-group-limited,"	11950200",0.022,0.00,0,"Information Technology"
ASX:BAS,"Bass Oil Limited (ASX:BAS)",https://www.listcorp.com/asx/bas/bass-oil-limited,"	11909500",0.041,0.00,0,Energy
ASX:MEM,"Memphasys Limited (ASX:MEM)",https://www.listcorp.com/asx/mem/memphasys-limited,"	11901600",0.005,-0.00,-16.67,"Health Care"
ASX:ATS,"Australis Oil & Gas Ltd (ASX:ATS)",https://www.listcorp.com/asx/ats/australis-oil-and-gas-ltd,"	11862600",0.009,0.00,0,Energy
ASX:NVO,"Novo Resources Corp (ASX:NVO)",https://www.listcorp.com/asx/nvo/novo-resources-corp,"	11858000",0.1,-0.00,-4.76,Materials
ASX:GML,"Gateway Mining Limited (ASX:GML)",https://www.listcorp.com/asx/gml/gateway-mining,"	11855800",0.031,0.00,6.9,Materials
ASX:ADY,"Admiralty Resources NL (ASX:ADY)",https://www.listcorp.com/asx/ady/admiralty-resources,"	11832700",0.004,-0.00,-11.11,Materials
ASX:1AI,"Algorae Pharmaceuticals Limited (ASX:1AI)",https://www.listcorp.com/asx/1ai/algorae-pharmaceuticals-limited,"	11811800",0.007,0.00,0,"Health Care"
ASX:TRP,"Tissue Repair Ltd (ASX:TRP)",https://www.listcorp.com/asx/trp/tissue-repair-ltd,"	11790600",0.195,0.00,0,"Health Care"
ASX:GAS,"State Gas Limited (ASX:GAS)",https://www.listcorp.com/asx/gas/state-gas-limited,"	11778000",0.03,0.00,0,Energy
ASX:NSM,"North Stawell Minerals Limited (ASX:NSM)",https://www.listcorp.com/asx/nsm/north-stawell-minerals-limited,"	11768100",0.041,-0.00,-4.65,Materials
ASX:WHK,"WhiteHawk Limited (ASX:WHK)",https://www.listcorp.com/asx/whk/whitehawk-limited,"	11763800",0.0155,-0.00,-3.13,"Information Technology"
ASX:CXU,"Cauldron Energy Limited (ASX:CXU)",https://www.listcorp.com/asx/cxu/cauldron-energy-limited,"	11691200",0.008,0.00,0,Energy
ASX:AT1,"Atomo Diagnostics Limited (ASX:AT1)",https://www.listcorp.com/asx/at1/atomo-diagnostics-limited,"	11664200",0.0165,-0.00,-2.94,"Health Care"
ASX:NET,"NetLinkz Limited (ASX:NET)",https://www.listcorp.com/asx/net/netlinkz-limited,"	11635300",0.003,0.00,0,"Information Technology"
ASX:VMIN,"Vanguard Global Minimum Volatility Active ETF (Managed Fund) (ASX:VMIN)",https://www.listcorp.com/asx/vmin/vanguard-global-minimum-volatility-active-etf-managed-fund,"	11599400",63.43,0.06,0.09,Unclassified
ASX:NC6,"Nanollose Limited (ASX:NC6)",https://www.listcorp.com/asx/nc6/nanollose-limited,"	11499200",0.043,-0.00,-6.52,"Health Care"
ASX:TRM,"Truscott Mining Corporation (ASX:TRM)",https://www.listcorp.com/asx/trm/truscott-mining,"	11486900",0.06,0.00,0,Materials
ASX:COY,"Coppermoly Limited (ASX:COY)",https://www.listcorp.com/asx/coy/coppermoly,"	11474500",0.013,0.00,0,Materials
ASX:H100,"Betashares FTSE 100 Currency Hedged ETF (ASX:H100)",https://www.listcorp.com/asx/h100/betashares-ftse-100-currency-hedged-etf,"	11370800",11.41,0.04,0.35,Unclassified
ASX:HJZP,"Hejaz Property Fund (Managed Fund) (ASX:HJZP)",https://www.listcorp.com/asx/hjzp/hejaz-property-fund-managed-fund,"	11309700",0.82,0.01,1.23,Unclassified
ASX:KNI,"Kuniko Limited (ASX:KNI)",https://www.listcorp.com/asx/kni/kuniko-limited,"	11300200",0.125,-0.01,-3.85,Materials
ASX:MAN,"Mandrake Resources Limited (ASX:MAN)",https://www.listcorp.com/asx/man/mandrake-resources-limited,"	11290700",0.018,0.00,0,Materials
ASX:TM1,"Terra Metals Limited (ASX:TM1)",https://www.listcorp.com/asx/tm1/terra-metals-limited,"	11208600",0.027,0.00,0,Materials
ASX:GGE,"Grand Gulf Energy Limited (ASX:GGE)",https://www.listcorp.com/asx/gge/grand-gulf-energy-limited,"	11201500",0.003,-0.00,-25,Energy
ASX:EQN,"Equinox Resources Limited (ASX:EQN)",https://www.listcorp.com/asx/eqn/equinox-resources-limited,"	11146500",0.088,-0.00,-2.22,Materials
ASX:ILT,"Iltani Resources Limited (ASX:ILT)",https://www.listcorp.com/asx/ilt/iltani-resources-limited,"	11091900",0.25,0.00,0,Materials
ASX:DRIV,"BetaShares Electric Vehicles and Future Mobility ETF (ASX:DRIV)",https://www.listcorp.com/asx/driv/betashares-electric-vehicles-and-future-mobility-etf,"	11091200",8.92,0.24,2.76,Unclassified
ASX:RFT,"Rectifier Technologies Ltd (ASX:RFT)",https://www.listcorp.com/asx/rft/rectifier-technologies-ltd,"	11055900",0.008,0.00,0,Industrials
ASX:FRB,"Firebird Metals Limited (ASX:FRB)",https://www.listcorp.com/asx/frb/firebird-metals-limited,"	10961800",0.079,0.00,2.6,Materials
ASX:FFG,"Fatfish Group Limited (ASX:FFG)",https://www.listcorp.com/asx/ffg/fatfish-group-limited,"	10875000",0.007,0.00,0,Financials
ASX:PER,"Percheron Therapeutics Limited (ASX:PER)",https://www.listcorp.com/asx/per/percheron-therapeutics-limited,"	10874400",0.01,0.00,0,"Health Care"
ASX:IND,"Industrial Minerals Ltd (ASX:IND)",https://www.listcorp.com/asx/ind/industrial-minerals-ltd,"	10843500",0.135,0.00,0,Materials
ASX:PEC,"Perpetual Resources Limited (ASX:PEC)",https://www.listcorp.com/asx/pec/perpetual-resources-limited,"	10822000",0.012,-0.00,-7.69,Materials
ASX:NOR,"Norwood Systems Limited (ASX:NOR)",https://www.listcorp.com/asx/nor/norwood-systems-limited,"	10771500",0.022,0.00,0,"Information Technology"
ASX:MCO,"Myeco Group Ltd (ASX:MCO)",https://www.listcorp.com/asx/mco/myeco-group-ltd,"	10739000",0.018,0.00,0,Materials
ASX:KRR,"King River Resources Limited (ASX:KRR)",https://www.listcorp.com/asx/krr/king-river-resources-limited,"	10697500",0.008,0.00,14.29,Materials
ASX:SPQ,"Superior Resources Limited (ASX:SPQ)",https://www.listcorp.com/asx/spq/superior-resources-limited,"	10669400",0.004,-0.00,-11.11,Materials
ASX:NAE,"New Age Exploration Limited (ASX:NAE)",https://www.listcorp.com/asx/nae/new-age-exploration,"	10637600",0.004,0.00,0,Energy
ASX:WEC,"White Energy Company Limited (ASX:WEC)",https://www.listcorp.com/asx/wec/white-energy-company-limited,"	10595100",0.034,0.00,0,Energy
ASX:N1H,"N1 Holdings Limited (ASX:N1H)",https://www.listcorp.com/asx/n1h/n1-holdings-limited,"	10566700",0.12,0.00,0,Financials
ASX:DYM,"Dynamic Metals Limited (ASX:DYM)",https://www.listcorp.com/asx/dym/dynamic-metals-limited,"	10553100",0.22,0.01,2.33,Materials
ASX:GBZ,"GBM Resources Limited (ASX:GBZ)",https://www.listcorp.com/asx/gbz/gbm-resources-limited,"	10539600",0.009,0.00,0,Materials
ASX:PGO,"Pacgold Limited (ASX:PGO)",https://www.listcorp.com/asx/pgo/pacgold-limited,"	10516300",0.08,0.00,0,Materials
ASX:LML,"Lincoln Minerals Limited (ASX:LML)",https://www.listcorp.com/asx/lml/lincoln-minerals-limited,"	10512800",0.005,0.00,0,Materials
ASX:SOC,"SOCO Corporation Limited (ASX:SOC)",https://www.listcorp.com/asx/soc/soco-corporation-limited,"	10451600",0.079,0.00,5.33,"Information Technology"
ASX:CGR,"CGN Resources Limited (ASX:CGR)",https://www.listcorp.com/asx/cgr/cgn-resources-limited,"	10439500",0.105,-0.01,-8.7,Materials
ASX:HGL,"Hudson Investment Group Limited (ASX:HGL)",https://www.listcorp.com/asx/hgl/hudson-investment-group-limited,"	10388000",0.175,0.00,0,"Real Estate"
ASX:SLM,"Solis Minerals Limited (ASX:SLM)",https://www.listcorp.com/asx/slm/solis-minerals-limited,"	10384400",0.08,0.00,0,Materials
ASX:CBL,"Control Bionics Limited (ASX:CBL)",https://www.listcorp.com/asx/cbl/control-bionics-limited,"	10311400",0.034,-0.00,-2.86,"Health Care"
ASX:MXO,"Motio Limited (ASX:MXO)",https://www.listcorp.com/asx/mxo/motio-limited,"	10304600",0.034,-0.00,-8.11,"Communication Services"
ASX:AON,"Apollo Minerals Limited (ASX:AON)",https://www.listcorp.com/asx/aon/apollo-minerals-limited,"	10213000",0.011,0.00,0,Materials
ASX:NHE,"Noble Helium Limited (ASX:NHE)",https://www.listcorp.com/asx/nhe/noble-helium-limited,"	10191900",0.018,0.00,5.88,Energy
ASX:ACR,"Acrux Limited (ASX:ACR)",https://www.listcorp.com/asx/acr/acrux,"	10182900",0.027,0.00,8,"Health Care"
ASX:5EA,"5E Advanced Materials, Inc (ASX:5EA)",https://www.listcorp.com/asx/5ea/5e-advanced-materials-inc,"	10109800",0.675,0.00,0,Materials
ASX:PNM,"Pacific Nickel Mines Limited (ASX:PNM)",https://www.listcorp.com/asx/pnm/pacific-nickel-mines-limited,"	10103800",0.024,0.00,0,Materials
ASX:LOC,"Locate Technologies Limited (ASX:LOC)",https://www.listcorp.com/asx/loc/locate-technologies-limited,"	10059700",0.05,0.00,0,"Information Technology"
ASX:ABX,"ABx Group Limited (ASX:ABX)",https://www.listcorp.com/asx/abx/abx-group-limited,"	10037300",0.04,0.00,0,Materials
ASX:SRK,"Strike Resources Limited (ASX:SRK)",https://www.listcorp.com/asx/srk/strike-resources,"	9931250",0.034,-0.00,-2.86,Materials
ASX:EVR,"EV Resources Limited (ASX:EVR)",https://www.listcorp.com/asx/evr/ev-resources-limited,"	9929180",0.005,0.00,0,Materials
ASX:INF,"Infinity Lithium Corporation Limited (ASX:INF)",https://www.listcorp.com/asx/inf/infinity-lithium-corporation-limited,"	9924430",0.023,0.00,9.52,Materials
ASX:JNDQ,"Betashares Nasdaq Next Gen 100 ETF (ASX:JNDQ)",https://www.listcorp.com/asx/jndq/betashares-nasdaq-next-gen-100-etf,"	9859410",16.53,0.10,0.61,Unclassified
ASX:1AE,"Aurora Energy Metals Limited (ASX:1AE)",https://www.listcorp.com/asx/1ae/aurora-energy-metals-limited,"	9848510",0.056,0.00,1.82,Materials
ASX:SRR,"Sarama Resources Limited (ASX:SRR)",https://www.listcorp.com/asx/srr/sarama-resources-limited,"	9797440",0.036,0.00,0,Materials
ASX:FG1,"Flynn Gold Limited (ASX:FG1)",https://www.listcorp.com/asx/fg1/flynn-gold-limited,"	9782910",0.025,0.00,0,Materials
ASX:ADG,"Adelong Gold Limited (ASX:ADG)",https://www.listcorp.com/asx/adg/adelong-gold-limited,"	9782400",0.0085,0.00,21.43,Materials
ASX:CAN,"Cann Group Limited (ASX:CAN)",https://www.listcorp.com/asx/can/cann-group-limited,"	9765260",0.016,0.00,0,"Health Care"
ASX:NNL,"Nordic Resources Ltd (ASX:NNL)",https://www.listcorp.com/asx/nnl/nordic-resources-ltd,"	9758730",0.055,0.00,1.85,Materials
ASX:KBC,"Keybridge Capital Limited (ASX:KBC)",https://www.listcorp.com/asx/kbc/keybridge-capital,"	9744880",0.047,0.00,0,Financials
ASX:REM,"RemSense Technologies Limited (ASX:REM)",https://www.listcorp.com/asx/rem/remsense-technologies-limited,"	9699570",0.058,0.00,0,Industrials
ASX:CI1,"Credit Intelligence Limited (ASX:CI1)",https://www.listcorp.com/asx/ci1/credit-intelligence-limited,"	9684970",0.11,0.00,0,Industrials
ASX:AU1,"The Agency Group Australia (ASX:AU1)",https://www.listcorp.com/asx/au1/the-agency-group-australia,"	9670680",0.022,0.00,0,"Real Estate"
ASX:ALFA,"VanEck Australian Long Short Complex ETF (ASX:ALFA)",https://www.listcorp.com/asx/alfa/vaneck-australian-long-short-complex-etf,"	9653800",20.3,-0.24,-1.17,Unclassified
ASX:GTE,"Great Western Exploration Limited (ASX:GTE)",https://www.listcorp.com/asx/gte/great-western-exploration-limited,"	9651880",0.017,0.00,0,Materials
ASX:GLE,"GLG Corp (ASX:GLE)",https://www.listcorp.com/asx/gle/glg-corp,"	9633000",0.13,0.00,0,"Consumer Discretionary"
ASX:AJL,"AJ Lucas Group (ASX:AJL)",https://www.listcorp.com/asx/ajl/aj-lucas,"	9630110",0.007,0.00,0,Industrials
ASX:TG6,"TG Metals Limited (ASX:TG6)",https://www.listcorp.com/asx/tg6/tg-metals-limited,"	9627420",0.135,0.02,12.5,Materials
ASX:RR1,"Reach Resources Limited (ASX:RR1)",https://www.listcorp.com/asx/rr1/reach-resources-limited,"	9618740",0.01,-0.00,-9.09,Materials
ASX:TNY,"Tinybeans Group Limited (ASX:TNY)",https://www.listcorp.com/asx/tny/tinybeans-group-limited,"	9614180",0.071,0.01,9.23,"Communication Services"
ASX:GMN,"Gold Mountain Limited (ASX:GMN)",https://www.listcorp.com/asx/gmn/gold-mountain-limited,"	9591960",0.002,0.00,0,Materials
ASX:AFL,"AF Legal Group Ltd (ASX:AFL)",https://www.listcorp.com/asx/afl/af-legal-group,"	9586420",0.11,0.00,4.76,Industrials
ASX:BCM,"Brazilian Critical Minerals Limited (ASX:BCM)",https://www.listcorp.com/asx/bcm/brazilian-critical-minerals-limited,"	9566630",0.009,0.00,0,Materials
ASX:NGX,"NGX Limited (ASX:NGX)",https://www.listcorp.com/asx/ngx/ngx-limited,"	9514240",0.105,0.00,0,Materials
ASX:BCC,"Beam Communications Holdings Limited (ASX:BCC)",https://www.listcorp.com/asx/bcc/beam-communications-holdings-limited,"	9506410",0.1,-0.01,-9.09,"Information Technology"
ASX:AVM,"Advance Metals Limited (ASX:AVM)",https://www.listcorp.com/asx/avm/advance-metals-limited,"	9417530",0.044,0.00,0,Materials
ASX:VKA,"Viking Mines Limited (ASX:VKA)",https://www.listcorp.com/asx/vka/viking-mines-limited,"	9407640",0.0075,0.00,7.14,Materials
ASX:CBH,"Coolabah Metals Limited (ASX:CBH)",https://www.listcorp.com/asx/cbh/coolabah-metals-limited,"	9390970",0.21,0.00,0,Materials
ASX:PTL,"Prestal Holdings Limited (ASX:PTL)",https://www.listcorp.com/asx/ptl/prestal-holdings-limited,"	9375270",0.06,0.00,9.09,"Consumer Staples"
ASX:CMG,"Critical Minerals Group Limited (ASX:CMG)",https://www.listcorp.com/asx/cmg/critical-minerals-group-limited,"	9364860",0.13,0.00,0,Materials
ASX:JCS,"JCurve Solutions (ASX:JCS)",https://www.listcorp.com/asx/jcs/jcurve-solutions,"	9249620",0.028,0.00,0,"Information Technology"
ASX:MRR,"Minrex Resources Limited (ASX:MRR)",https://www.listcorp.com/asx/mrr/minrex-resources-limited,"	9221370",0.008,-0.00,-5.88,Materials
ASX:CP8,"Canadian Phosphate Limited (ASX:CP8)",https://www.listcorp.com/asx/cp8/canadian-phosphate-limited,"	9202820",0.016,-0.01,-46.67,Materials
ASX:QEM,"QEM Limited (ASX:QEM)",https://www.listcorp.com/asx/qem/qem-limited,"	9160020",0.054,0.01,12.5,Materials
ASX:UWC,"Underwood Capital Limited (ASX:UWC)",https://www.listcorp.com/asx/uwc/underwood-capital-limited,"	9151790",0.045,0.00,2.27,Financials
ASX:CHM,"Chimeric Therapeutics Limited (ASX:CHM)",https://www.listcorp.com/asx/chm/chimeric-therapeutics-limited,"	9086760",0.0045,-0.00,-10,"Health Care"
ASX:AUK,"Aumake Limited (ASX:AUK)",https://www.listcorp.com/asx/auk/aumake-limited,"	9070080",0.003,0.00,0,"Consumer Discretionary"
ASX:ADV,"Ardiden Limited (ASX:ADV)",https://www.listcorp.com/asx/adv/ardiden-limited,"	9065040",0.14,-0.01,-3.45,Materials
ASX:ORP,"Orpheus Uranium Limited (ASX:ORP)",https://www.listcorp.com/asx/orp/orpheus-uranium-limited,"	9021990",0.03,-0.00,-6.25,Materials
ASX:BUS,"Bubalus Resources Limited (ASX:BUS)",https://www.listcorp.com/asx/bus/bubalus-resources-limited,"	9021600",0.145,-0.02,-9.38,Materials
ASX:GTR,"GTI Energy Ltd (ASX:GTR)",https://www.listcorp.com/asx/gtr/gti-energy-ltd,"	8996850",0.003,0.00,0,Materials
ASX:SP8,"StreamPlay Studio Limited (ASX:SP8)",https://www.listcorp.com/asx/sp8/streamplay-studio-limited,"	8969550",0.007,0.00,0,"Communication Services"
ASX:DXN,"DXN Limited (ASX:DXN)",https://www.listcorp.com/asx/dxn/dxn-limited,"	8961110",0.033,0.00,10,"Information Technology"
ASX:IPC,"Imperial Pacific Limited (ASX:IPC)",https://www.listcorp.com/asx/ipc/imperial-pacific,"	8933410",1.68,0.00,0,Financials
ASX:SCN,"Scorpion Minerals Limited (ASX:SCN)",https://www.listcorp.com/asx/scn/scorpion-minerals-limited,"	8908960",0.017,0.00,0,Materials
ASX:ERL,"Empire Resources Limited (ASX:ERL)",https://www.listcorp.com/asx/erl/empire-resources-limited,"	8903480",0.005,-0.00,-16.67,Materials
ASX:ZAG,"Zuleika Gold Limited (ASX:ZAG)",https://www.listcorp.com/asx/zag/zuleika-gold-limited,"	8902560",0.012,0.00,0,Materials
ASX:SSH,"SSH Group Ltd (ASX:SSH)",https://www.listcorp.com/asx/ssh/ssh-group-ltd,"	8896480",0.135,0.00,0,Industrials
ASX:RON,"Ronin Resources Ltd (ASX:RON)",https://www.listcorp.com/asx/ron/ronin-resources-ltd,"	8882500",0.215,-0.00,-2.27,Materials
ASX:PRS,"Prospech Limited (ASX:PRS)",https://www.listcorp.com/asx/prs/prospech-limited,"	8878300",0.027,0.00,0,Materials
ASX:NME,"Nex Metals Explorations (ASX:NME)",https://www.listcorp.com/asx/nme/nex-metals-explorations,"	8840860",0.029,0.00,7.41,Materials
ASX:RRR,"Revolver Resources Holdings Ltd (ASX:RRR)",https://www.listcorp.com/asx/rrr/revolver-resources-holdings,"	8840780",0.03,-0.00,-6.25,Materials
ASX:VDIF,"Vanguard Diversified Income ETF (ASX:VDIF)",https://www.listcorp.com/asx/vdif/vanguard-diversified-income-etf,"	8767900",50.1,0.01,0.02,Unclassified
ASX:EMN,"Euro Manganese Inc (ASX:EMN)",https://www.listcorp.com/asx/emn/euro-manganese-inc,"	8719670",0.22,0.01,2.33,Materials
ASX:ALR,"Altair Minerals Limited (ASX:ALR)",https://www.listcorp.com/asx/alr/altair-minerals-limited,"	8593490",0.002,0.00,0,Materials
ASX:CC9,"Chariot Corporation Ltd (ASX:CC9)",https://www.listcorp.com/asx/cc9/chariot-corporation-ltd,"	8593470",0.071,-0.00,-1.39,Materials
ASX:TAT,"Tartana Minerals Limited (ASX:TAT)",https://www.listcorp.com/asx/tat/tartana-minerals-limited,"	8565840",0.04,0.00,0,Materials
ASX:CAG,"Cape Range Limited (ASX:CAG)",https://www.listcorp.com/asx/cag/cape-range-limited,"	8541750",0.09,0.00,0,"Information Technology"
ASX:RAG,"Ragnar Metals Limited (ASX:RAG)",https://www.listcorp.com/asx/rag/ragnar-metals-limited,"	8531750",0.0195,0.00,8.33,Materials
ASX:CR1,"Constellation Resources Limited (ASX:CR1)",https://www.listcorp.com/asx/cr1/constellation-resources-limited,"	8510300",0.145,0.01,7.41,Materials
ASX:AAU,"Antilles Gold Limited (ASX:AAU)",https://www.listcorp.com/asx/aau/antilles-gold-limited,"	8505470",0.0035,-0.00,-12.5,Materials
ASX:SRJ,"SRJ Technologies Group plc (ASX:SRJ)",https://www.listcorp.com/asx/srj/srj-technologies-group-plc,"	8478090",0.014,0.00,0,Energy
ASX:HLX,"Helix Resources Limited (ASX:HLX)",https://www.listcorp.com/asx/hlx/helix-resources-limited,"	8410480",0.0025,0.00,0,Materials
ASX:BMG,"BMG Resources Limited (ASX:BMG)",https://www.listcorp.com/asx/bmg/bmg-resources,"	8383970",0.01,0.00,0,Materials
ASX:RIIF,"Resolution Capital Global Listed Infrastructure Fund  Active ETF (ASX:RIIF)",https://www.listcorp.com/asx/riif/resolution-capital-global-listed-infrastructure-fund-active-etf,"	8382510",1.105,0.00,0,Unclassified
ASX:OVT,"Ovanti Limited (ASX:OVT)",https://www.listcorp.com/asx/ovt/ovanti-limited,"	8380540",0.0035,0.00,16.67,"Communication Services"
ASX:HIQ,"HitIQ Limited (ASX:HIQ)",https://www.listcorp.com/asx/hiq/hitiq-limited,"	8367900",0.02,-0.00,-4.76,"Health Care"
ASX:LCL,"LCL Resources Limited (ASX:LCL)",https://www.listcorp.com/asx/lcl/lcl-resources-limited,"	8363690",0.007,0.00,0,Materials
ASX:NRX,"Noronex Limited (ASX:NRX)",https://www.listcorp.com/asx/nrx/noronex-limited,"	8356780",0.015,0.00,0,Materials
ASX:ICE,"iCetana Limited (ASX:ICE)",https://www.listcorp.com/asx/ice/icetana-limited,"	8324710",0.019,0.00,0,"Information Technology"
ASX:OLH,"Oldfields Holdings Limited (ASX:OLH)",https://www.listcorp.com/asx/olh/oldfields-holdings-limited,"	8309310",0.039,0.00,0,Industrials
ASX:RGT,"Argent Biopharma Limited (ASX:RGT)",https://www.listcorp.com/asx/rgt/argent-biopharma-limited,"	8301060",0.15,0.03,30.43,"Health Care"
ASX:EPN,"Epsilon Healthcare Limited (ASX:EPN)",https://www.listcorp.com/asx/epn/epsilon-healthcare-limited,"	8288500",0.024,0.00,0,"Health Care"
ASX:PR2,"Piche Resources Limited (ASX:PR2)",https://www.listcorp.com/asx/pr2/piche-resources-limited,"	8265440",0.099,0.00,0,Unclassified
ASX:1CG,"One Click Group Limited (ASX:1CG)",https://www.listcorp.com/asx/1cg/one-click-group-limited,"	8245160",0.007,0.00,0,Industrials
ASX:RKT,"RocketDNA Limited (ASX:RKT)",https://www.listcorp.com/asx/rkt/rocketdna-limited,"	8239710",0.0095,0.00,5.56,"Information Technology"
ASX:CDT,"Castle Minerals Limited (ASX:CDT)",https://www.listcorp.com/asx/cdt/castle-minerals,"	8236680",0.07,-0.00,-1.41,Materials
ASX:GW1,"Greenwing Resources Ltd (ASX:GW1)",https://www.listcorp.com/asx/gw1/greenwing-resources-ltd,"	8221500",0.03,0.00,0,Materials
ASX:MRQ,"MRG Metals Limited (ASX:MRQ)",https://www.listcorp.com/asx/mrq/mrg-metals-limited,"	8179560",0.003,0.00,0,Materials
ASX:LLI,"Loyal Lithium Limited (ASX:LLI)",https://www.listcorp.com/asx/lli/loyal-lithium-limited,"	8159380",0.08,-0.00,-1.23,Materials
ASX:UYLD,"Global X S&P 500 Covered Call ETF (ASX:UYLD)",https://www.listcorp.com/asx/uyld/global-x-s-and-p-500-covered-call-etf,"	8145540",10.88,-0.02,-0.18,Unclassified
ASX:HMI,"Hiremii Limited (ASX:HMI)",https://www.listcorp.com/asx/hmi/hiremii-limited,"	8091350",0.055,0.00,0,Industrials
ASX:CUF,"CuFe Ltd (ASX:CUF)",https://www.listcorp.com/asx/cuf/cufe-ltd,"	8079450",0.007,0.00,16.67,Materials
ASX:CCO,"The Calmer Co International Limited (ASX:CCO)",https://www.listcorp.com/asx/cco/the-calmer-co-international-limited,"	8033240",0.003,0.00,0,"Consumer Staples"
ASX:PNN,"Power Minerals Limited (ASX:PNN)",https://www.listcorp.com/asx/pnn/power-minerals-limited,"	8023850",0.059,-0.00,-6.35,Materials
ASX:AHN,"Athena Resources Limited (ASX:AHN)",https://www.listcorp.com/asx/ahn/athena-resources-limited,"	8012810",0.004,0.00,0,Materials
ASX:NC1,"NiCo Resources Limited (ASX:NC1)",https://www.listcorp.com/asx/nc1/nico-resources-limited,"	8008140",0.068,-0.01,-6.85,Materials
ASX:BUX,"Buxton Resources Limited (ASX:BUX)",https://www.listcorp.com/asx/bux/buxton-resources-limited,"	8007280",0.033,0.00,10,Materials
ASX:ODE,"Odessa Minerals Limited (ASX:ODE)",https://www.listcorp.com/asx/ode/odessa-minerals-limited,"	7997660",0.0055,0.00,10,Materials
ASX:TRI,"TrivarX Limited (ASX:TRI)",https://www.listcorp.com/asx/tri/trivarx-limited,"	7982980",0.014,0.00,0,"Health Care"
ASX:KNG,"Kingsland Minerals Ltd (ASX:KNG)",https://www.listcorp.com/asx/kng/kingsland-minerals-ltd,"	7981700",0.11,0.00,0,Materials
ASX:C1X,"Cosmos Exploration Limited (ASX:C1X)",https://www.listcorp.com/asx/c1x/cosmos-exploration-limited,"	7966930",0.077,0.00,0,Materials
ASX:DAL,"Dalaroo Metals Ltd (ASX:DAL)",https://www.listcorp.com/asx/dal/dalaroo-metals-ltd,"	7966460",0.027,-0.01,-15.63,Materials
ASX:MNC,"Merino & Co Limited (ASX:MNC)",https://www.listcorp.com/asx/mnc/merino-and-co-limited,"	7961490",0.15,0.00,0,"Consumer Discretionary"
ASX:DM1,"Desert Metals Limited (ASX:DM1)",https://www.listcorp.com/asx/dm1/desert-metals-limited,"	7961160",0.018,0.00,0,Materials
ASX:FME,"Future Metals NL (ASX:FME)",https://www.listcorp.com/asx/fme/future-metals-nl,"	7906810",0.011,0.00,0,Materials
ASX:VR8,"Vanadium Resources Limited (ASX:VR8)",https://www.listcorp.com/asx/vr8/vanadium-resources-limited,"	7900090",0.015,0.00,7.14,Materials
ASX:MRI,"My Rewards International Limited (ASX:MRI)",https://www.listcorp.com/asx/mri/my-rewards-international-limited,"	7889320",0.009,0.00,0,Industrials
ASX:AYT,"Austin Metals Limited (ASX:AYT)",https://www.listcorp.com/asx/ayt/austin-metals-limited,"	7870960",0.005,0.00,0,Materials
ASX:EAT,"Entertainment Rewards Ltd (ASX:EAT)",https://www.listcorp.com/asx/eat/entertainment-rewards-ltd,"	7852720",0.006,0.00,0,"Communication Services"
ASX:CRR,"Critical Resources Limited (ASX:CRR)",https://www.listcorp.com/asx/crr/critical-resources-limited,"	7842660",0.0035,0.00,16.67,Materials
ASX:TON,"Triton Minerals Limited (ASX:TON)",https://www.listcorp.com/asx/ton/triton-minerals-limited,"	7841940",0.005,0.00,0,Materials
ASX:GES,"Genesis Resources Limited (ASX:GES)",https://www.listcorp.com/asx/ges/genesis-resources-limited,"	7828410",0.01,0.00,0,Materials
ASX:THR,"Thor Energy Plc (ASX:THR)",https://www.listcorp.com/asx/thr/thor-energy-plc,"	7818690",0.011,0.00,0,Materials
ASX:ICG,"Inca Minerals Limited (ASX:ICG)",https://www.listcorp.com/asx/icg/inca-minerals-limited,"	7793920",0.005,0.00,0,Materials
ASX:X2M,"X2M Connect Limited (ASX:X2M)",https://www.listcorp.com/asx/x2m/x2m-connect-limited,"	7763640",0.021,0.00,5,"Information Technology"
ASX:AD1,"AdNeo Limited (ASX:AD1)",https://www.listcorp.com/asx/ad1/adneo-limited,"	7759570",0.053,0.00,0,"Communication Services"
ASX:HTM,"High-Tech Metals Limited (ASX:HTM)",https://www.listcorp.com/asx/htm/high-tech-metals-limited,"	7733300",0.167484,0.00,0,Materials
ASX:WSI,"Weststar Industrial Limited (ASX:WSI)",https://www.listcorp.com/asx/wsi/weststar-industrial-limited,"	7725910",0.06,0.00,0,Materials
ASX:LPM,"Lithium Plus Minerals Ltd (ASX:LPM)",https://www.listcorp.com/asx/lpm/lithium-plus-minerals-ltd,"	7704720",0.057,-0.00,-1.72,Materials
ASX:PV1,"Provaris Energy Ltd (ASX:PV1)",https://www.listcorp.com/asx/pv1/provaris-energy-ltd,"	7678010",0.011,0.00,0,Energy
ASX:SRH,"Saferoads Holdings Limited (ASX:SRH)",https://www.listcorp.com/asx/srh/saferoads-holdings-limited,"	7648450",0.11,-0.06,-37.14,Industrials
ASX:VEN,"Vintage Energy Ltd (ASX:VEN)",https://www.listcorp.com/asx/ven/vintage-energy-ltd,"	7596890",0.0045,0.00,12.5,Energy
ASX:IVX,"Invion Limited (ASX:IVX)",https://www.listcorp.com/asx/ivx/invion-limited,"	7592880",0.1,0.00,2.04,"Health Care"
ASX:BDT,"BirdDog Technology Limited (ASX:BDT)",https://www.listcorp.com/asx/bdt/birddog-technology-limited,"	7589840",0.047,0.00,0,"Information Technology"
ASX:FRX,"Flexiroam Limited (ASX:FRX)",https://www.listcorp.com/asx/frx/flexiroam-limited,"	7586990",0.005,0.00,0,"Communication Services"
ASX:PAT,"Patriot Resources Limited (ASX:PAT)",https://www.listcorp.com/asx/pat/patriot-resources-limited,"	7585080",0.059,-0.00,-1.67,Materials
ASX:EOF,"Ecofibre Limited (ASX:EOF)",https://www.listcorp.com/asx/eof/ecofibre-limited,"	7577480",0.02,0.00,0,"Health Care"
ASX:RGL,"Riversgold Limited (ASX:RGL)",https://www.listcorp.com/asx/rgl/riversgold-limited,"	7576710",0.0045,0.00,0,Materials
ASX:QBTC,"Betashares Bitcoin ETF (ASX:QBTC)",https://www.listcorp.com/asx/qbtc/betashares-bitcoin-etf,"	7550400",31.65,0.19,0.6,Unclassified
ASX:BCA,"Black Canyon Limited (ASX:BCA)",https://www.listcorp.com/asx/bca/black-canyon-limited,"	7519740",0.05,-0.01,-13.79,Materials
ASX:NSB,"Neuroscientific Biopharmaceuticals Limited (ASX:NSB)",https://www.listcorp.com/asx/nsb/neuroscientific-biopharmaceuticals-limited,"	7519450",0.052,0.00,0,"Health Care"
ASX:GIB,"Gibb River Diamonds Limited (ASX:GIB)",https://www.listcorp.com/asx/gib/gibb-river-diamonds-limited,"	7507830",0.032,-0.00,-8.57,Materials
ASX:RLG,"RooLife Group Ltd (ASX:RLG)",https://www.listcorp.com/asx/rlg/roolife-group-ltd,"	7480160",0.004,-0.00,-20,"Communication Services"
ASX:IXC,"Invex Therapeutics Limited (ASX:IXC)",https://www.listcorp.com/asx/ixc/invex-therapeutics-limited,"	7440230",0.097,-0.00,-2.02,"Health Care"
ASX:CPN,"Caspin Resources Limited (ASX:CPN)",https://www.listcorp.com/asx/cpn/caspin-resources-limited,"	7404550",0.052,-0.00,-3.7,Materials
ASX:MMR,"MEC Resources Limited (ASX:MMR)",https://www.listcorp.com/asx/mmr/mec-resources-limited,"	7399060",0.004,0.00,0,Energy
ASX:EVG,"Evion Group NL (ASX:EVG)",https://www.listcorp.com/asx/evg/evion-group-nl,"	7393640",0.017,0.00,0,Materials
ASX:CAZ,"Cazaly Resources Limited (ASX:CAZ)",https://www.listcorp.com/asx/caz/cazaly-resources,"	7380850",0.016,0.00,0,Materials
ASX:ZMI,"Zinc of Ireland NL (ASX:ZMI)",https://www.listcorp.com/asx/zmi/zinc-of-ireland-nl,"	7371140",0.013,0.00,0,Materials
ASX:KGD,"Kula Gold Limited (ASX:KGD)",https://www.listcorp.com/asx/kgd/kula-gold-limited,"	7370030",0.0075,-0.00,-6.25,Materials
ASX:SCT,"Scout Security Limited (ASX:SCT)",https://www.listcorp.com/asx/sct/scout-security-limited,"	7346960",0.52003,0.00,0,"Consumer Discretionary"
ASX:LHM,"Land and Homes Group Limited (ASX:LHM)",https://www.listcorp.com/asx/lhm/land-and-homes-group-limited,"	7345720",0.007,0.00,0,"Real Estate"
ASX:APL,"Associate Global Partners Limited (ASX:APL)",https://www.listcorp.com/asx/apl/associate-global-partners-limited,"	7344020",0.13,0.00,0,Financials
ASX:KCC,"Kincora Copper Limited (ASX:KCC)",https://www.listcorp.com/asx/kcc/kincora-copper-limited,"	7342010",0.035,0.00,12.9,Materials
ASX:ECT,"Environmental Clean Technologies Limited (ASX:ECT)",https://www.listcorp.com/asx/ect/environmental-clean-technologies-limited,"	7293620",0.002,0.00,0,Industrials
ASX:SFG,"Seafarms Group Limited (ASX:SFG)",https://www.listcorp.com/asx/sfg/seafarms-group-limited,"	7254900",0.0015,0.00,0,"Consumer Staples"
ASX:SRN,"Surefire Resources NL (ASX:SRN)",https://www.listcorp.com/asx/srn/surefire-resources-nl,"	7248920",0.003,0.00,0,Materials
ASX:IVG,"Invert Graphite Limited (ASX:IVG)",https://www.listcorp.com/asx/ivg/invert-graphite-limited,"	7227230",0.032,0.00,0,Materials
ASX:SMM,"Somerset Minerals Limited (ASX:SMM)",https://www.listcorp.com/asx/smm/somerset-minerals-limited,"	7186470",0.0205,0.00,20.59,Materials
ASX:AXL,"Axel Ree Limited (ASX:AXL)",https://www.listcorp.com/asx/axl/axel-ree-limited,"	7158260",0.065,-0.01,-8.45,Unclassified
ASX:KM1,"Kali Metals Limited (ASX:KM1)",https://www.listcorp.com/asx/km1/kali-metals-limited,"	7140710",0.086,-0.00,-4.44,Materials
ASX:ALB,"Albion Resources Limited (ASX:ALB)",https://www.listcorp.com/asx/alb/albion-resources-limited,"	7124400",0.054,0.00,0,Materials
ASX:XGL,"Xamble Group Limited (ASX:XGL)",https://www.listcorp.com/asx/xgl/xamble-group-limited,"	7119300",0.021,0.00,0,"Communication Services"
ASX:SIV,"SIV Capital Limited (ASX:SIV)",https://www.listcorp.com/asx/siv/siv-capital-limited,"	7102930",0.15,0.00,0,Industrials
ASX:AX8,"Accelerate Resources Limited (ASX:AX8)",https://www.listcorp.com/asx/ax8/accelerate-resources-limited,"	7084700",0.009,0.00,0,Materials
ASX:T88,"Taiton Resources Limited (ASX:T88)",https://www.listcorp.com/asx/t88/taiton-resources-limited,"	7073450",0.095,0.00,0,Materials
ASX:ALY,"Alchemy Resources Limited (ASX:ALY)",https://www.listcorp.com/asx/aly/alchemy-resources-limited,"	7068460",0.006,0.00,0,Materials
ASX:NVQ,"NoviqTech  Limited (ASX:NVQ)",https://www.listcorp.com/asx/nvq/noviqtech-limited,"	7043020",0.03,0.00,7.14,"Information Technology"
ASX:EG1,"Evergreen Lithium Limited (ASX:EG1)",https://www.listcorp.com/asx/eg1/evergreen-lithium-limited,"	7004820",0.038,0.00,5.56,Materials
ASX:M2M,"Mt Malcolm Mines NL (ASX:M2M)",https://www.listcorp.com/asx/m2m/mt-malcolm-mines-nl,"	6936580",0.0275,0.00,1.85,Materials
ASX:VMG,"VDM Group Limited (ASX:VMG)",https://www.listcorp.com/asx/vmg/vdm-group-limited,"	6927660",0.001,0.00,0,Industrials
ASX:KNO,"Knosys Limited (ASX:KNO)",https://www.listcorp.com/asx/kno/knosys-limited,"	6916440",0.032,0.00,0,"Information Technology"
ASX:RAU,"Resouro Strategic Metals Inc. (ASX:RAU)",https://www.listcorp.com/asx/rau/resouro-strategic-metals-inc,"	6894990",0.165,0.00,0,Materials
ASX:AQX,"Alice Queen Limited (ASX:AQX)",https://www.listcorp.com/asx/aqx/alice-queen-limited,"	6881340",0.006,0.00,0,Materials
ASX:SGA,"Sarytogan Graphite Limited (ASX:SGA)",https://www.listcorp.com/asx/sga/sarytogan-graphite-limited,"	6877370",0.0385,0.00,1.32,Materials
ASX:OMX,"Orange Minerals NL (ASX:OMX)",https://www.listcorp.com/asx/omx/orange-minerals-nl,"	6853120",0.059,0.00,7.27,Materials
ASX:PPY,"Papyrus Australia Limited (ASX:PPY)",https://www.listcorp.com/asx/ppy/papyrus-australia-limited,"	6848180",0.012,0.00,0,Materials
ASX:ITEK,"iShares Future Tech Innovators ETF (ASX:ITEK)",https://www.listcorp.com/asx/itek/ishares-future-tech-innovators-etf,"	6828480",28.45,0.00,0,Unclassified
ASX:GLA,"Gladiator Resources Ltd (ASX:GLA)",https://www.listcorp.com/asx/gla/gladiator-resources,"	6824670",0.009,0.00,0,Materials
ASX:VSR,"Voltaic Strategic Resources Ltd (ASX:VSR)",https://www.listcorp.com/asx/vsr/-voltaic-strategic-resources-ltd,"	6810600",0.012,0.00,0,Materials
ASX:1MC,"Morella Corporation Limited (ASX:1MC)",https://www.listcorp.com/asx/1mc/morella-corporation-limited,"	6804510",0.019,0.00,0,Materials
ASX:ASR,"Asra Minerals Limited (ASX:ASR)",https://www.listcorp.com/asx/asr/asra-minerals-limited,"	6765120",0.0025,0.00,0,Materials
ASX:JPHQ,"JPMorgan US 100Q Equity Premium Income Active ETF (Managed Fund) (Hedged) (ASX:JPHQ)",https://www.listcorp.com/asx/jphq/jpmorgan-us-100q-equity-premium-income-active-etf-managed-fund-hedged,"	6762940",54.62,0.59,1.09,Unclassified
ASX:ITM,"iTech Minerals Ltd (ASX:ITM)",https://www.listcorp.com/asx/itm/itech-minerals,"	6748000",0.035,-0.00,-11.39,Materials
ASX:LAT,"Latitude 66 Limited (ASX:LAT)",https://www.listcorp.com/asx/lat/latitude-66-limited,"	6739830",0.047,0.00,0,Materials
ASX:VFX,"Visionflex Group Limited (ASX:VFX)",https://www.listcorp.com/asx/vfx/visionflex-group-limited,"	6735720",0.002,0.00,0,"Health Care"
ASX:MGU,"Magnum Mining & Exploration Limited (ASX:MGU)",https://www.listcorp.com/asx/mgu/magnum-mining-and-exploration-limited,"	6729900",0.006,0.00,0,Materials
ASX:PIL,"Peppermint Innovation Limited (ASX:PIL)",https://www.listcorp.com/asx/pil/peppermint-innovation-limited,"	6712920",0.0025,-0.00,-16.67,"Information Technology"
ASX:TMS,"Tennant Minerals Limited (ASX:TMS)",https://www.listcorp.com/asx/tms/tennant-minerals-limited,"	6691230",0.007,0.00,0,Materials
ASX:NYM,"Narryer Metals Limited (ASX:NYM)",https://www.listcorp.com/asx/nym/narryer-metals-limited,"	6690080",0.042,0.00,10.53,Materials
ASX:TMX,"Terrain Minerals Limited (ASX:TMX)",https://www.listcorp.com/asx/tmx/terrain-minerals-limited,"	6675670",0.003,0.00,0,Materials
ASX:SLA,"Solara Minerals Ltd (ASX:SLA)",https://www.listcorp.com/asx/sla/solara-minerals-ltd,"	6668260",0.115,0.00,0,Materials
ASX:BUR,"Burley Minerals Ltd (ASX:BUR)",https://www.listcorp.com/asx/bur/burley-minerals-ltd,"	6657210",0.04,-0.00,-2.44,Materials
ASX:SW1,"Swift Networks Group Limited (ASX:SW1)",https://www.listcorp.com/asx/sw1/swift-networks-group-limited,"	6636000",0.01,0.00,0,"Communication Services"
ASX:PFE,"Pantera Lithium Limited (ASX:PFE)",https://www.listcorp.com/asx/pfe/pantera-lithium-limited,"	6632970",0.014,0.00,0,Materials
ASX:L1M,"Lightning Minerals Ltd (ASX:L1M)",https://www.listcorp.com/asx/l1m/lightning-minerals-ltd,"	6613010",0.064,0.00,0,Materials
ASX:DVL,"dorsaVi Ltd (ASX:DVL)",https://www.listcorp.com/asx/dvl/dorsavi-ltd,"	6581140",0.008,-0.00,-11.11,"Health Care"
ASX:H2G,"GreenHy2 Limited (ASX:H2G)",https://www.listcorp.com/asx/h2g/greenhy2-limited,"	6580030",0.0115,0.00,4.55,Industrials
ASX:AXP,"AXP Energy Limited (ASX:AXP)",https://www.listcorp.com/asx/axp/axp-energy-limited,"	6574680",0.001,0.00,0,Energy
ASX:PL3,"Patagonia Lithium Limited (ASX:PL3)",https://www.listcorp.com/asx/pl3/patagonia-lithium-limited,"	6567570",0.055,0.00,0,Materials
ASX:NES,"Nelson Resources Limited (ASX:NES)",https://www.listcorp.com/asx/nes/nelson-resources-limited,"	6515780",0.003,0.00,0,Materials
ASX:KNM,"Kneomedia Limited (ASX:KNM)",https://www.listcorp.com/asx/knm/kneomedia-limited,"	6464250",0.001841,0.00,0,"Communication Services"
ASX:LOM,"Lucapa Diamond Company Limited (ASX:LOM)",https://www.listcorp.com/asx/lom/lucapa-diamond-company-limited,"	6450370",0.014,0.00,0,Materials
ASX:FCAP,"Fidelity Global Future Leaders Active ETF (ASX:FCAP)",https://www.listcorp.com/asx/fcap/fidelity-global-future-leaders-active-etf,"	6440500",11.7,-0.01,-0.09,Unclassified
ASX:MOZ,"Mosaic Brands Limited (ASX:MOZ)",https://www.listcorp.com/asx/moz/mosaic-brands-limited,"	6426230",0.036,0.00,0,"Consumer Discretionary"
ASX:SKUK,"Hejaz Sukuk Active ETF (Managed Fund) (ASX:SKUK)",https://www.listcorp.com/asx/skuk/hejaz-sukuk-active-etf-managed-fund,"	6399960",1.105,0.00,0.45,Unclassified
ASX:PSL,"Paterson Resources Limited (ASX:PSL)",https://www.listcorp.com/asx/psl/paterson-resources-limited,"	6384530",0.015,0.00,7.14,Materials
ASX:TAR,"Taruga Minerals Limited (ASX:TAR)",https://www.listcorp.com/asx/tar/taruga-minerals-limited,"	6354240",0.009,0.00,0,Materials
ASX:PRX,"Prodigy Gold NL (ASX:PRX)",https://www.listcorp.com/asx/prx/prodigy-gold-nl,"	6350110",0.002,0.00,0,Materials
ASX:ALM,"Alma Metals Limited (ASX:ALM)",https://www.listcorp.com/asx/alm/alma-metals-limited,"	6345380",0.004,0.00,0,Energy
ASX:BM8,"Battery Age Minerals Limited (ASX:BM8)",https://www.listcorp.com/asx/bm8/battery-age-minerals-limited,"	6313940",0.053,0.00,0,Materials
ASX:NWM,"Norwest Minerals Limited (ASX:NWM)",https://www.listcorp.com/asx/nwm/norwest-minerals-limited,"	6306550",0.013,0.00,0,Materials
ASX:OLL,"OpenLearning Limited (ASX:OLL)",https://www.listcorp.com/asx/oll/openlearning-limited,"	6274770",0.013,0.00,0,"Information Technology"
ASX:TEG,"Triangle Energy (Global) Limited (ASX:TEG)",https://www.listcorp.com/asx/teg/triangle-energy-global-limited,"	6267700",0.0025,-0.00,-16.67,Energy
ASX:ID8,"Identitii Limited (ASX:ID8)",https://www.listcorp.com/asx/id8/identitii-limited,"	6224110",0.008,0.00,0,"Information Technology"
ASX:FAU,"First Au Limited (ASX:FAU)",https://www.listcorp.com/asx/fau/first-au-limited,"	6215980",0.002,-0.00,-33.33,Materials
ASX:KTA,"Krakatoa Resources Limited (ASX:KTA)",https://www.listcorp.com/asx/kta/krakatoa-resources-limited,"	6201340",0.01,0.00,0,Materials
ASX:MTL,"Mantle Minerals Limited (ASX:MTL)",https://www.listcorp.com/asx/mtl/mantle-minerals-limited,"	6197450",0.001,0.00,0,Materials
ASX:KOB,"Koba Resources Limited (ASX:KOB)",https://www.listcorp.com/asx/kob/koba-resources-limited,"	6183900",0.043,0.00,10.26,Materials
ASX:ANX,"Anax Metals Limited (ASX:ANX)",https://www.listcorp.com/asx/anx/anax-metals-limited,"	6179650",0.0085,0.00,21.43,Materials
ASX:PAB,"Patrys Limited (ASX:PAB)",https://www.listcorp.com/asx/pab/patrys-limited,"	6172340",0.002,-0.00,-33.33,"Health Care"
ASX:HAR,"Haranga Resources Limited (ASX:HAR)",https://www.listcorp.com/asx/har/haranga-resources,"	6161360",0.054,0.00,0,Materials
ASX:LKY,"Locksley Resources Limited (ASX:LKY)",https://www.listcorp.com/asx/lky/locksley-resources-limited,"	6160000",0.044,0.00,4.76,Materials
ASX:LNU,"Linius Technologies Limited (ASX:LNU)",https://www.listcorp.com/asx/lnu/linius-technologies-limited,"	6151220",0.001,0.00,0,"Information Technology"
ASX:C29,"C29 Metals Limited (ASX:C29)",https://www.listcorp.com/asx/c29/c29-metals-limited,"	6096590",0.036,0.00,2.86,Materials
ASX:ENX,"Enegex Limited (ASX:ENX)",https://www.listcorp.com/asx/enx/enegex-limited,"	6094750",0.016,0.00,0,Materials
ASX:ERW,"Errawarra Resources Ltd (ASX:ERW)",https://www.listcorp.com/asx/erw/errawarra-resources-ltd,"	6084340",0.052,0.00,1.96,Materials
ASX:ADR,"Adherium Limited (ASX:ADR)",https://www.listcorp.com/asx/adr/adherium-limited,"	6065480",0.007,-0.00,-12.5,"Health Care"
ASX:CTN,"Catalina Resources Ltd (ASX:CTN)",https://www.listcorp.com/asx/ctn/catalina-resources-ltd,"	6065050",0.0025,0.00,0,Materials
ASX:HRE,"Heavy Rare Earths Limited (ASX:HRE)",https://www.listcorp.com/asx/hre/heavy-rare-earths-limited,"	6032980",0.03,0.00,3.45,Materials
ASX:JHPI,"JPMorgan Equity Premium Income Active ETF (Managed Fund) (Hedged) (ASX:JHPI)",https://www.listcorp.com/asx/jhpi/jpmorgan-equity-premium-income-active-etf-managed-fund-hedged,"	6021860",50.16,0.00,0,Unclassified
ASX:BFC,"Beston Global Food Company (ASX:BFC)",https://www.listcorp.com/asx/bfc/beston-global-food-company,"	5991140",0.003,0.00,0,"Consumer Staples"
ASX:G88,"Golden Mile Resources Limited (ASX:G88)",https://www.listcorp.com/asx/g88/golden-mile-resources-limited,"	5986730",0.013,0.00,18.18,Materials
ASX:SVY,"Stavely Minerals Limited (ASX:SVY)",https://www.listcorp.com/asx/svy/stavely-minerals-limited,"	5984460",0.011,0.00,0,Materials
ASX:SCP,"Scalare Partners Holdings Limited (ASX:SCP)",https://www.listcorp.com/asx/scp/scalare-partners-holdings-limited,"	5876340",0.145,0.00,0,"Consumer Staples"
ASX:ALV,"Alvo Minerals Limited (ASX:ALV)",https://www.listcorp.com/asx/alv/alvo-minerals-limited,"	5857940",0.05,0.00,0,Materials
ASX:CML,"Connected Minerals Limited (ASX:CML)",https://www.listcorp.com/asx/cml/connected-minerals-limited,"	5790150",0.14,0.00,0,"Information Technology"
ASX:UCM,"Uscom Limited (ASX:UCM)",https://www.listcorp.com/asx/ucm/uscom-limited,"	5760970",0.023,0.00,0,"Health Care"
ASX:LSR,"Lodestar Minerals Limited (ASX:LSR)",https://www.listcorp.com/asx/lsr/lodestar-minerals-limited,"	5731630",0.01,-0.01,-44.44,Materials
ASX:REY,"Rey Resources Limited (ASX:REY)",https://www.listcorp.com/asx/rey/rey-resources-limited,"	5712140",0.027,0.00,0,Energy
ASX:EM2,"Eagle Mountain Mining Limited (ASX:EM2)",https://www.listcorp.com/asx/em2/eagle-mountain-mining-limited,"	5675190",0.006,0.00,20,Materials
ASX:GTG,"Genetic Technologies Limited (ASX:GTG)",https://www.listcorp.com/asx/gtg/genetic-technologies-limited,"	5671270",0.039,0.00,0,"Health Care"
ASX:HJHI,"Hejaz High Income Active ETF (ASX:HJHI)",https://www.listcorp.com/asx/hjhi/hejaz-high-income-active-etf,"	5666660",1.045,0.01,0.97,Unclassified
ASX:UVA,"Uvre Limited (ASX:UVA)",https://www.listcorp.com/asx/uva/uvre-limited,"	5658800",0.094,0.00,0,Materials
ASX:GRE,"Greentech Metals Limited (ASX:GRE)",https://www.listcorp.com/asx/gre/greentech-metals-limited,"	5607120",0.049,-0.00,-2,Materials
ASX:W2V,"Way 2 VAT Ltd (ASX:W2V)",https://www.listcorp.com/asx/w2v/way-2-vat-ltd,"	5604000",0.006,0.00,0,"Information Technology"
ASX:PLN,"Pioneer Lithium Limited (ASX:PLN)",https://www.listcorp.com/asx/pln/pioneer-lithium-limited,"	5533020",0.11,-0.02,-15.38,Materials
ASX:CR3,"Core Energy Minerals Ltd (ASX:CR3)",https://www.listcorp.com/asx/cr3/core-energy-minerals-ltd,"	5527860",0.0135,-0.00,-3.57,Materials
ASX:AYM,"Australia United Mining Limited (ASX:AYM)",https://www.listcorp.com/asx/aym/australia-united-mining-limited,"	5527730",0.003,0.00,0,Materials
ASX:NFL,"Norfolk Metals Limited (ASX:NFL)",https://www.listcorp.com/asx/nfl/norfolk-metals-limited,"	5523650",0.135,0.00,0,Materials
ASX:FL1,"First Lithium Limited (ASX:FL1)",https://www.listcorp.com/asx/fl1/first-lithium-limited,"	5496100",0.07,0.00,1.45,Materials
ASX:VAR,"Variscan Mines Limited (ASX:VAR)",https://www.listcorp.com/asx/var/variscan-mines-limited,"	5480000",0.007,0.00,0,Materials
ASX:ATV,"ActivePort Group Limited (ASX:ATV)",https://www.listcorp.com/asx/atv/activeport-group-limited,"	5479820",0.007,-0.00,-12.5,"Information Technology"
ASX:CMO,"Cosmo Metals Limited (ASX:CMO)",https://www.listcorp.com/asx/cmo/cosmo-metals-limited,"	5476310",0.017,0.00,0,Materials
ASX:MBK,"Metal Bank Limited (ASX:MBK)",https://www.listcorp.com/asx/mbk/metal-bank,"	5472050",0.01,-0.00,-9.09,Materials
ASX:PVT,"Pivotal Metals Limited (ASX:PVT)",https://www.listcorp.com/asx/pvt/pivotal-metals-limited,"	5443360",0.007,0.00,16.67,Materials
ASX:VRL,"Verity Resources Limited (ASX:VRL)",https://www.listcorp.com/asx/vrl/verity-resources-limited,"	5438420",0.026,0.00,18.18,Materials
ASX:XPN,"XPON Technologies Group Limited (ASX:XPN)",https://www.listcorp.com/asx/xpn/xpon-technologies-group-limited,"	5436620",0.015,0.00,0,"Information Technology"
ASX:ADS,"Adslot Limited (ASX:ADS)",https://www.listcorp.com/asx/ads/adslot,"	5434660",0.001,0.00,0,"Information Technology"
ASX:LIO,"Lion Energy Limited (ASX:LIO)",https://www.listcorp.com/asx/lio/lion-energy-limited,"	5426010",0.012,0.00,0,Energy
ASX:SHP,"South Harz Potash Ltd (ASX:SHP)",https://www.listcorp.com/asx/shp/south-harz-potash-ltd,"	5412890",0.005,0.00,0,Materials
ASX:GLH,"Global Health Limited (ASX:GLH)",https://www.listcorp.com/asx/glh/global-health-limited,"	5388860",0.092,0.00,0,"Health Care"
ASX:RB6,"Rubix Resources Limited (ASX:RB6)",https://www.listcorp.com/asx/rb6/rubix-resources-limited,"	5346150",0.087,0.00,0,Materials
ASX:IRX,"InhaleRx Limited (ASX:IRX)",https://www.listcorp.com/asx/irx/inhalerx-limited,"	5336210",0.027,0.00,8,"Health Care"
ASX:ARC,"ARC Funds Limited (ASX:ARC)",https://www.listcorp.com/asx/arc/arc-funds-limited,"	5317000",0.115,0.00,0,Financials
ASX:CDR,"Codrus Minerals Limited (ASX:CDR)",https://www.listcorp.com/asx/cdr/codrus-minerals-limited,"	5292400",0.033,0.00,3.12,Materials
ASX:EVE,"Eve Health Group Limited (ASX:EVE)",https://www.listcorp.com/asx/eve/eve-health-group-limited,"	5274480",0.001,0.00,0,"Consumer Staples"
ASX:D3E,"D3 Energy Limited (ASX:D3E)",https://www.listcorp.com/asx/d3e/d3-energy-limited,"	5245350",0.066,0.00,0,Energy
ASX:ICN,"Icon Energy Limited (ASX:ICN)",https://www.listcorp.com/asx/icn/icon-energy-limited,"	5208080",0.006,0.00,0,Energy
ASX:RC1,"Redcastle Resources Limited (ASX:RC1)",https://www.listcorp.com/asx/rc1/redcastle-resources-limited,"	5204970",0.007,0.00,0,Materials
ASX:KLI,"Killi Resources Limited (ASX:KLI)",https://www.listcorp.com/asx/kli/killi-resources-limited,"	5188280",0.035,-0.00,-5.41,Materials
ASX:14D,"1414 Degrees Limited (ASX:14D)",https://www.listcorp.com/asx/14d/1414-degrees-limited,"	5180020",0.018,0.00,0,Industrials
ASX:MDI,"Middle Island Resources (ASX:MDI)",https://www.listcorp.com/asx/mdi/middle-island-resources,"	5132630",0.017,-0.00,-5.56,Materials
ASX:ZMM,"Zimi Limited (ASX:ZMM)",https://www.listcorp.com/asx/zmm/zimi-limited,"	5130530",0.012,0.00,0,"Information Technology"
ASX:IEQ,"International Equities Corporation Ltd (ASX:IEQ)",https://www.listcorp.com/asx/ieq/international-equities-corporation,"	5128940",0.04,0.00,0,"Real Estate"
ASX:ZLD,"Zelira Therapeutics Limited (ASX:ZLD)",https://www.listcorp.com/asx/zld/zelira-therapeutics-limited,"	5115780",0.45,0.02,4.65,"Health Care"
ASX:MML,"McLaren Minerals Limited (ASX:MML)",https://www.listcorp.com/asx/mml/mclaren-minerals-limited,"	5094630",0.036,0.00,0,Materials
ASX:OZZ,"OZZ Resources Limited (ASX:OZZ)",https://www.listcorp.com/asx/ozz/ozz-resources-limited,"	5089160",0.055,0.00,0,Materials
ASX:CAQ,"CAQ Holdings Limited (ASX:CAQ)",https://www.listcorp.com/asx/caq/caq-holdings-limited,"	5024500",0.007,0.00,0,"Real Estate"
ASX:SRI,"Sipa Resources Limited (ASX:SRI)",https://www.listcorp.com/asx/sri/sipa-resources-limited,"	4996780",0.012,0.00,0,Materials
ASX:RML,"Resolution Minerals Ltd (ASX:RML)",https://www.listcorp.com/asx/rml/resolution-minerals-ltd,"	4994980",0.0095,0.00,0,Materials
ASX:OD6,"OD6 Metals Limited (ASX:OD6)",https://www.listcorp.com/asx/od6/od6-metals-limited,"	4974510",0.03,-0.00,-3.23,Materials
ASX:SP3,"Spectur Limited (ASX:SP3)",https://www.listcorp.com/asx/sp3/spectur-limited,"	4930400",0.015,-0.00,-6.25,"Information Technology"
ASX:FUL,"Fulcrum Lithium Ltd (ASX:FUL)",https://www.listcorp.com/asx/ful/fulcrum-lithium-ltd,"	4907500",0.065,0.00,0,Materials
ASX:LNR,"Lanthanein Resources Limited (ASX:LNR)",https://www.listcorp.com/asx/lnr/lanthanein-resources-limited,"	4887270",0.002,0.00,0,Materials
ASX:EEL,"ENRG Elements Limited (ASX:EEL)",https://www.listcorp.com/asx/eel/enrg-elements-limited,"	4880670",0.0015,0.00,0,Materials
ASX:HWK,"Hawk Resources Limited (ASX:HWK)",https://www.listcorp.com/asx/hwk/hawk-resources-limited,"	4876730",0.019,0.00,5.56,Materials
ASX:FIN,"Fin Resources Limited (ASX:FIN)",https://www.listcorp.com/asx/fin/fin-resources-limited,"	4864220",0.007,0.00,0,Materials
ASX:AMS,"Atomos Limited (ASX:AMS)",https://www.listcorp.com/asx/ams/atomos-limited,"	4860070",0.004,0.00,0,"Consumer Discretionary"
ASX:DDT,"DataDot Technology Limited (ASX:DDT)",https://www.listcorp.com/asx/ddt/datadot-technology-limited,"	4843810",0.004,0.00,0,"Consumer Discretionary"
ASX:EMU,"Emu NL (ASX:EMU)",https://www.listcorp.com/asx/emu/emu-nl,"	4840040",0.025,0.00,0,Materials
ASX:GLL,"Galilee Energy Limited (ASX:GLL)",https://www.listcorp.com/asx/gll/galilee-energy-limited,"	4833680",0.007,0.00,0,Energy
ASX:FNR,"Far Northern Resources Limited (ASX:FNR)",https://www.listcorp.com/asx/fnr/far-northern-resources-limited,"	4831900",0.12,0.00,0,Materials
ASX:I88,"Infini Resources Limited (ASX:I88)",https://www.listcorp.com/asx/i88/infini-resources-limited,"	4818040",0.087,-0.00,-5.43,Materials
ASX:WYX,"Western Yilgarn NL (ASX:WYX)",https://www.listcorp.com/asx/wyx/western-yilgarn-nl,"	4814640",0.035,0.00,0,Materials
ASX:BMH,"Baumart Holdings Limited (ASX:BMH)",https://www.listcorp.com/asx/bmh/baumart-holdings-limited,"	4812910",0.033251,0.00,0,Industrials
ASX:JNO,"Juno Minerals Limited (ASX:JNO)",https://www.listcorp.com/asx/jno/juno-minerals-limited,"	4812450",0.023,0.00,0,Materials
ASX:ASQ,"Australian Silica Quartz Group Ltd (ASX:ASQ)",https://www.listcorp.com/asx/asq/australian-silica-quartz-group-ltd,"	4791630",0.016,-0.00,-5.88,Materials
ASX:HPP,"Health and Plant Protein Group Limited (ASX:HPP)",https://www.listcorp.com/asx/hpp/health-and-plant-protein-group-limited,"	4765940",0.042,0.00,0,"Consumer Staples"
ASX:AFA,"ASF Group Limited (ASX:AFA)",https://www.listcorp.com/asx/afa/asf-group-limited,"	4754380",0.006,0.00,0,Financials
ASX:E79,"E79 Gold Mines Limited (ASX:E79)",https://www.listcorp.com/asx/e79/e79-gold-mines-limited,"	4752380",0.027,-0.00,-10,Materials
ASX:MGA,"MetalsGrove Mining Ltd (ASX:MGA)",https://www.listcorp.com/asx/mga/metalsgrove-mining-ltd,"	4743900",0.045,0.00,0,Materials
ASX:BSA,"BSA Limited (ASX:BSA)",https://www.listcorp.com/asx/bsa/bsa-limited,"	4743830",0.063,0.00,0,Industrials
ASX:GTH,"Gathid Limited (ASX:GTH)",https://www.listcorp.com/asx/gth/gathid-limited,"	4743450",0.018,0.00,0,"Information Technology"
ASX:MHM,"Mount Hope Mining Limited (ASX:MHM)",https://www.listcorp.com/asx/mhm/mount-hope-mining-limited,"	4731950",0.17,0.00,0,Unclassified
ASX:TOY,"Toys R Us ANZ Limited (ASX:TOY)",https://www.listcorp.com/asx/toy/toys-r-us-anz-limited,"	4689130",0.031,0.00,0,"Consumer Discretionary"
ASX:AUA,"Audeara Limited (ASX:AUA)",https://www.listcorp.com/asx/aua/audeara-limited,"	4678290",0.026,0.00,0,"Consumer Discretionary"
ASX:EQS,"Equity Story Group Limited (ASX:EQS)",https://www.listcorp.com/asx/eqs/equity-story-group-limited,"	4670970",0.028,0.00,0,Financials
ASX:LVE,"Love Group Global Limited (ASX:LVE)",https://www.listcorp.com/asx/lve/love-group-global-limited,"	4661430",0.115,0.00,0,"Communication Services"
ASX:BIM,"Bindi Metals Limited (ASX:BIM)",https://www.listcorp.com/asx/bim/bindi-metals-limited,"	4660000",0.08,0.00,0,Materials
ASX:AM5,"Antares Metals Limited (ASX:AM5)",https://www.listcorp.com/asx/am5/antares-metals-limited,"	4633680",0.009,0.00,0,Materials
ASX:BGT,"Bio-Gene Technology Limited (ASX:BGT)",https://www.listcorp.com/asx/bgt/bio-gene-technology,"	4631320",0.023,0.00,0,Materials
ASX:RDS,"Redstone Resources (ASX:RDS)",https://www.listcorp.com/asx/rds/redstone-resources,"	4626890",0.005,0.00,0,Materials
ASX:MEG,"Megado Minerals Limited (ASX:MEG)",https://www.listcorp.com/asx/meg/megado-minerals-limited,"	4616520",0.011,0.00,0,Materials
ASX:HFY,"Hubify Limited (ASX:HFY)",https://www.listcorp.com/asx/hfy/hubify-limited,"	4600230",0.009,0.00,0,"Communication Services"
ASX:QXR,"QX Resources Limited (ASX:QXR)",https://www.listcorp.com/asx/qxr/qx-resources-limited,"	4586150",0.005,0.00,42.86,Materials
ASX:ADD,"Adavale Resources Limited (ASX:ADD)",https://www.listcorp.com/asx/add/adavale-resources,"	4574560",0.002,0.00,0,Materials
ASX:PNT,"Panther Metals Ltd (ASX:PNT)",https://www.listcorp.com/asx/pnt/panther-metals-ltd,"	4513570",0.015,0.00,0,Materials
ASX:ABE,"Australian Bond Exchange Holdings Limited (ASX:ABE)",https://www.listcorp.com/asx/abe/australian-bond-exchange-holdings-limited,"	4506720",0.04,0.00,0,Financials
ASX:GRL,"Godolphin Resources Limited (ASX:GRL)",https://www.listcorp.com/asx/grl/godolphin-resources-limited,"	4488730",0.01,0.00,0,Materials
ASX:ZEU,"Zeus Resources Limited (ASX:ZEU)",https://www.listcorp.com/asx/zeu/zeus-resources-limited,"	4484710",0.007,0.00,0,Energy
ASX:THB,"Thunderbird Resources Limited (ASX:THB)",https://www.listcorp.com/asx/thb/thunderbird-resources-limited,"	4436900",0.012,0.00,0,Materials
ASX:OZXX,"Global  X  Australia  ex  Financials  & Resources ETF (ASX:OZXX)",https://www.listcorp.com/asx/ozxx/global-x-australia-ex-financials-and-resources-etf,"	4430810",11.07,0.00,0,Unclassified
ASX:PLC,"Premier1 Lithium Limited (ASX:PLC)",https://www.listcorp.com/asx/plc/premier1-lithium-limited,"	4416730",0.011,-0.00,-8.33,Materials
ASX:MEL,"Metgasco Limited (ASX:MEL)",https://www.listcorp.com/asx/mel/metgasco-limited,"	4372760",0.003,0.00,0,Energy
ASX:MQR,"Marquee Resources Limited (ASX:MQR)",https://www.listcorp.com/asx/mqr/marquee-resources-limited,"	4369320",0.009,0.00,0,Materials
ASX:BYH,"Bryah Resources Limited (ASX:BYH)",https://www.listcorp.com/asx/byh/bryah-resources-limited,"	4349770",0.004,-0.00,-20,Materials
ASX:BHD,"Benjamin Hornigold Limited (ASX:BHD)",https://www.listcorp.com/asx/bhd/benjamin-hornigold-limited,"	4347940",0.18,0.00,0,Financials
ASX:FFF,"Forbidden Foods Limited (ASX:FFF)",https://www.listcorp.com/asx/fff/forbidden-foods-limited,"	4272610",0.0065,0.00,8.33,"Consumer Staples"
ASX:RBX,"Resource Base Limited (ASX:RBX)",https://www.listcorp.com/asx/rbx/resource-base-limited,"	4261830",0.037,0.00,0,Materials
ASX:BOD,"Bod Science Limited (ASX:BOD)",https://www.listcorp.com/asx/bod/bod-science-limited,"	4256120",0.024,0.00,0,"Health Care"
ASX:NPM,"New Peak Metals Limited (ASX:NPM)",https://www.listcorp.com/asx/npm/new-peak-metals-limited,"	4186930",0.013,0.00,0,Materials
ASX:DGR,"DGR Global Limited (ASX:DGR)",https://www.listcorp.com/asx/dgr/dgr-global-limited,"	4174780",0.004,0.00,0,Materials
ASX:OLY,"Olympio Metals Limited (ASX:OLY)",https://www.listcorp.com/asx/oly/olympio-metals-limited,"	4139160",0.047,0.00,0,Materials
ASX:OCN,"Oceana Lithium Limited (ASX:OCN)",https://www.listcorp.com/asx/ocn/oceana-lithium-limited,"	4124890",0.03,0.00,0,Materials
ASX:REC,"Recharge Metals Limited (ASX:REC)",https://www.listcorp.com/asx/rec/recharge-metals-limited,"	4111840",0.016,0.00,0,Materials
ASX:EDE,"Eden Innovations Ltd (ASX:EDE)",https://www.listcorp.com/asx/ede/eden-innovations,"	4109880",0.002,0.00,100,Energy
ASX:SHE,"Stonehorse Energy Limited (ASX:SHE)",https://www.listcorp.com/asx/she/stonehorse-energy-limited,"	4106610",0.006,0.00,0,Energy
ASX:RCR,"Rincon Resources Limited (ASX:RCR)",https://www.listcorp.com/asx/rcr/rincon-resources-limited,"	4095870",0.013,-0.00,-7.14,Materials
ASX:HYD,"Hydrix Limited (ASX:HYD)",https://www.listcorp.com/asx/hyd/hydrix-limited,"	4091530",0.015,0.00,0,"Information Technology"
ASX:GGX,"Gas2Grid Limited (ASX:GGX)",https://www.listcorp.com/asx/ggx/gas2grid,"	4077100",0.001,0.00,0,Energy
ASX:OPL,"Opyl Limited (ASX:OPL)",https://www.listcorp.com/asx/opl/opyl-limited,"	4052340",0.022,0.00,4.76,"Information Technology"
ASX:A8G,"Australasian Metals Limited (ASX:A8G)",https://www.listcorp.com/asx/a8g/australasian-metals-limited,"	4052280",0.064,-0.01,-8.57,Materials
ASX:NNG,"NEXION Group Ltd (ASX:NNG)",https://www.listcorp.com/asx/nng/nexion-group-ltd,"	4046160",0.02,0.00,0,"Information Technology"
ASX:AKN,"Auking Mining Limited (ASX:AKN)",https://www.listcorp.com/asx/akn/auking-mining-limited,"	4023450",0.006,-0.00,-14.29,Materials
ASX:MHC,"Manhattan Corporation Limited (ASX:MHC)",https://www.listcorp.com/asx/mhc/manhattan-corporation-limited,"	3993280",0.024,0.01,41.18,Materials
ASX:BIT,"Biotron Limited (ASX:BIT)",https://www.listcorp.com/asx/bit/biotron,"	3981740",0.003,0.00,0,"Health Care"
ASX:QETH,"Betashares Ethereum ETF (ASX:QETH)",https://www.listcorp.com/asx/qeth/betashares-ethereum-etf,"	3973200",27.21,3.13,13,Unclassified
ASX:AUG,"Augustus Minerals Limited (ASX:AUG)",https://www.listcorp.com/asx/aug/augustus-minerals-limited,"	3933320",0.029,-0.00,-12.12,Materials
ASX:LU7,"Lithium Universe Limited (ASX:LU7)",https://www.listcorp.com/asx/lu7/lithium-universe-limited,"	3929900",0.005,0.00,0,Materials
ASX:BLZ,"Blaze Minerals Limited (ASX:BLZ)",https://www.listcorp.com/asx/blz/blaze-minerals-limited,"	3917370",0.0025,0.00,0,Energy
ASX:PR1,"Pure Resources Limited (ASX:PR1)",https://www.listcorp.com/asx/pr1/pure-resources-limited,"	3910750",0.085,0.00,0,Materials
ASX:R8R,"Regener8 Resources NL (ASX:R8R)",https://www.listcorp.com/asx/r8r/regener8-resources-nl,"	3900300",0.12,0.00,0,Materials
ASX:ICR,"Intelicare Holdings Limited (ASX:ICR)",https://www.listcorp.com/asx/icr/intelicare-holdings-limited,"	3889500",0.008,0.00,0,"Health Care"
ASX:TG1,"TechGen Metals Limited (ASX:TG1)",https://www.listcorp.com/asx/tg1/techgen-metals-limited,"	3887310",0.026,0.00,6.12,Materials
ASX:RNX,"Renegade Exploration Limited (ASX:RNX)",https://www.listcorp.com/asx/rnx/renegade-exploration-limited,"	3865090",0.003,0.00,0,Materials
ASX:HPC,"The Hydration Pharmaceuticals Company Limited (ASX:HPC)",https://www.listcorp.com/asx/hpc/the-hyrdation-pharmaceuticals-company-limited,"	3833010",0.009,-0.00,-10,"Consumer Staples"
ASX:8IH,"8I Holdings Limited (ASX:8IH)",https://www.listcorp.com/asx/8ih/8i-holdings-limited,"	3829770",0.009,-0.00,-18.18,Financials
ASX:IMLC,"Investors Mutual Concentrated Australian Share Fund (Quoted Managed Fund) (ASX:IMLC)",https://www.listcorp.com/asx/imlc/investors-mutual-concentrated-australian-share-fund-quoted-managed-fund,"	3822210",4.15,0.00,0,Unclassified
ASX:AER,"Aeeris Ltd (ASX:AER)",https://www.listcorp.com/asx/aer/aeeris-ltd,"	3819340",0.052,0.00,0,"Communication Services"
ASX:AUR,"Auris Minerals Limited (ASX:AUR)",https://www.listcorp.com/asx/aur/auris-minerals-limited,"	3813010",0.008,0.00,0,Materials
ASX:IMI,"Infinity Mining Limited (ASX:IMI)",https://www.listcorp.com/asx/imi/infinity-mining-limited,"	3807140",0.009,0.00,0,Materials
ASX:BGE,"Bridge SaaS Limited (ASX:BGE)",https://www.listcorp.com/asx/bge/bridge-saas-limited,"	3797320",0.019,0.00,0,"Information Technology"
ASX:SMS,"Star Minerals Limited (ASX:SMS)",https://www.listcorp.com/asx/sms/star-minerals-limited,"	3795170",0.024,-0.00,-4,Materials
ASX:ACS,"Accent Resources NL (ASX:ACS)",https://www.listcorp.com/asx/acs/accent-resources,"	3785020",0.008,0.00,0,Materials
ASX:TTI,"Traffic Technologies Limited (ASX:TTI)",https://www.listcorp.com/asx/tti/traffic-technologies-limited,"	3771440",0.003,0.00,0,Industrials
ASX:EXL,"Elixinol Wellness Limited (ASX:EXL)",https://www.listcorp.com/asx/exl/elixinol-wellness-limited,"	3753940",0.018,0.00,5.88,"Consumer Staples"
ASX:RMX,"Red Mountain Mining Limited (ASX:RMX)",https://www.listcorp.com/asx/rmx/red-mountain-mining-limited,"	3719660",0.007,-0.00,-12.5,Materials
ASX:PKO,"Peako Limited (ASX:PKO)",https://www.listcorp.com/asx/pko/peako-limited,"	3719360",0.0025,0.00,0,Materials
ASX:PUR,"Pursuit Minerals Limited (ASX:PUR)",https://www.listcorp.com/asx/pur/pursuit-minerals-limited,"	3690160",0.038,0.00,2.7,Materials
ASX:SLB,"Stelar Metals Limited (ASX:SLB)",https://www.listcorp.com/asx/slb/stelar-metals-limited,"	3686360",0.057,-0.00,-1.72,Materials
ASX:TEM,"Tempest Minerals Limited (ASX:TEM)",https://www.listcorp.com/asx/tem/tempest-minerals-limited,"	3672650",0.0045,-0.00,-10,Materials
ASX:SMX,"Strata Minerals Limited (ASX:SMX)",https://www.listcorp.com/asx/smx/strata-minerals-limited,"	3662230",0.016,0.00,6.67,Materials
ASX:CBY,"Canterbury Resources Limited (ASX:CBY)",https://www.listcorp.com/asx/cby/canterbury-resources-limited,"	3643940",0.02,0.00,11.11,Materials
ASX:PPG,"Pro-Pac Packaging Limited (ASX:PPG)",https://www.listcorp.com/asx/ppg/pro-pac-packaging-limited,"	3633750",0.02,0.00,0,Materials
ASX:BCT,"Bluechiip Limited (ASX:BCT)",https://www.listcorp.com/asx/bct/bluechiip,"	3616880",0.003,0.00,0,"Information Technology"
ASX:FMR,"FMR Resources Limited (ASX:FMR)",https://www.listcorp.com/asx/fmr/fmr-resources-limited,"	3598100",0.175,0.00,2.94,"Communication Services"
ASX:DTM,"Dart Mining NL (ASX:DTM)",https://www.listcorp.com/asx/dtm/dart-mining,"	3594170",0.004,0.00,33.33,Materials
ASX:MIO,"Macarthur Minerals Limited (ASX:MIO)",https://www.listcorp.com/asx/mio/macarthur-minerals-limited,"	3593980",0.02,0.00,11.11,Materials
ASX:SVNP,"Savana US Small Caps Active ETF (ASX:SVNP)",https://www.listcorp.com/asx/svnp/savana-us-small-caps-active-etf,"	3556160",1.23,0.01,0.82,Unclassified
ASX:GED,"Golden Deeps Limited (ASX:GED)",https://www.listcorp.com/asx/ged/golden-deeps-limited,"	3542510",0.018,-0.00,-10,Materials
ASX:M24,"Mamba Exploration Limited (ASX:M24)",https://www.listcorp.com/asx/m24/mamba-exploration-limited,"	3541990",0.013,0.00,8.33,Materials
ASX:CL8,"CL8 Holdings Limited (ASX:CL8)",https://www.listcorp.com/asx/cl8/cl8-holdings-limited,"	3488820",0.013,0.00,0,Industrials
ASX:MRZ,"Mont Royal Resources Limited (ASX:MRZ)",https://www.listcorp.com/asx/mrz/mont-royal-resources-limited,"	3486220",0.041,0.00,0,Materials
ASX:LMS,"Litchfield Minerals Limited (ASX:LMS)",https://www.listcorp.com/asx/lms/litchfield-minerals-limited,"	3485530",0.12,0.00,0,Unclassified
ASX:AN1,"Anagenics Limited (ASX:AN1)",https://www.listcorp.com/asx/an1/anagenics-limited,"	3474240",0.006,-0.00,-14.29,"Consumer Staples"
ASX:CMB,"Cambium Bio Limited (ASX:CMB)",https://www.listcorp.com/asx/cmb/cambium-bio-limited,"	3473710",0.19,0.00,0,"Health Care"
ASX:VBS,"Vectus Biosystems Limited (ASX:VBS)",https://www.listcorp.com/asx/vbs/vectus-biosystems-limited,"	3463090",0.07,0.00,7.69,"Health Care"
ASX:EFE,"Eastern Resources Limited (ASX:EFE)",https://www.listcorp.com/asx/efe/eastern-resources-limited,"	3404430",0.026,-0.00,-3.7,Materials
ASX:YAR,"Yari Minerals Limited (ASX:YAR)",https://www.listcorp.com/asx/yar/yari-minerals-limited,"	3376500",0.007,0.00,0,Materials
ASX:GR8,"Great Dirt Resources Limited (ASX:GR8)",https://www.listcorp.com/asx/gr8/great-dirt-resources-limited,"	3375400",0.115,0.00,0,Materials
ASX:8CO,"8common Limited (ASX:8CO)",https://www.listcorp.com/asx/8co/8common-limited,"	3361420",0.015,0.00,0,"Information Technology"
ASX:NRZ,"NeuRizer Ltd (ASX:NRZ)",https://www.listcorp.com/asx/nrz/neurizer-ltd,"	3358000",0.001,0.00,0,Materials
ASX:SER,"Strategic Energy Resources Limited (ASX:SER)",https://www.listcorp.com/asx/ser/strategic-energy-resources-limited,"	3355170",0.005,0.00,0,Materials
ASX:CMX,"ChemX Materials Limited (ASX:CMX)",https://www.listcorp.com/asx/cmx/chemx-materials-limited,"	3354580",0.026,0.00,0,Materials
ASX:HAL,"Halo Technologies Holdings Limited (ASX:HAL)",https://www.listcorp.com/asx/hal/halo-technologies-holdings,"	3344550",0.024,-0.00,-7.69,Financials
ASX:NZS,"New Zealand Coastal Seafoods (ASX:NZS)",https://www.listcorp.com/asx/nzs/new-zealand-coastal-seafoods,"	3334020",0.002,0.00,0,"Consumer Staples"
ASX:OXT,"Orexplore Technologies Limited (ASX:OXT)",https://www.listcorp.com/asx/oxt/orexplore-technologies-limited,"	3322070",0.017,0.00,0,Industrials
ASX:SUM,"Summit Minerals Limited (ASX:SUM)",https://www.listcorp.com/asx/sum/summit-minerals-limited,"	3310860",0.038,0.00,0,Materials
ASX:LYK,"Lykos Metals Limited (ASX:LYK)",https://www.listcorp.com/asx/lyk/lykos-metals-limited,"	3296220",0.014,0.00,0,Materials
ASX:TD1,"TALI Digital Limited (ASX:TD1)",https://www.listcorp.com/asx/td1/tali-digital-limited,"	3295160",0.001,0.00,0,"Health Care"
ASX:CPM,"Cooper Metals Limited (ASX:CPM)",https://www.listcorp.com/asx/cpm/cooper-metals-limited,"	3290940",0.037,-0.00,-11.9,Materials
ASX:ADC,"ACDC Metals Limited (ASX:ADC)",https://www.listcorp.com/asx/adc/acdc-metals-limited,"	3290110",0.044,0.00,0,Materials
ASX:HT8,"Harris Technology Group (ASX:HT8)",https://www.listcorp.com/asx/ht8/harris-technology-group,"	3289650",0.01,0.00,0,"Consumer Discretionary"
ASX:EV1,"Evolution Energy Minerals Limited (ASX:EV1)",https://www.listcorp.com/asx/ev1/evolution-energy-minerals-limited,"	3263850",0.009,0.00,0,Materials
ASX:T92,"Terra Uranium Limited (ASX:T92)",https://www.listcorp.com/asx/t92/terra-uranium-limited,"	3261290",0.032,0.00,0,Energy
ASX:CDE,"Codeifai Limited (ASX:CDE)",https://www.listcorp.com/asx/cde/codeifai-limited,"	3260310",0.001,0.00,0,Industrials
ASX:SIT,"Site Group International Limited (ASX:SIT)",https://www.listcorp.com/asx/sit/site-group-international-limited,"	3257490",0.001,0.00,0,"Consumer Discretionary"
ASX:YOW,"Yowie Group Ltd (ASX:YOW)",https://www.listcorp.com/asx/yow/yowie-group-ltd,"	3211150",0.014,0.00,0,"Consumer Staples"
ASX:BTM,"Breakthrough Mineral Limited (ASX:BTM)",https://www.listcorp.com/asx/btm/breakthrough-mineral-limited,"	3206590",0.068,0.00,1.49,Materials
ASX:TML,"Timah Resources Limited (ASX:TML)",https://www.listcorp.com/asx/tml/timah-resources-limited,"	3195350",0.036,0.00,0,Utilities
ASX:EE1,"Earths Energy Limited (ASX:EE1)",https://www.listcorp.com/asx/ee1/earths-energy-limited,"	3179780",0.006,0.00,0,Materials
ASX:IPB,"IPB Petroleum Limited (ASX:IPB)",https://www.listcorp.com/asx/ipb/ipb-petroleum-limited,"	3178810",0.0045,0.00,0,Energy
ASX:SBR,"Sabre Resources Limited (ASX:SBR)",https://www.listcorp.com/asx/sbr/sabre-resources-limited,"	3155700",0.008,0.00,0,Materials
ASX:BP8,"BPH Global Ltd (ASX:BP8)",https://www.listcorp.com/asx/bp8/bph-global-ltd,"	3152950",0.003,0.00,0,"Health Care"
ASX:DTI,"DTI Group (ASX:DTI)",https://www.listcorp.com/asx/dti/dti-group,"	3139860",0.007,0.00,0,"Information Technology"
ASX:SNX,"Sierra Nevada Gold Inc. (ASX:SNX)",https://www.listcorp.com/asx/snx/sierra-nevada-gold-inc.,"	3128520",0.02,0.00,5.26,Materials
ASX:BUY,"Bounty Oil & Gas NL (ASX:BUY)",https://www.listcorp.com/asx/buy/bounty-oil-and-gas,"	3122940",0.002,0.00,0,Energy
ASX:RBR,"RBR Group Limited (ASX:RBR)",https://www.listcorp.com/asx/rbr/rbr-group-limited,"	3120280",0.001,0.00,0,Materials
ASX:NGS,"Nutritional Growth Solutions Ltd (ASX:NGS)",https://www.listcorp.com/asx/ngs/nutritional-growth-solutions,"	3116100",0.023,0.00,0,"Consumer Staples"
ASX:PBL,"Parabellum Resources Limited (ASX:PBL)",https://www.listcorp.com/asx/pbl/parabellum-resources-limited,"	3115000",0.047,-0.00,-6,Materials
ASX:AS2,"Askari Metals Limited (ASX:AS2)",https://www.listcorp.com/asx/as2/askari-metals-limited,"	3112530",0.01,0.00,0,Materials
ASX:RLL,"Rapid Lithium Limited (ASX:RLL)",https://www.listcorp.com/asx/rll/rapid-lithium-limited,"	3112360",0.0025,0.00,0,Materials
ASX:WC1,"West Cobar Metals Limited (ASX:WC1)",https://www.listcorp.com/asx/wc1/west-cobar-metals-limited,"	3110690",0.015,0.00,0,Materials
ASX:MPR,"MPower Group Limited (ASX:MPR)",https://www.listcorp.com/asx/mpr/mpower-group-limited,"	3093330",0.009,0.00,0,Financials
ASX:CTQ,"Careteq Limited (ASX:CTQ)",https://www.listcorp.com/asx/ctq/careteq-limited,"	3082540",0.013,0.00,0,"Health Care"
ASX:AUH,"AustChina Holdings Limited (ASX:AUH)",https://www.listcorp.com/asx/auh/austchina-holdings-limited,"	3025380",0.001,0.00,0,Energy
ASX:PKD,"Parkd Ltd (ASX:PKD)",https://www.listcorp.com/asx/pkd/parkd-ltd,"	3016400",0.03,0.00,3.45,Industrials
ASX:ERG,"Eneco Refresh Ltd (ASX:ERG)",https://www.listcorp.com/asx/erg/eneco-refresh-ltd,"	2995940",0.011,0.00,0,"Consumer Staples"
ASX:M2R,"Miramar Resources Limited (ASX:M2R)",https://www.listcorp.com/asx/m2r/miramar-resources-limited,"	2990470",0.0035,0.00,16.67,Materials
ASX:BMM,"Bayan Mining and Minerals Limited (ASX:BMM)",https://www.listcorp.com/asx/bmm/bayan-mining-and-minerals-limited,"	2981870",0.031,0.00,0,Materials
ASX:CT1,"Constellation Technologies Limited (ASX:CT1)",https://www.listcorp.com/asx/ct1/constellation-technologies-limited,"	2949470",0.002,0.00,0,"Information Technology"
ASX:CHR,"Charger Metals NL (ASX:CHR)",https://www.listcorp.com/asx/chr/charger-metals-nl,"	2941970",0.039,0.00,2.63,Materials
ASX:TMB,"Tambourah Metals Ltd (ASX:TMB)",https://www.listcorp.com/asx/tmb/tambourah-metals-ltd,"	2939750",0.026,0.00,4,Materials
ASX:KOR,"Korab Resources Limited (ASX:KOR)",https://www.listcorp.com/asx/kor/korab-resources-limited,"	2936400",0.008,0.00,0,Materials
ASX:MOH,"Moho Resources Limited (ASX:MOH)",https://www.listcorp.com/asx/moh/moho-resources-limited,"	2923500",0.004,0.00,0,Materials
ASX:ACM,"Australian Critical Minerals Limited (ASX:ACM)",https://www.listcorp.com/asx/acm/australian-critical-minerals-limited,"	2896750",0.083,0.00,1.22,Materials
ASX:XST,"Xstate Resources Limited (ASX:XST)",https://www.listcorp.com/asx/xst/xstate-resources-limited,"	2893670",0.009,0.00,0,Energy
ASX:GGFD,"Betashares Geared Long U.S. Treasury Bond Fund Currency Hedged (hedge fund) (ASX:GGFD)",https://www.listcorp.com/asx/ggfd/betashares-geared-long-u.s.-treasury-bond-fund-currency-hedged-hedge-fund,"	2878500",19.19,0.00,0,Unclassified
ASX:JAY,"Jayride Group Limited (ASX:JAY)",https://www.listcorp.com/asx/jay/jayride-group-limited,"	2855780",0.002,0.00,0,Industrials
ASX:GMTL,"Global X Green Metal Miners ETF (ASX:GMTL)",https://www.listcorp.com/asx/gmtl/global-x-green-metal-miners-etf,"	2830490",7.22,0.15,2.12,Unclassified
ASX:USIG,"Global  X  USD  Corporate  Bond  ETF (Currency Hedged) (ASX:USIG)",https://www.listcorp.com/asx/usig/global-x-usd-corporate-bond-etf-currency-hedged,"	2820960",9.4,0.00,0,Unclassified
ASX:AAJ,"Aruma Resources Limited (ASX:AAJ)",https://www.listcorp.com/asx/aaj/aruma-resources,"	2775730",0.011,0.00,10,Materials
ASX:CUL,"Cullen Resources Limited (ASX:CUL)",https://www.listcorp.com/asx/cul/cullen-resources,"	2773610",0.004,0.00,0,Materials
ASX:M3M,"M3 Mining Limited (ASX:M3M)",https://www.listcorp.com/asx/m3m/m3-mining-limited,"	2765580",0.033,0.00,0,Materials
ASX:CUS,"Copper Search Limited (ASX:CUS)",https://www.listcorp.com/asx/cus/copper-search-limited,"	2729500",0.022,-0.00,-4.35,Materials
ASX:WEL,"Winchester Energy Limited (ASX:WEL)",https://www.listcorp.com/asx/wel/winchester-energy-limited,"	2726040",0.002,0.00,0,Energy
ASX:BMO,"Bastion Minerals Limited (ASX:BMO)",https://www.listcorp.com/asx/bmo/bastion-minerals-limited,"	2710880",0.003,0.00,0,Materials
ASX:RAS,"Ragusa Minerals Limited (ASX:RAS)",https://www.listcorp.com/asx/ras/ragusa-minerals-limited,"	2709380",0.019,0.00,0,Materials
ASX:GGAB,"Betashares Geared Long Australian Government Bond Fund (hedge fund) (ASX:GGAB)",https://www.listcorp.com/asx/ggab/betashares-geared-long-australian-government-bond-fund-hedge-fund,"	2706250",21.38,-0.27,-1.25,Unclassified
ASX:GHLD,"Global X Global Bullion (Currency Hedged) ETF (ASX:GHLD)",https://www.listcorp.com/asx/ghld/global-x-global-bullion-currency-hedged-etf,"	2705810",52.07,-0.47,-0.89,Unclassified
ASX:SFM,"Santa Fe Minerals Ltd (ASX:SFM)",https://www.listcorp.com/asx/sfm/santa-fe-minerals-ltd,"	2694300",0.037,0.00,0,Materials
ASX:DMM,"DMC Mining Limited (ASX:DMM)",https://www.listcorp.com/asx/dmm/dmc-mining-limited,"	2688300",0.058,0.00,0,Materials
ASX:RMI,"Resource Mining Corporation Limited (ASX:RMI)",https://www.listcorp.com/asx/rmi/resource-mining-corporation-limited,"	2661620",0.004,0.00,0,Materials
ASX:APC,"APC Minerals Limited (ASX:APC)",https://www.listcorp.com/asx/apc/apc-minerals-limited,"	2636400",0.009,0.00,0,Materials
ASX:KFM,"Kingfisher Mining Limited (ASX:KFM)",https://www.listcorp.com/asx/kfm/kingfisher-mining-limited,"	2632040",0.049,0.00,0,Materials
ASX:SIS,"Simble Solutions Limited (ASX:SIS)",https://www.listcorp.com/asx/sis/simble-solutions-limited,"	2628990",0.003,0.00,0,"Information Technology"
ASX:AOA,"Ausmon Resources (ASX:AOA)",https://www.listcorp.com/asx/aoa/ausmon-resources,"	2622430",0.002,0.00,0,Materials
ASX:BPM,"BPM Minerals Limited (ASX:BPM)",https://www.listcorp.com/asx/bpm/bpm-minerals-limited,"	2619010",0.03,0.00,0,Materials
ASX:CPO,"Culpeo Minerals Limited (ASX:CPO)",https://www.listcorp.com/asx/cpo/culpeo-minerals-limited,"	2605950",0.012,0.00,0,Materials
ASX:FTC,"FinTech Chain Limited (ASX:FTC)",https://www.listcorp.com/asx/ftc/fintech-chain-limited,"	2603080",0.004,0.00,0,Financials
ASX:MOM,"Moab Minerals Limited (ASX:MOM)",https://www.listcorp.com/asx/mom/moab-minerals-limited,"	2600500",0.0015,0.00,0,Materials
ASX:DAF,"Discovery Alaska Limited (ASX:DAF)",https://www.listcorp.com/asx/daf/discovery-alaska-limited,"	2576580",0.011,0.00,0,Materials
ASX:DUN,"Dundas Minerals Limited (ASX:DUN)",https://www.listcorp.com/asx/dun/dundas-minerals-limited,"	2573240",0.024,0.00,0,Materials
ASX:1AD,"AdAlta Limited (ASX:1AD)",https://www.listcorp.com/asx/1ad/adalta-limited,"	2572890",0.003,-0.00,-25,"Health Care"
ASX:C7A,"Clara Resources Australia Ltd (ASX:C7A)",https://www.listcorp.com/asx/c7a/clara-resources-australia-ltd,"	2558020",0.005,0.00,0,Materials
ASX:MKL,"Mighty Kingdom Limited (ASX:MKL)",https://www.listcorp.com/asx/mkl/mighty-kingdom-limited,"	2555380",0.007,0.00,0,"Communication Services"
ASX:EMT,"EMetals Limited (ASX:EMT)",https://www.listcorp.com/asx/emt/emetals-limited,"	2550000",0.003,0.00,0,Materials
ASX:XCO2,"VanEck Global Carbon Credits ETF (Synthetic) (ASX:XCO2)",https://www.listcorp.com/asx/xco2/vaneck-global-carbon-credits-etf-synthetic,"	2547850",18,0.00,0,Unclassified
ASX:GNM,"Great Northern Minerals Limited (ASX:GNM)",https://www.listcorp.com/asx/gnm/great-northern-minerals-limited,"	2474060",0.016,0.00,0,Materials
ASX:OSX,"Osteopore Limited (ASX:OSX)",https://www.listcorp.com/asx/osx/osteopore-limited,"	2427990",0.016,0.00,14.29,"Health Care"
ASX:OEQ,"Orion Equities Limited (ASX:OEQ)",https://www.listcorp.com/asx/oeq/orion-equities-limited,"	2425630",0.17,0.02,9.68,Financials
ASX:NTM,"NT Minerals Limited (ASX:NTM)",https://www.listcorp.com/asx/ntm/nt-minerals-limited,"	2421810",0.002,0.00,0,Materials
ASX:IBX,"Imagion Biosystems Limited (ASX:IBX)",https://www.listcorp.com/asx/ibx/imagion-biosystems-limited,"	2416100",0.013,0.00,8.33,"Health Care"
ASX:SQX,"SQX Resources Limited (ASX:SQX)",https://www.listcorp.com/asx/sqx/sqx-resources-limited,"	2406250",0.077,0.00,0,Materials
ASX:OB1,"Orbminco Limited (ASX:OB1)",https://www.listcorp.com/asx/ob1/orbminco-limited,"	2397570",0.001,0.00,0,Materials
ASX:GPEQ,"VanEck Global Listed Private Equity ETF (ASX:GPEQ)",https://www.listcorp.com/asx/gpeq/vaneck-global-listed-private-equity-etf,"	2391370",23.82,0.24,1.02,Unclassified
ASX:PVW,"PVW Resources Limited (ASX:PVW)",https://www.listcorp.com/asx/pvw/pvw-resources-limited,"	2386860",0.012,0.00,0,Materials
ASX:OCT,"Octava Minerals Limited (ASX:OCT)",https://www.listcorp.com/asx/oct/octava-minerals-limited,"	2379360",0.039,0.00,0,Materials
ASX:CZN,"Corazon Mining Limited (ASX:CZN)",https://www.listcorp.com/asx/czn/corazon-mining-limited,"	2369140",0.003,0.00,50,Materials
ASX:DMG,"Dragon Mountain Gold (ASX:DMG)",https://www.listcorp.com/asx/dmg/dragon-mountain-gold,"	2368030",0.006,0.00,0,Materials
ASX:ENT,"Enterprise Metals Limited (ASX:ENT)",https://www.listcorp.com/asx/ent/enterprise-metals-limited,"	2356640",0.002,0.00,0,Materials
ASX:PFT,"Pure Foods Tasmania Limited (ASX:PFT)",https://www.listcorp.com/asx/pft/pure-foods-tasmania-limited,"	2302240",0.017,0.00,0,"Consumer Staples"
ASX:CRB,"Carbine Resources Limited (ASX:CRB)",https://www.listcorp.com/asx/crb/carbine-resources-limited,"	2206950",0.004,0.00,0,Materials
ASX:GCR,"Golden Cross Resources Ltd (ASX:GCR)",https://www.listcorp.com/asx/gcr/golden-cross-resources-ltd,"	2194510",0.002,0.00,0,Materials
ASX:HXL,"Hexima Limited (ASX:HXL)",https://www.listcorp.com/asx/hxl/hexima-limited,"	2171520",0.013,0.00,0,"Health Care"
ASX:OLI,"Oliver's Real Food Limited (ASX:OLI)",https://www.listcorp.com/asx/oli/olivers-real-food-limited,"	2162930",0.004,0.00,0,"Consumer Discretionary"
ASX:HCD,"Hydrocarbon Dynamics Limited (ASX:HCD)",https://www.listcorp.com/asx/hcd/hydrocarbon-dynamics-limited,"	2156220",0.002,0.00,0,Energy
ASX:SKN,"Skin Elements Limited (ASX:SKN)",https://www.listcorp.com/asx/skn/skin-elements-limited,"	2150430",0.002,0.00,0,"Consumer Staples"
ASX:TKL,"Traka Resources Limited (ASX:TKL)",https://www.listcorp.com/asx/tkl/traka-resources-limited,"	2125790",0.001,0.00,0,Materials
ASX:AM7,"Arcadia Minerals Limited (ASX:AM7)",https://www.listcorp.com/asx/am7/arcadia-minerals-limited,"	2112900",0.018,0.00,0,Materials
ASX:BOA,"Boadicea Resources Ltd (ASX:BOA)",https://www.listcorp.com/asx/boa/boadicea-resources,"	2097000",0.017,0.00,0,Materials
ASX:CGO,"CPT Global Limited (ASX:CGO)",https://www.listcorp.com/asx/cgo/cpt-global,"	2094870",0.05,0.00,0,"Information Technology"
ASX:1TT,"Thrive Tribe Technologies Limited (ASX:1TT)",https://www.listcorp.com/asx/1tt/thrive-tribe-technologies-limited,"	2031720",0.001,0.00,0,"Information Technology"
ASX:CR9,"Corella Resources Ltd (ASX:CR9)",https://www.listcorp.com/asx/cr9/corella-resources-ltd,"	2011210",0.002,0.00,0,Materials
ASX:AOK,"Australian Oil Company Limited (ASX:AOK)",https://www.listcorp.com/asx/aok/australian-oil-company-limited,"	2003570",0.002,0.00,0,Energy
ASX:IS3,"I Synergy Group Limited (ASX:IS3)",https://www.listcorp.com/asx/is3/i-synergy-group-limited,"	2002920",0.004,0.00,0,"Information Technology"
ASX:WBE,"Whitebark Energy Limited (ASX:WBE)",https://www.listcorp.com/asx/wbe/whitebark-energy-limited,"	1999530",0.006,0.00,20,Energy
ASX:WSR,"Westar Resources Limited (ASX:WSR)",https://www.listcorp.com/asx/wsr/westar-resources-limited,"	1993620",0.005,0.00,0,Materials
ASX:MQYM,"Macquarie Global Yield Maximiser Active ETF (ASX:MQYM)",https://www.listcorp.com/asx/mqym/macquarie-global-yield-maximiser-active-etf,"	1963820",49.05,0.00,0,Unclassified
ASX:GSM,"Golden State Mining Limited (ASX:GSM)",https://www.listcorp.com/asx/gsm/golden-state-mining-limited,"	1955590",0.007,0.00,0,Materials
ASX:OM1,"Omnia Metals Group Limited (ASX:OM1)",https://www.listcorp.com/asx/om1/omnia-metals-group-limited,"	1953820",0.009,0.00,0,Materials
ASX:AO1,"AssetOwl Limited (ASX:AO1)",https://www.listcorp.com/asx/ao1/assetowl-limited,"	1947130",0.001,0.00,0,"Information Technology"
ASX:MRD,"Mount Ridley Mines Limited (ASX:MRD)",https://www.listcorp.com/asx/mrd/mount-ridley-mines-limited,"	1946220",0.002,-0.00,-20,Materials
ASX:TX3,"Trinex Minerals Limited (ASX:TX3)",https://www.listcorp.com/asx/tx3/trinex-minerals-limited,"	1928650",0.001,0.00,0,Materials
ASX:DBO,"Diablo Resources Limited (ASX:DBO)",https://www.listcorp.com/asx/dbo/diablo-resources-limited,"	1891620",0.014,0.00,0,Materials
ASX:RAN,"Range International Limited (ASX:RAN)",https://www.listcorp.com/asx/ran/range-international-limited,"	1878580",0.002,0.00,0,Materials
ASX:OAK,"Oakridge International Limited (ASX:OAK)",https://www.listcorp.com/asx/oak/oakridge-international-limited,"	1862860",0.069,0.00,0,"Information Technology"
ASX:T3MP,"JPMorgan Climate Change Solutions Active ETF (Managed Fund) (ASX:T3MP)",https://www.listcorp.com/asx/t3mp/jpmorgan-climate-change-solutions-active-etf-managed-fund,"	1822200",60.74,0.00,0,Unclassified
ASX:GOOD,"Janus Henderson Sustainable Credit Active ETF (Managed Fund) (ASX:GOOD)",https://www.listcorp.com/asx/good/janus-henderson-sustainable-credit-active-etf-managed-fund,"	1794720",51.03,0.00,0,Unclassified
ASX:RNE,"Renu Energy Limited (ASX:RNE)",https://www.listcorp.com/asx/rne/renu-energy-limited,"	1771920",0.2,0.00,0,Utilities
ASX:TFL,"TasFoods Limited (ASX:TFL)",https://www.listcorp.com/asx/tfl/tasfoods-limited,"	1748380",0.004,0.00,0,"Consumer Staples"
ASX:BSN,"Basin Energy Limited (ASX:BSN)",https://www.listcorp.com/asx/bsn/basin-energy-limited,"	1719610",0.014,0.00,0,Energy
ASX:LRD,"Lord Resources Limited (ASX:LRD)",https://www.listcorp.com/asx/lrd/lord-resources-limited,"	1703370",0.022,0.00,0,Materials
ASX:RIE,"Riedel Resources Limited (ASX:RIE)",https://www.listcorp.com/asx/rie/riedel-resources-limited,"	1667880",0.031,0.00,3.33,Materials
ASX:CNJ,"Conico Ltd (ASX:CNJ)",https://www.listcorp.com/asx/cnj/conico-ltd,"	1662410",0.007,0.00,0,Materials
ASX:RFA,"Rare Foods Australia Ltd (ASX:RFA)",https://www.listcorp.com/asx/rfa/rare-foods-australia-ltd,"	1631900",0.006,0.00,0,"Consumer Staples"
ASX:PIM,"Pinnacle Minerals Limited (ASX:PIM)",https://www.listcorp.com/asx/pim/pinnacle-minerals-limited,"	1591220",0.035,0.00,0,Materials
ASX:ULTB,"iShares 20+ Year U.S. Treasury Bond (AUD Hedged) ETF (ASX:ULTB)",https://www.listcorp.com/asx/ultb/ishares-20-year-u.s.-treasury-bond-aud-hedged-etf,"	1588140",90.32,-0.40,-0.44,Unclassified
ASX:RLC,"Reedy Lagoon Corporation (ASX:RLC)",https://www.listcorp.com/asx/rlc/reedy-lagoon-corporation,"	1553410",0.002,0.00,0,Materials
ASX:CLZ,"Classic Minerals Limited (ASX:CLZ)",https://www.listcorp.com/asx/clz/classic-minerals-limited,"	1544030",0.001,0.00,0,Materials
ASX:SRY,"Story-I Limited (ASX:SRY)",https://www.listcorp.com/asx/sry/story-i-limited,"	1505620",0.004,0.00,0,"Consumer Discretionary"
ASX:WFL,"Wellfully Limited (ASX:WFL)",https://www.listcorp.com/asx/wfl/wellfully-limited,"	1478830",0.003,0.00,0,"Health Care"
ASX:PLG,"Pearl Gull Iron Limited (ASX:PLG)",https://www.listcorp.com/asx/plg/pearl-gull-iron-limited,"	1431790",0.007,0.00,0,Materials
ASX:SLZ,"Sultan Resources Ltd (ASX:SLZ)",https://www.listcorp.com/asx/slz/sultan-resources-ltd,"	1388820",0.006,0.00,0,Materials
ASX:IFG,"Infocus Group Holdings Limited (ASX:IFG)",https://www.listcorp.com/asx/ifg/infocus-group-holdings-limited,"	1312130",0.005,0.00,0,"Information Technology"
ASX:AIV,"ActivEX Limited (ASX:AIV)",https://www.listcorp.com/asx/aiv/activex-limited,"	1293020",0.006,0.00,0,Materials
ASX:AVW,"Avira Resources Limited (ASX:AVW)",https://www.listcorp.com/asx/avw/avira-resources-limited,"	1281790",0.007,0.00,0,Materials
ASX:ANR,"Anatara Lifesciences Ltd (ASX:ANR)",https://www.listcorp.com/asx/anr/anatara-lifesciences,"	1280300",0.005,-0.00,-16.67,"Health Care"
ASX:ATM,"Aneka Tambang (Persero) Tbk (ASX:ATM)",https://www.listcorp.com/asx/atm/aneka-tambang-persero-tbk,"	1238470",1,0.05,5.26,Materials
ASX:T3D,"333D Limited (ASX:T3D)",https://www.listcorp.com/asx/t3d/333d-limited,"	1233280",0.007,0.00,0,Industrials
ASX:WNR,"Wingara AG Limited (ASX:WNR)",https://www.listcorp.com/asx/wnr/wingara-ag-limited,"	1228800",0.007,0.00,0,"Consumer Staples"
ASX:KLR,"Kaili Resources Limited (ASX:KLR)",https://www.listcorp.com/asx/klr/kaili-resources-limited,"	1179200",0.008,0.00,0,Energy
ASX:PRM,"Prominence Energy Limited (ASX:PRM)",https://www.listcorp.com/asx/prm/prominence-energy-limited,"	1167530",0.003,0.00,0,Energy
ASX:88E,"88 Energy Limited (ASX:88E)",https://www.listcorp.com/asx/88e/88-energy-limited,"	1157350",0.001,0.00,0,Energy
ASX:CYQ,"Cycliq Group Limited (ASX:CYQ)",https://www.listcorp.com/asx/cyq/cycliq-group-limited,"	1151290",0.0025,0.00,0,"Consumer Discretionary"
ASX:EMS,"Eastern Metals Limited (ASX:EMS)",https://www.listcorp.com/asx/ems/eastern-metals-limited,"	1136760",0.01,0.00,0,Materials
ASX:FHCO,"Fidelity Australian High Conviction Active ETF (ASX:FHCO)",https://www.listcorp.com/asx/fhco/fidelity-australian-high-conviction-active-etf,"	1124820",8.99,0.00,0,Unclassified
ASX:BBFD,"BetaShares Geared Short U.S. Treasury Bond Fund  Currency Hedged (hedge fund) (ASX:BBFD)",https://www.listcorp.com/asx/bbfd/betashares-geared-short-u.s.-treasury-bond-fund-currency-hedged-hedge-fund,"	1124700",19.93,0.37,1.89,Unclassified
ASX:OKJ,"Oakajee Corporation (ASX:OKJ)",https://www.listcorp.com/asx/okj/oakajee,"	1097350",0.012,0.00,0,Materials
ASX:KEY,"Key Petroleum Limited (ASX:KEY)",https://www.listcorp.com/asx/key/key-petroleum-limited,"	1082720",0.043,0.00,0,Energy
ASX:QUE,"Queste Communications Ltd (ASX:QUE)",https://www.listcorp.com/asx/que/queste-communications-ltd,"	1055820",0.04,0.00,2.56,Financials
ASX:MTB,"Mount Burgess Mining NL (ASX:MTB)",https://www.listcorp.com/asx/mtb/mount-burgess-mining,"	1055110",0.0025,-0.00,-16.67,Materials
ASX:SAN,"Sagalio Energy Limited (ASX:SAN)",https://www.listcorp.com/asx/san/sagalio-energy-limited,"	1023300",0.005,0.00,0,Energy
ASX:MSG,"MCS Services Limited (ASX:MSG)",https://www.listcorp.com/asx/msg/mcs-services-limited,"	990498",0.006,0.00,20,Industrials
ASX:ASAO,"abrdn Sustainable Asian Opportunities Active ETF (Managed Fund) (ASX:ASAO)",https://www.listcorp.com/asx/asao/abrdn-sustainable-asian-opportunities-active-etf-managed-fund,"	989172",1.11,0.00,0,Unclassified
ASX:RPG,"Raptis Group Limited (ASX:RPG)",https://www.listcorp.com/asx/rpg/raptis-group-limited,"	888809",0.014,0.00,0,"Real Estate"
ASX:FCG,"Freedom Care Group Holdings Limited (ASX:FCG)",https://www.listcorp.com/asx/fcg/freedom-care-group-holdings-limited,"	883705",0.037,0.00,0,"Health Care"
ASX:IVT,"Inventis Limited (ASX:IVT)",https://www.listcorp.com/asx/ivt/inventis,"	764244",0.01,0.00,0,Industrials
ASX:BEL,"Bentley Capital Limited (ASX:BEL)",https://www.listcorp.com/asx/bel/bentley-capital-limited,"	685151",0.011,0.00,22.22,Financials
ASX:ICU,"Investor Centre Limited (ASX:ICU)",https://www.listcorp.com/asx/icu/investor-centre-limited,"	609023",0.002,0.00,0,Financials
ASX:TAS,"Tasman Resources Ltd (ASX:TAS)",https://www.listcorp.com/asx/tas/tasman-resources,"	563675",0.0035,0.00,0,Materials
ASX:MBX,"My Foodie Box Limited (ASX:MBX)",https://www.listcorp.com/asx/mbx/my-foodie-box-limited,"	556653",0.004,0.00,0,"Consumer Staples"
ASX:MSI,"Multistack International Limited (ASX:MSI)",https://www.listcorp.com/asx/msi/multistack-international-limited,"	545216",0.004,0.00,0,Industrials
ASX:BBAB,"BetaShares Geared Short Australian Government Bond Fund (hedge fund) (ASX:BBAB)",https://www.listcorp.com/asx/bbab/betashares-geared-short-australian-government-bond-fund-hedge-fund,"	478674",18.34,0.00,0,Unclassified
ASX:TTA,"TTA Holdings Limited (ASX:TTA)",https://www.listcorp.com/asx/tta/tta-holdings-limited,"	412270",0.003,0.00,0,"Consumer Discretionary"
ASX:HCF,"H&G High Conviction Limited (ASX:HCF)",https://www.listcorp.com/asx/hcf/h-and-g-high-conviction-limited,"	388130",0.02,0.00,0,Financials
ASX:CIIH,"ClearBridge Global Infrastructure Income Fund (Hedged) Active ETF (ASX:CIIH)",https://www.listcorp.com/asx/ciih/clearbridge-global-infrastructure-income-fund-hedged-active-etf,"	0",1.465,0.00,0,Unclassified
